v -0.341140 0.430394 -0.007273
v 0.341134 0.430388 -0.007293
v -0.350537 -0.522130 0.010948
v 0.350574 -0.522126 0.011030
v -0.000023 -0.432679 0.680689
v -0.000000 0.305079 0.625898
v -0.000000 -0.303667 -0.623016
v -0.000021 0.401396 -0.679867
v 0.615153 0.001626 -0.390055
v 0.634265 -0.000940 0.391030
v -0.615136 0.001632 -0.390051
v -0.634262 -0.000931 0.391028
v -0.000004 0.501892 -0.035661
v -0.203490 0.374509 0.319433
v -0.223546 0.586185 -0.417265
v -0.536376 0.288204 -0.203950
v -0.559150 0.288732 0.216832
v 0.203488 0.374505 0.319431
v 0.223615 0.586413 -0.417262
v 0.536386 0.288194 -0.203964
v 0.559139 0.288716 0.216828
v -0.000026 -0.606446 0.033771
v -0.219364 -0.563898 0.436255
v -0.198457 -0.465023 -0.311516
v -0.540068 -0.280418 -0.202899
v -0.547917 -0.305623 0.216803
v 0.219565 -0.563350 0.436068
v 0.199058 -0.465301 -0.311162
v 0.540061 -0.280377 -0.202895
v 0.547886 -0.305591 0.216792
v 0.000009 -0.003752 0.710168
v 0.349515 -0.211594 0.576394
v -0.349534 -0.211555 0.576394
v 0.350958 0.206292 0.572308
v -0.350976 0.206283 0.572314
v -0.000016 0.012980 -0.708972
v 0.344232 -0.200302 -0.570285
v -0.344234 -0.200299 -0.570291
v 0.366533 0.214264 -0.616344
v -0.366511 0.214312 -0.616249
v 0.723020 0.000601 0.010681
v -0.723016 0.000607 0.010680
v -0.153541 0.472629 -0.024062
v -0.281547 0.414894 0.132176
v -0.272431 0.460800 -0.181974
v -0.444820 0.388561 -0.091788
v -0.454413 0.366584 0.093247
v 0.153516 0.472631 -0.024035
v 0.281554 0.414913 0.132174
v 0.272400 0.460743 -0.181934
v 0.444805 0.388539 -0.091788
v 0.454438 0.366581 0.093247
v -0.184789 -0.592832 -0.002813
v -0.297022 -0.525103 0.179581
v -0.329635 -0.597839 -0.163555
v -0.434890 -0.409452 -0.075498
v -0.451991 -0.432466 0.116165
v 0.184891 -0.592829 -0.002794
v 0.296965 -0.525194 0.179601
v 0.329371 -0.596155 -0.162074
v 0.434877 -0.409625 -0.075565
v 0.451979 -0.432573 0.116136
v -0.135560 -0.589567 0.641479
v 0.135848 -0.590210 0.641405
v -0.000015 -0.223880 0.719219
v 0.175232 -0.347136 0.662135
v -0.175231 -0.347064 0.662089
v -0.100679 0.331060 0.511517
v 0.100678 0.331061 0.511511
v 0.000004 0.214243 0.678198
v 0.165159 0.286480 0.624281
v -0.165156 0.286477 0.624282
v -0.095885 -0.350122 -0.496225
v 0.095811 -0.350100 -0.496256
v -0.000007 -0.210006 -0.669794
v 0.162568 -0.279593 -0.621468
v -0.162554 -0.279599 -0.621464
v -0.129348 0.566014 -0.612856
v 0.120901 0.540312 -0.600482
v 0.000058 0.241612 -0.791071
v 0.183109 0.336346 -0.691553
v -0.182943 0.336512 -0.691360
v 0.597235 0.134411 -0.318880
v 0.592443 -0.136050 -0.314739
v 0.506374 -0.084084 -0.485108
v 0.512650 0.088578 -0.494045
v 0.673921 0.001240 -0.209921
v 0.609610 0.138958 0.315864
v 0.611236 -0.138060 0.315854
v 0.521231 -0.085335 0.487961
v 0.517638 0.086916 0.486275
v 0.703531 0.000344 0.223968
v -0.597261 0.134421 -0.318899
v -0.592432 -0.136056 -0.314735
v -0.506373 -0.084088 -0.485105
v -0.512663 0.088574 -0.494067
v -0.673896 0.001250 -0.209921
v -0.609586 0.138964 0.315837
v -0.611215 -0.138070 0.315858
v -0.521218 -0.085366 0.487958
v -0.517635 0.086924 0.486268
v -0.703534 0.000360 0.223966
v -0.083565 0.447506 0.118016
v -0.068188 0.517449 -0.198789
v 0.083569 0.447500 0.118028
v 0.068103 0.517440 -0.198783
v -0.404290 0.340451 0.293880
v 0.000001 0.388005 0.318449
v -0.305457 0.312262 0.490275
v -0.357581 0.415943 -0.310275
v 0.000007 0.666589 -0.445568
v -0.297149 0.407279 -0.518294
v -0.577419 0.296792 0.013016
v -0.466472 0.263646 -0.421825
v -0.649533 0.153645 -0.093111
v -0.477508 0.266053 0.417177
v -0.658768 0.157950 0.115551
v 0.404290 0.340451 0.293879
v 0.305452 0.312263 0.490281
v 0.357649 0.415835 -0.310205
v 0.297211 0.407576 -0.518275
v 0.577423 0.296802 0.013021
v 0.466528 0.263581 -0.421876
v 0.649516 0.153635 -0.093118
v 0.477498 0.266050 0.417174
v 0.658739 0.157920 0.115565
v -0.075129 -0.574618 0.194594
v -0.117411 -0.605550 -0.157499
v 0.075089 -0.574674 0.194595
v 0.117578 -0.605837 -0.157491
v -0.405777 -0.455576 0.325650
v 0.000310 -0.572435 0.436222
v -0.318264 -0.449507 0.542738
v -0.376773 -0.368700 -0.278724
v -0.000051 -0.486544 -0.325719
v -0.294447 -0.312021 -0.486714
v -0.575536 -0.299594 0.016769
v -0.464752 -0.255421 -0.418500
v -0.647101 -0.155994 -0.092089
v -0.468758 -0.282766 0.412614
v -0.658761 -0.159217 0.115427
v 0.405797 -0.455715 0.325717
v 0.318309 -0.449591 0.542763
v 0.376587 -0.368852 -0.278684
v 0.294383 -0.311968 -0.486792
v 0.575521 -0.299551 0.016766
v 0.464780 -0.255387 -0.418502
v 0.647111 -0.155986 -0.092106
v 0.468717 -0.282767 0.412606
v 0.658776 -0.159219 0.115419
v 0.193029 -0.108255 0.691431
v -0.193058 -0.108298 0.691435
v 0.190970 0.107711 0.669852
v -0.190971 0.107724 0.669859
v 0.376338 -0.000404 0.610272
v -0.376330 -0.000419 0.610250
v 0.186459 -0.104973 -0.662594
v -0.186452 -0.104880 -0.662557
v 0.208311 0.128404 -0.740854
v -0.208345 0.128389 -0.740942
v 0.372721 0.004789 -0.612220
v -0.372751 0.004792 -0.612258
v -0.260392 0.449750 -0.015275
v -0.315137 0.426489 0.053259
v -0.310394 0.441598 -0.079107
v -0.394192 0.414599 -0.044052
v -0.394104 0.404168 0.035166
v 0.260391 0.449729 -0.015263
v 0.315135 0.426486 0.053247
v 0.310498 0.441518 -0.079005
v 0.394180 0.414593 -0.044066
v 0.394096 0.404165 0.035152
v -0.280196 -0.556531 -0.001816
v -0.332995 -0.525723 0.081628
v -0.329296 -0.548095 -0.061050
v -0.389524 -0.479997 -0.026136
v -0.405418 -0.489758 0.062408
v 0.280327 -0.556406 -0.001655
v 0.332966 -0.525768 0.081644
v 0.329620 -0.547740 -0.060820
v 0.389602 -0.479974 -0.026078
v 0.405358 -0.489871 0.062359
v -0.055937 -0.499475 0.664170
v 0.055936 -0.499214 0.664069
v 0.000007 -0.337947 0.693539
v 0.081909 -0.402610 0.684754
v -0.081948 -0.402553 0.684698
v -0.045074 0.314393 0.587550
v 0.045074 0.314396 0.587553
v 0.000006 0.290675 0.651739
v 0.072262 0.300175 0.629915
v -0.072261 0.300169 0.629910
v -0.044292 -0.317039 -0.582476
v 0.044239 -0.317041 -0.582478
v 0.000008 -0.284371 -0.649203
v 0.071868 -0.296231 -0.627195
v -0.071865 -0.296248 -0.627207
v -0.051785 0.463499 -0.649473
v 0.051562 0.463277 -0.647255
v 0.000026 0.328693 -0.722464
v 0.081498 0.375742 -0.688706
v -0.081592 0.376048 -0.688986
v 0.616018 0.052091 -0.363769
v 0.613418 -0.049527 -0.361859
v 0.576013 -0.028599 -0.437842
v 0.577509 0.032152 -0.438859
v 0.644319 0.001294 -0.319565
v 0.632347 0.054621 0.362526
v 0.631969 -0.056471 0.362644
v 0.591418 -0.035445 0.437297
v 0.590811 0.033235 0.436549
v 0.668261 -0.000394 0.319558
v -0.616023 0.052093 -0.363781
v -0.613404 -0.049547 -0.361861
v -0.575995 -0.028617 -0.437829
v -0.577514 0.032170 -0.438868
v -0.644281 0.001293 -0.319552
v -0.632382 0.054621 0.362542
v -0.631964 -0.056460 0.362655
v -0.591392 -0.035450 0.437288
v -0.590829 0.033222 0.436558
v -0.668234 -0.000375 0.319543
v -0.042417 0.496190 -0.030815
v 0.042396 0.496181 -0.030837
v -0.025305 0.486885 0.010545
v -0.011024 0.509244 -0.085747
v 0.025311 0.486878 0.010558
v 0.011026 0.509225 -0.085756
v -0.244798 0.395916 0.222299
v -0.155084 0.351851 0.417952
v -0.143683 0.410367 0.220967
v -0.308684 0.359296 0.314783
v -0.100204 0.384016 0.318921
v -0.260555 0.340656 0.413048
v -0.251384 0.521797 -0.300548
v -0.176487 0.573560 -0.509105
v -0.149437 0.567335 -0.320348
v -0.421902 0.584774 -0.386491
v -0.179648 0.783084 -0.450174
v -0.270615 0.511968 -0.472001
v -0.491401 0.345518 -0.144764
v -0.571557 0.216086 -0.265107
v -0.454661 0.344735 -0.256657
v -0.562612 0.296150 -0.090438
v -0.506579 0.277781 -0.317840
v -0.598068 0.227711 -0.148354
v -0.513380 0.328219 0.157001
v -0.588443 0.227767 0.268200
v -0.488954 0.319270 0.260629
v -0.576020 0.294163 0.113658
v -0.524685 0.280205 0.319755
v -0.615348 0.236737 0.166656
v 0.244781 0.395889 0.222294
v 0.155083 0.351851 0.417948
v 0.143684 0.410374 0.220972
v 0.100212 0.384036 0.318933
v 0.308683 0.359300 0.314782
v 0.260559 0.340653 0.413058
v 0.251329 0.521736 -0.300526
v 0.177527 0.576162 -0.510271
v 0.149476 0.567270 -0.320415
v 0.179605 0.783095 -0.450082
v 0.421898 0.584732 -0.386316
v 0.270839 0.512855 -0.472176
v 0.491401 0.345496 -0.144771
v 0.571569 0.216106 -0.265119
v 0.454633 0.344693 -0.256681
v 0.562613 0.296160 -0.090435
v 0.506579 0.277750 -0.317866
v 0.598044 0.227708 -0.148355
v 0.513386 0.328211 0.157001
v 0.588436 0.227778 0.268200
v 0.488970 0.319267 0.260628
v 0.576026 0.294178 0.113661
v 0.524688 0.280203 0.319747
v 0.615346 0.236756 0.166663
v -0.084582 -0.599733 0.011013
v 0.084543 -0.599761 0.010971
v -0.022749 -0.603231 0.092985
v -0.059891 -0.589301 -0.047616
v 0.022697 -0.603225 0.092990
v 0.059809 -0.589352 -0.047627
v -0.252237 -0.524161 0.298768
v -0.217202 -0.773345 0.584692
v -0.141758 -0.546780 0.317998
v -0.313727 -0.502704 0.384940
v -0.119600 -0.590327 0.447625
v -0.286964 -0.551305 0.507545
v -0.277789 -0.561417 -0.266206
v -0.146731 -0.398253 -0.402354
v -0.165364 -0.569770 -0.255603
v -0.285098 -0.420162 -0.295873
v -0.103956 -0.481212 -0.323771
v -0.242642 -0.372201 -0.395222
v -0.489597 -0.340238 -0.136184
v -0.571250 -0.219485 -0.264584
v -0.464794 -0.322942 -0.248813
v -0.565362 -0.291947 -0.087920
v -0.510383 -0.268321 -0.318370
v -0.598775 -0.230006 -0.147381
v -0.500774 -0.372385 0.168066
v -0.584039 -0.225555 0.265875
v -0.474880 -0.377577 0.269568
v -0.568416 -0.305341 0.116664
v -0.512421 -0.298548 0.316792
v -0.612490 -0.236085 0.165358
v 0.252255 -0.524224 0.298697
v 0.221887 -0.772291 0.581217
v 0.141810 -0.546856 0.317968
v 0.120238 -0.590500 0.447363
v 0.313756 -0.502737 0.384863
v 0.287296 -0.550945 0.507319
v 0.279613 -0.561698 -0.265202
v 0.146764 -0.398286 -0.402283
v 0.166213 -0.570190 -0.255498
v 0.104134 -0.481332 -0.323611
v 0.285122 -0.420386 -0.295649
v 0.242603 -0.372121 -0.395147
v 0.489502 -0.340281 -0.136176
v 0.571260 -0.219462 -0.264577
v 0.464620 -0.323032 -0.248792
v 0.565371 -0.291894 -0.087915
v 0.510391 -0.268260 -0.318364
v 0.598790 -0.229964 -0.147377
v 0.500733 -0.372421 0.168040
v 0.584042 -0.225533 0.265870
v 0.474844 -0.377607 0.269584
v 0.568403 -0.305317 0.116646
v 0.512375 -0.298519 0.316787
v 0.612519 -0.236062 0.165346
v -0.000011 -0.111774 0.730376
v 0.000010 0.108201 0.698364
v 0.097253 -0.056500 0.707113
v -0.097220 -0.056553 0.707038
v 0.096058 0.052242 0.693689
v -0.096052 0.052256 0.693692
v 0.263324 -0.282275 0.623863
v 0.438996 -0.144283 0.533831
v 0.330530 -0.330215 0.554789
v 0.411548 -0.251777 0.499195
v 0.275010 -0.162843 0.638419
v 0.369925 -0.101414 0.600886
v -0.263375 -0.282198 0.623849
v -0.439004 -0.144296 0.533817
v -0.330570 -0.330123 0.554800
v -0.411539 -0.251701 0.499183
v -0.275028 -0.162847 0.638395
v -0.369935 -0.101456 0.600889
v 0.259289 0.250307 0.603213
v 0.437239 0.149170 0.533847
v 0.333287 0.280878 0.540672
v 0.418222 0.242286 0.502589
v 0.273768 0.159073 0.628153
v 0.365726 0.102950 0.595289
v -0.259299 0.250289 0.603208
v -0.437247 0.149179 0.533862
v -0.333310 0.280883 0.540672
v -0.418235 0.242270 0.502589
v -0.273779 0.159072 0.628157
v -0.365730 0.102958 0.595293
v -0.000027 -0.104918 -0.686497
v 0.000011 0.127513 -0.761264
v 0.096596 -0.048126 -0.692268
v -0.096601 -0.048129 -0.692270
v 0.100828 0.070017 -0.726791
v -0.100858 0.070098 -0.726805
v 0.257376 -0.247745 -0.601937
v 0.426360 -0.142897 -0.528516
v 0.325772 -0.271089 -0.540554
v 0.408989 -0.233883 -0.502881
v 0.272112 -0.158288 -0.623362
v 0.361493 -0.101237 -0.593688
v -0.257369 -0.247739 -0.601945
v -0.426374 -0.142909 -0.528533
v -0.325758 -0.271086 -0.540528
v -0.408983 -0.233875 -0.502883
v -0.272113 -0.158293 -0.623358
v -0.361484 -0.101227 -0.593684
v 0.275919 0.278277 -0.660756
v 0.444293 0.152871 -0.558449
v 0.330277 0.307858 -0.565938
v 0.415843 0.240924 -0.519258
v 0.299746 0.180809 -0.696773
v 0.375194 0.115053 -0.624108
v -0.275966 0.278461 -0.660901
v -0.444303 0.152858 -0.558460
v -0.330211 0.308091 -0.566168
v -0.415780 0.241029 -0.519210
v -0.299750 0.180868 -0.696752
v -0.375189 0.115043 -0.624109
v 0.705067 0.001018 -0.091514
v 0.715524 0.000438 0.116600
v 0.699785 0.072482 -0.038348
v 0.701213 0.075768 0.062955
v 0.695886 -0.074194 -0.037614
v 0.698803 -0.077057 0.063626
v -0.705044 0.001052 -0.091519
v -0.715554 0.000456 0.116596
v -0.699779 0.072505 -0.038345
v -0.701193 0.075785 0.062957
v -0.695881 -0.074175 -0.037603
v -0.698793 -0.077053 0.063628
v -0.218047 0.448684 0.053773
v -0.211104 0.468757 -0.099992
v -0.111339 0.469012 0.039886
v -0.097449 0.492717 -0.099180
v -0.374752 0.391956 0.119492
v -0.180750 0.433190 0.130597
v -0.344077 0.376651 0.213222
v -0.362710 0.426183 -0.141183
v -0.172619 0.496643 -0.201350
v -0.323644 0.449302 -0.262602
v -0.457644 0.377655 0.001233
v -0.410511 0.398450 -0.197989
v -0.513528 0.342396 -0.041494
v -0.436668 0.354170 0.191305
v -0.522386 0.336614 0.056753
v 0.218051 0.448675 0.053759
v 0.211099 0.468714 -0.099911
v 0.111335 0.469020 0.039876
v 0.097453 0.492697 -0.099166
v 0.374745 0.391942 0.119490
v 0.180754 0.433190 0.130592
v 0.344023 0.376649 0.213205
v 0.362695 0.426151 -0.141157
v 0.172596 0.496605 -0.201339
v 0.323641 0.449211 -0.262567
v 0.457637 0.377642 0.001225
v 0.410489 0.398383 -0.197975
v 0.513532 0.342390 -0.041489
v 0.436653 0.354160 0.191303
v 0.522382 0.336603 0.056752
v -0.232246 -0.553243 0.088210
v -0.265969 -0.650230 -0.066769
v -0.117377 -0.581797 0.089512
v -0.151753 -0.647262 -0.075840
v -0.396169 -0.495839 0.154409
v -0.185387 -0.550350 0.194267
v -0.365312 -0.500518 0.261883
v -0.362712 -0.483086 -0.116985
v -0.229121 -0.760614 -0.215787
v -0.335333 -0.469695 -0.212736
v -0.451595 -0.420520 0.020563
v -0.408479 -0.395959 -0.176161
v -0.512474 -0.350036 -0.028139
v -0.435737 -0.443546 0.217194
v -0.513427 -0.363104 0.069652
v 0.232230 -0.553339 0.088270
v 0.267029 -0.649521 -0.067113
v 0.117250 -0.581850 0.089474
v 0.151843 -0.647577 -0.075675
v 0.396155 -0.495933 0.154385
v 0.185347 -0.550384 0.194254
v 0.365327 -0.500571 0.261959
v 0.362779 -0.483048 -0.116733
v 0.229509 -0.760314 -0.216368
v 0.335532 -0.469695 -0.212312
v 0.451582 -0.420629 0.020534
v 0.408370 -0.396188 -0.176139
v 0.512419 -0.350032 -0.028141
v 0.435725 -0.443633 0.217209
v 0.513380 -0.363143 0.069615
v 0.000082 -0.528463 0.614094
v -0.164928 -0.472341 0.656085
v -0.078255 -0.588000 0.548902
v -0.276561 -0.575611 0.653439
v 0.164948 -0.472521 0.656126
v 0.078703 -0.589523 0.548806
v 0.276473 -0.575642 0.653491
v 0.090559 -0.283200 0.697733
v -0.090619 -0.283151 0.697791
v 0.096943 -0.165795 0.721655
v -0.096982 -0.165815 0.721642
v 0.264554 -0.418247 0.631690
v 0.183318 -0.224397 0.675358
v -0.264698 -0.418017 0.631668
v -0.183348 -0.224385 0.675319
v -0.000000 0.333951 0.510899
v -0.140163 0.309655 0.583238
v -0.051119 0.358285 0.418146
v -0.203908 0.323672 0.505866
v 0.140166 0.309652 0.583241
v 0.051117 0.358290 0.418156
v 0.203905 0.323669 0.505861
v 0.085439 0.252943 0.655862
v -0.085435 0.252934 0.655862
v 0.092543 0.161469 0.677983
v -0.092532 0.161473 0.677990
v 0.238661 0.300093 0.568115
v 0.181552 0.213581 0.650567
v -0.238665 0.300090 0.568101
v -0.181552 0.213577 0.650571
v -0.000041 -0.356439 -0.495624
v -0.137083 -0.309135 -0.579941
v -0.049316 -0.411161 -0.405709
v -0.195780 -0.332220 -0.497229
v 0.137042 -0.309131 -0.579962
v 0.049240 -0.411176 -0.405687
v 0.195690 -0.332191 -0.497303
v 0.085747 -0.254149 -0.655736
v -0.085743 -0.254144 -0.655737
v 0.094262 -0.163696 -0.676152
v -0.094286 -0.163694 -0.676149
v 0.233574 -0.294528 -0.564873
v 0.177544 -0.207743 -0.644403
v -0.233591 -0.294541 -0.564840
v -0.177544 -0.207743 -0.644401
v 0.000229 0.546330 -0.598656
v -0.158678 0.437700 -0.646642
v -0.065559 0.600743 -0.518815
v -0.220626 0.484516 -0.572030
v 0.158197 0.436520 -0.646017
v 0.065683 0.601599 -0.520153
v 0.221058 0.486870 -0.572510
v 0.098944 0.287355 -0.744066
v -0.098760 0.287301 -0.743753
v 0.107526 0.186955 -0.774329
v -0.107490 0.186964 -0.774297
v 0.249019 0.378566 -0.615811
v 0.211874 0.244837 -0.758171
v -0.248892 0.378686 -0.615863
v -0.211778 0.244870 -0.758161
v 0.558500 0.115320 -0.410598
v 0.644017 0.064765 -0.265999
v 0.541430 0.202378 -0.373122
v 0.623042 0.145136 -0.207320
v 0.551327 -0.113432 -0.404191
v 0.640657 -0.064872 -0.264049
v 0.533249 -0.203871 -0.366901
v 0.620462 -0.147355 -0.205834
v 0.522650 0.001950 -0.500017
v 0.483763 -0.178822 -0.456420
v 0.444698 -0.045411 -0.551246
v 0.494304 0.178708 -0.467473
v 0.447744 0.053107 -0.558287
v 0.673094 0.070387 -0.150318
v 0.668819 -0.071285 -0.149539
v 0.570097 0.118651 0.406416
v 0.668265 0.065920 0.269558
v 0.548735 0.212969 0.367881
v 0.643968 0.152215 0.217500
v 0.573602 -0.116423 0.407193
v 0.667472 -0.067655 0.270267
v 0.546659 -0.209155 0.363774
v 0.644896 -0.152164 0.217199
v 0.534117 -0.001714 0.506502
v 0.494735 -0.181294 0.451212
v 0.461247 -0.047353 0.560598
v 0.496202 0.183859 0.454200
v 0.458186 0.046344 0.558439
v 0.692045 0.073284 0.169251
v 0.689874 -0.074729 0.169601
v -0.558475 0.115332 -0.410611
v -0.644006 0.064778 -0.266005
v -0.541437 0.202354 -0.373114
v -0.623074 0.145127 -0.207346
v -0.551351 -0.113421 -0.404195
v -0.640653 -0.064849 -0.264061
v -0.533237 -0.203872 -0.366902
v -0.620432 -0.147402 -0.205851
v -0.522642 0.001965 -0.500024
v -0.483765 -0.178813 -0.456426
v -0.444688 -0.045406 -0.551240
v -0.494306 0.178708 -0.467460
v -0.447764 0.053132 -0.558315
v -0.673065 0.070413 -0.150319
v -0.668793 -0.071288 -0.149535
v -0.570083 0.118653 0.406406
v -0.668276 0.065938 0.269553
v -0.548735 0.212964 0.367881
v -0.643993 0.152224 0.217496
v -0.573598 -0.116453 0.407208
v -0.667521 -0.067642 0.270288
v -0.546652 -0.209173 0.363785
v -0.644908 -0.152184 0.217208
v -0.534109 -0.001716 0.506503
v -0.494789 -0.181326 0.451279
v -0.461245 -0.047383 0.560601
v -0.496243 0.183863 0.454230
v -0.458179 0.046354 0.558440
v -0.692035 0.073313 0.169234
v -0.689863 -0.074731 0.169598
v -0.000001 0.453951 0.107826
v -0.046782 0.418012 0.216499
v -0.000042 0.522170 -0.195861
v -0.051577 0.589748 -0.324896
v 0.046782 0.418011 0.216507
v 0.051518 0.589705 -0.324923
v -0.361866 0.325576 0.397376
v -0.448872 0.308080 0.363541
v -0.397210 0.295964 0.459717
v -0.329897 0.426561 -0.414841
v -0.415969 0.343126 -0.365026
v -0.376648 0.331598 -0.467798
v -0.620006 0.236598 -0.036637
v -0.624475 0.239658 0.064401
v -0.665067 0.159142 0.013053
v 0.361858 0.325581 0.397378
v 0.448875 0.308083 0.363543
v 0.397200 0.295962 0.459722
v 0.329834 0.426259 -0.414530
v 0.416008 0.343004 -0.364963
v 0.376685 0.331526 -0.467728
v 0.620007 0.236629 -0.036631
v 0.624474 0.239685 0.064408
v 0.665063 0.159135 0.013058
v 0.000025 -0.586702 0.194310
v -0.045608 -0.569509 0.318041
v -0.000065 -0.564307 -0.141827
v -0.059097 -0.544019 -0.241678
v 0.045794 -0.569531 0.318000
v 0.059147 -0.544106 -0.241587
v -0.358979 -0.452322 0.435746
v -0.435700 -0.373922 0.371577
v -0.389093 -0.361848 0.469618
v -0.339721 -0.337028 -0.384646
v -0.434872 -0.302795 -0.361700
v -0.384340 -0.287369 -0.458704
v -0.620527 -0.237211 -0.036377
v -0.622905 -0.239165 0.064308
v -0.664294 -0.161523 0.013594
v 0.359031 -0.452508 0.435766
v 0.435655 -0.373963 0.371581
v 0.389054 -0.361928 0.469596
v 0.339617 -0.336984 -0.384740
v 0.434819 -0.302741 -0.361734
v 0.384338 -0.287341 -0.458732
v 0.620561 -0.237198 -0.036372
v 0.622911 -0.239145 0.064303
v 0.664298 -0.161514 0.013596
v 0.195010 -0.001452 0.682642
v 0.287184 -0.052226 0.655601
v -0.195013 -0.001452 0.682643
v -0.287194 -0.052267 0.655587
v 0.285933 0.051760 0.650907
v -0.285935 0.051774 0.650906
v 0.192830 0.011679 -0.685181
v 0.280946 -0.047614 -0.641659
v -0.192858 0.011676 -0.685210
v -0.280970 -0.047631 -0.641655
v 0.288828 0.066150 -0.666866
v -0.288843 0.066158 -0.666875
v -0.306935 0.439436 -0.009966
v -0.330335 0.429505 0.019503
v -0.329575 0.435094 -0.036806
v -0.366905 0.423870 -0.022857
v -0.366118 0.419794 0.011299
v 0.306931 0.439416 -0.009979
v 0.330336 0.429504 0.019485
v 0.329561 0.435077 -0.036816
v 0.366894 0.423864 -0.022880
v 0.366118 0.419788 0.011276
v -0.320277 -0.537435 0.005449
v -0.344295 -0.524695 0.041402
v -0.338982 -0.530843 -0.021374
v -0.369880 -0.507097 -0.005057
v -0.379183 -0.510583 0.034308
v 0.320378 -0.537419 0.005627
v 0.344254 -0.524783 0.041456
v 0.339140 -0.530712 -0.021259
v 0.369944 -0.507123 -0.004999
v 0.379126 -0.510690 0.034282
v -0.023556 -0.467663 0.677174
v 0.023501 -0.467465 0.677082
v -0.000010 -0.390422 0.685687
v 0.036427 -0.418773 0.681604
v -0.036450 -0.418799 0.681640
v -0.019743 0.308485 0.612839
v 0.019744 0.308487 0.612861
v 0.000000 0.299719 0.638577
v 0.031694 0.303081 0.629101
v -0.031692 0.303073 0.629098
v -0.019573 -0.308775 -0.609724
v 0.019555 -0.308771 -0.609728
v 0.000006 -0.296545 -0.636269
v 0.031605 -0.301033 -0.626283
v -0.031603 -0.301046 -0.626289
v -0.022454 0.428332 -0.665980
v 0.022339 0.428230 -0.665444
v 0.000007 0.368890 -0.698100
v 0.035931 0.390680 -0.684702
v -0.036001 0.390852 -0.684707
v 0.618934 0.021325 -0.380520
v 0.618254 -0.017939 -0.380122
v 0.600020 -0.010667 -0.411989
v 0.600438 0.013993 -0.412204
v 0.630636 0.001538 -0.361614
v 0.636744 0.021701 0.380474
v 0.636500 -0.023554 0.380895
v 0.618012 -0.015352 0.412488
v 0.618093 0.013003 0.412121
v 0.649315 -0.000681 0.360815
v -0.618926 0.021341 -0.380520
v -0.618233 -0.017944 -0.380118
v -0.600001 -0.010669 -0.411981
v -0.600428 0.014006 -0.412203
v -0.630620 0.001544 -0.361614
v -0.636746 0.021713 0.380469
v -0.636500 -0.023549 0.380897
v -0.618005 -0.015345 0.412487
v -0.618089 0.013010 0.412121
v -0.649311 -0.000669 0.360810
v -0.019758 0.500478 -0.034336
v 0.019746 0.500501 -0.034340
v -0.011360 0.495222 -0.012781
v -0.007820 0.506359 -0.060045
v 0.011357 0.495225 -0.012782
v 0.007802 0.506355 -0.060040
v -0.224930 0.385393 0.270285
v -0.180102 0.363129 0.368786
v -0.173484 0.392069 0.270445
v -0.255627 0.367356 0.317618
v -0.151323 0.379841 0.319341
v -0.233176 0.357257 0.367719
v -0.242247 0.564179 -0.361906
v -0.200727 0.584662 -0.463736
v -0.187310 0.583661 -0.372820
v -0.287207 0.604736 -0.422052
v -0.170728 0.618421 -0.433560
v -0.253100 0.561417 -0.449465
v -0.513866 0.318444 -0.173697
v -0.555501 0.253572 -0.235008
v -0.497643 0.315444 -0.230513
v -0.550334 0.292970 -0.146290
v -0.522175 0.283141 -0.261735
v -0.568852 0.259387 -0.176488
v -0.538153 0.309357 0.187816
v -0.575475 0.262158 0.243415
v -0.526078 0.306076 0.239990
v -0.569730 0.291571 0.165016
v -0.544166 0.285506 0.268686
v -0.589317 0.266336 0.192202
v 0.224950 0.385394 0.270302
v 0.180098 0.363121 0.368777
v 0.173482 0.392068 0.270449
v 0.151314 0.379836 0.319332
v 0.255646 0.367363 0.317639
v 0.233183 0.357260 0.367726
v 0.242232 0.564187 -0.361878
v 0.201077 0.585455 -0.463876
v 0.187364 0.583602 -0.372796
v 0.170790 0.618111 -0.433196
v 0.287132 0.604856 -0.422114
v 0.253285 0.562077 -0.449610
v 0.513870 0.318430 -0.173708
v 0.555513 0.253597 -0.235028
v 0.497665 0.315427 -0.230517
v 0.550341 0.292977 -0.146296
v 0.522210 0.283152 -0.261765
v 0.568866 0.259418 -0.176500
v 0.538173 0.309358 0.187819
v 0.575456 0.262158 0.243409
v 0.526093 0.306077 0.239990
v 0.569744 0.291585 0.165019
v 0.544156 0.285498 0.268680
v 0.589306 0.266332 0.192202
v -0.040641 -0.602918 0.023920
v 0.040620 -0.602934 0.023890
v -0.014174 -0.609318 0.061177
v -0.024934 -0.598621 0.002263
v 0.014131 -0.609312 0.061176
v 0.024864 -0.598655 0.002268
v -0.229367 -0.523228 0.370425
v -0.246958 -0.681715 0.472631
v -0.175307 -0.540915 0.384308
v -0.262367 -0.519901 0.419485
v -0.173558 -0.594199 0.445056
v -0.261246 -0.578482 0.471761
v -0.232628 -0.509864 -0.282253
v -0.171596 -0.427470 -0.354772
v -0.184160 -0.519832 -0.286978
v -0.242258 -0.445408 -0.303470
v -0.152705 -0.475406 -0.320419
v -0.218043 -0.413214 -0.349741
v -0.516854 -0.309019 -0.169370
v -0.557658 -0.251640 -0.234895
v -0.504645 -0.301543 -0.227680
v -0.553023 -0.286668 -0.144453
v -0.526855 -0.274129 -0.261993
v -0.571215 -0.257446 -0.175905
v -0.525557 -0.340502 0.192763
v -0.566908 -0.266937 0.241094
v -0.511467 -0.341132 0.243012
v -0.560349 -0.306257 0.166683
v -0.531121 -0.302906 0.266965
v -0.582460 -0.270970 0.190751
v 0.229472 -0.523325 0.370216
v 0.247394 -0.680211 0.472315
v 0.175406 -0.540912 0.384169
v 0.174135 -0.593886 0.444601
v 0.262409 -0.519814 0.419304
v 0.261617 -0.577910 0.471447
v 0.233807 -0.510212 -0.281757
v 0.171795 -0.427572 -0.354593
v 0.185002 -0.520137 -0.286687
v 0.153117 -0.475601 -0.320155
v 0.242662 -0.445645 -0.303085
v 0.218212 -0.413299 -0.349568
v 0.516765 -0.309021 -0.169358
v 0.557663 -0.251599 -0.234885
v 0.504564 -0.301564 -0.227678
v 0.553018 -0.286619 -0.144450
v 0.526847 -0.274089 -0.261983
v 0.571224 -0.257397 -0.175896
v 0.525542 -0.340503 0.192750
v 0.566917 -0.266916 0.241080
v 0.511421 -0.341118 0.243012
v 0.560331 -0.306229 0.166666
v 0.531097 -0.302888 0.266957
v 0.582471 -0.270940 0.190739
v -0.000027 -0.057387 0.716863
v 0.000010 0.051009 0.706689
v 0.048476 -0.030016 0.709718
v -0.048494 -0.030033 0.709702
v 0.047996 0.024298 0.703984
v -0.047984 0.024293 0.704004
v 0.305591 -0.246865 0.599367
v 0.395028 -0.176847 0.555441
v 0.339287 -0.269864 0.564483
v 0.381587 -0.232851 0.539356
v 0.313767 -0.188209 0.609043
v 0.361651 -0.154865 0.590457
v -0.305661 -0.246809 0.599367
v -0.395062 -0.176858 0.555453
v -0.339339 -0.269797 0.564510
v -0.381582 -0.232848 0.539352
v -0.313816 -0.188162 0.609074
v -0.361690 -0.154893 0.590494
v 0.305549 0.230270 0.588963
v 0.395297 0.179822 0.554654
v 0.342701 0.248445 0.557984
v 0.386320 0.226776 0.540358
v 0.312783 0.183037 0.601279
v 0.358133 0.155176 0.583902
v -0.305564 0.230264 0.588966
v -0.395308 0.179813 0.554659
v -0.342716 0.248424 0.557977
v -0.386333 0.226758 0.540351
v -0.312796 0.183049 0.601291
v -0.358148 0.155182 0.583916
v -0.000016 -0.046814 -0.696355
v -0.000018 0.070258 -0.732739
v 0.048970 -0.017584 -0.701738
v -0.048972 -0.017563 -0.701756
v 0.049987 0.041383 -0.719497
v -0.050014 0.041383 -0.719512
v 0.301986 -0.226589 -0.588327
v 0.385726 -0.172039 -0.550023
v 0.335614 -0.241260 -0.557073
v 0.377229 -0.218012 -0.537662
v 0.310240 -0.181809 -0.600113
v 0.352648 -0.152136 -0.581752
v -0.301976 -0.226568 -0.588318
v -0.385729 -0.172039 -0.550029
v -0.335603 -0.241256 -0.557071
v -0.377225 -0.217994 -0.537663
v -0.310241 -0.181805 -0.600109
v -0.352657 -0.152137 -0.581765
v 0.320799 0.246299 -0.638254
v 0.407774 0.183855 -0.589416
v 0.347628 0.260717 -0.590724
v 0.390983 0.228084 -0.567410
v 0.338415 0.200325 -0.661860
v 0.378819 0.169423 -0.630608
v -0.320722 0.246425 -0.638210
v -0.407789 0.183862 -0.589400
v -0.347575 0.260819 -0.590762
v -0.390910 0.228205 -0.567321
v -0.338411 0.200374 -0.661807
v -0.378852 0.169447 -0.630625
v 0.717614 0.000975 -0.038135
v 0.719967 0.000565 0.061709
v 0.717727 0.035107 -0.013578
v 0.716956 0.036405 0.035949
v 0.716180 -0.034531 -0.012804
v 0.715419 -0.036338 0.036550
v -0.717590 0.000960 -0.038136
v -0.719963 0.000574 0.061714
v -0.717729 0.035121 -0.013580
v -0.716973 0.036450 0.035949
v -0.716184 -0.034520 -0.012803
v -0.715396 -0.036319 0.036549
v -0.209029 0.461087 -0.020006
v -0.092970 0.485464 -0.026277
v -0.185366 0.461952 0.014938
v -0.181349 0.470972 -0.060679
v -0.129365 0.472935 0.008859
v -0.123283 0.483198 -0.061339
v -0.298525 0.421551 0.091120
v -0.263843 0.406245 0.176135
v -0.250272 0.433166 0.092700
v -0.328912 0.403357 0.127688
v -0.231551 0.424380 0.133011
v -0.312532 0.395612 0.172401
v -0.290357 0.450227 -0.127865
v -0.258294 0.481922 -0.242316
v -0.241746 0.465668 -0.140635
v -0.317808 0.443662 -0.163903
v -0.224150 0.479050 -0.194618
v -0.300740 0.455093 -0.224047
v -0.421171 0.403779 -0.067239
v -0.468170 0.368937 -0.117507
v -0.408297 0.409248 -0.115365
v -0.454138 0.383554 -0.044382
v -0.431108 0.394202 -0.141939
v -0.479156 0.365300 -0.067535
v -0.423828 0.386059 0.062877
v -0.484651 0.347137 0.125052
v -0.415741 0.379541 0.107988
v -0.457460 0.372115 0.046788
v -0.446827 0.360469 0.141465
v -0.488593 0.352161 0.076021
v 0.209017 0.461044 -0.020008
v 0.092959 0.485484 -0.026293
v 0.185368 0.461945 0.014935
v 0.181327 0.470968 -0.060611
v 0.129352 0.472951 0.008852
v 0.123240 0.483196 -0.061285
v 0.298520 0.421550 0.091112
v 0.263840 0.406223 0.176132
v 0.250277 0.433173 0.092685
v 0.328926 0.403365 0.127684
v 0.231551 0.424392 0.133006
v 0.312548 0.395639 0.172405
v 0.290394 0.450178 -0.127797
v 0.258225 0.481792 -0.242336
v 0.241740 0.465572 -0.140578
v 0.317832 0.443583 -0.163846
v 0.224141 0.478992 -0.194577
v 0.300710 0.455000 -0.224028
v 0.421167 0.403764 -0.067243
v 0.468164 0.368915 -0.117506
v 0.408293 0.409216 -0.115354
v 0.454114 0.383532 -0.044391
v 0.431093 0.394183 -0.141928
v 0.479140 0.365281 -0.067542
v 0.423814 0.386045 0.062873
v 0.484672 0.347134 0.125056
v 0.415738 0.379524 0.107987
v 0.457458 0.372091 0.046784
v 0.446816 0.360465 0.141467
v 0.488601 0.352153 0.076020
v -0.235179 -0.579388 -0.002230
v -0.131888 -0.594753 -0.001406
v -0.204329 -0.568878 0.039610
v -0.221759 -0.617996 -0.036583
v -0.148661 -0.582038 0.041034
v -0.171018 -0.620296 -0.039098
v -0.316667 -0.525489 0.128018
v -0.275178 -0.524811 0.236196
v -0.263329 -0.538891 0.134950
v -0.352150 -0.511613 0.167871
v -0.241434 -0.537895 0.188582
v -0.333001 -0.512389 0.222027
v -0.324919 -0.572380 -0.106512
v -0.306068 -0.592787 -0.219181
v -0.301577 -0.641779 -0.116173
v -0.340912 -0.531104 -0.138613
v -0.320271 -0.688039 -0.193188
v -0.328115 -0.531171 -0.189194
v -0.410825 -0.446422 -0.049847
v -0.462027 -0.373529 -0.104565
v -0.398715 -0.443863 -0.097305
v -0.445054 -0.414752 -0.026874
v -0.422951 -0.404575 -0.125957
v -0.472847 -0.379499 -0.053020
v -0.429243 -0.462209 0.089743
v -0.476046 -0.402793 0.142476
v -0.424679 -0.466840 0.137082
v -0.454013 -0.426665 0.068023
v -0.445632 -0.437966 0.165645
v -0.481411 -0.397553 0.093504
v 0.235338 -0.579249 -0.002201
v 0.131893 -0.594782 -0.001469
v 0.204276 -0.568874 0.039633
v 0.222207 -0.617810 -0.036678
v 0.148546 -0.582083 0.040979
v 0.171209 -0.620382 -0.039035
v 0.316666 -0.525534 0.128017
v 0.275217 -0.524831 0.236175
v 0.263302 -0.538889 0.134952
v 0.352122 -0.511667 0.167882
v 0.241393 -0.537921 0.188570
v 0.332971 -0.512482 0.222073
v 0.325247 -0.571532 -0.105987
v 0.307519 -0.591705 -0.217851
v 0.302612 -0.640528 -0.115735
v 0.341075 -0.530498 -0.137987
v 0.322949 -0.684636 -0.190922
v 0.328516 -0.530580 -0.188387
v 0.410873 -0.446527 -0.049861
v 0.461944 -0.373691 -0.104613
v 0.398776 -0.443959 -0.097246
v 0.445044 -0.414943 -0.027006
v 0.422906 -0.404751 -0.125946
v 0.472775 -0.379626 -0.053096
v 0.429220 -0.462334 0.089701
v 0.476024 -0.402863 0.142463
v 0.424667 -0.466955 0.137064
v 0.453963 -0.426759 0.067956
v 0.445613 -0.438060 0.165647
v 0.481382 -0.397621 0.093481
v -0.093769 -0.529102 0.646814
v -0.181059 -0.710403 0.670486
v -0.074451 -0.544013 0.621480
v -0.154175 -0.533533 0.651075
v -0.104538 -0.618369 0.607974
v -0.205223 -0.601982 0.651026
v 0.093852 -0.529352 0.646773
v 0.181906 -0.712050 0.670487
v 0.074608 -0.544511 0.621501
v 0.154252 -0.533816 0.651048
v 0.104928 -0.619324 0.607647
v 0.205491 -0.602235 0.651003
v -0.000019 -0.281445 0.704916
v -0.000026 -0.166135 0.739256
v 0.046413 -0.252688 0.711094
v -0.046478 -0.252667 0.711143
v 0.047940 -0.195165 0.724383
v -0.048005 -0.195169 0.724428
v 0.128103 -0.374902 0.673227
v 0.221925 -0.316979 0.648769
v 0.170941 -0.409840 0.658784
v 0.132709 -0.314499 0.679281
v 0.218461 -0.381390 0.645292
v 0.179046 -0.285218 0.667424
v -0.128130 -0.374856 0.673214
v -0.221887 -0.316854 0.648608
v -0.170979 -0.409699 0.658734
v -0.132768 -0.314451 0.679304
v -0.218505 -0.381270 0.645237
v -0.179102 -0.285158 0.667408
v -0.072650 0.321869 0.553423
v -0.128300 0.341170 0.465462
v -0.050028 0.333108 0.511785
v -0.122213 0.319439 0.551225
v -0.076581 0.344122 0.466407
v -0.152211 0.327739 0.509951
v 0.072649 0.321868 0.553419
v 0.128294 0.341167 0.465446
v 0.050027 0.333109 0.511787
v 0.122213 0.319436 0.551214
v 0.076578 0.344125 0.466409
v 0.152213 0.327731 0.509948
v 0.000002 0.253865 0.663937
v 0.000007 0.163899 0.688792
v 0.043199 0.234000 0.668451
v -0.043195 0.233995 0.668451
v 0.044937 0.188685 0.680155
v -0.044929 0.188688 0.680166
v 0.117478 0.294618 0.628338
v 0.212749 0.270668 0.615895
v 0.153992 0.300147 0.605987
v 0.126615 0.273706 0.642477
v 0.202672 0.293746 0.599401
v 0.174142 0.254054 0.637961
v -0.117476 0.294615 0.628340
v -0.212752 0.270650 0.615894
v -0.153991 0.300149 0.605988
v -0.126608 0.273692 0.642477
v -0.202674 0.293744 0.599403
v -0.174141 0.254041 0.637962
v -0.069992 -0.331380 -0.541286
v -0.121540 -0.372842 -0.449619
v -0.047699 -0.354599 -0.495796
v -0.118094 -0.325582 -0.542604
v -0.072780 -0.378343 -0.450059
v -0.145037 -0.342958 -0.496470
v 0.069921 -0.331349 -0.541316
v 0.121500 -0.372922 -0.449621
v 0.047619 -0.354567 -0.495805
v 0.118020 -0.325579 -0.542637
v 0.072704 -0.378325 -0.450045
v 0.144972 -0.342934 -0.496524
v 0.000001 -0.251868 -0.659884
v -0.000011 -0.160951 -0.678224
v 0.044301 -0.232379 -0.663858
v -0.044305 -0.232375 -0.663851
v 0.046474 -0.186798 -0.673572
v -0.046496 -0.186798 -0.673571
v 0.116124 -0.289516 -0.626423
v 0.210313 -0.264996 -0.612712
v 0.151431 -0.296108 -0.603969
v 0.124463 -0.269483 -0.640914
v 0.199145 -0.287311 -0.596242
v 0.171105 -0.249453 -0.633933
v -0.116115 -0.289523 -0.626423
v -0.210301 -0.265000 -0.612715
v -0.151435 -0.296110 -0.603959
v -0.124446 -0.269485 -0.640913
v -0.199150 -0.287334 -0.596240
v -0.171094 -0.249443 -0.633925
v -0.086781 0.504833 -0.626572
v -0.151778 0.561600 -0.557836
v -0.061716 0.545191 -0.597237
v -0.144214 0.494187 -0.627350
v -0.094206 0.573821 -0.560666
v -0.185081 0.529494 -0.604372
v 0.085083 0.503716 -0.627759
v 0.155463 0.569298 -0.562024
v 0.062800 0.566208 -0.618185
v 0.142490 0.490514 -0.625357
v 0.093798 0.575301 -0.563851
v 0.185911 0.536920 -0.605558
v 0.000069 0.285906 -0.753426
v 0.000019 0.184234 -0.793449
v 0.051146 0.263009 -0.764063
v -0.051009 0.262972 -0.763917
v 0.053737 0.212870 -0.781821
v -0.053672 0.212875 -0.781813
v 0.131388 0.357545 -0.691550
v 0.232469 0.310191 -0.682693
v 0.170868 0.384899 -0.666883
v 0.142785 0.311829 -0.719584
v 0.221519 0.360731 -0.660918
v 0.198264 0.291595 -0.724797
v -0.131423 0.357870 -0.691673
v -0.232654 0.310553 -0.683110
v -0.170929 0.385481 -0.667074
v -0.142612 0.311888 -0.719425
v -0.221473 0.361142 -0.661014
v -0.197771 0.291349 -0.724187
v 0.607349 0.091980 -0.342259
v 0.585245 0.176286 -0.293221
v 0.580399 0.126092 -0.367203
v 0.621022 0.099086 -0.291534
v 0.571489 0.169933 -0.346862
v 0.609845 0.140153 -0.263939
v 0.602607 -0.091495 -0.338364
v 0.582635 -0.180884 -0.291144
v 0.572574 -0.125417 -0.360829
v 0.618007 -0.099935 -0.289378
v 0.564101 -0.171249 -0.340334
v 0.606934 -0.142628 -0.261901
v 0.542808 -0.054974 -0.461774
v 0.466905 -0.113961 -0.507111
v 0.529401 -0.099835 -0.445632
v 0.517719 -0.039136 -0.495681
v 0.494306 -0.131477 -0.471045
v 0.477228 -0.066104 -0.518534
v 0.545658 0.059095 -0.465037
v 0.478603 0.120384 -0.525406
v 0.535825 0.102789 -0.452688
v 0.520355 0.043807 -0.499737
v 0.503129 0.133917 -0.482060
v 0.483301 0.072667 -0.528480
v 0.658383 0.001266 -0.267584
v 0.689399 0.001135 -0.150080
v 0.662377 0.032351 -0.238945
v 0.661265 -0.030769 -0.238457
v 0.677790 0.033696 -0.180069
v 0.676579 -0.032058 -0.179585
v 0.621148 0.095488 0.339286
v 0.598807 0.183778 0.292310
v 0.591258 0.130289 0.362901
v 0.639194 0.102504 0.292277
v 0.579612 0.175591 0.340975
v 0.627396 0.146022 0.267303
v 0.622466 -0.095712 0.339860
v 0.598546 -0.181890 0.291038
v 0.593614 -0.128534 0.363266
v 0.640482 -0.102969 0.292773
v 0.580154 -0.173180 0.339637
v 0.628664 -0.145603 0.267015
v 0.557975 -0.059480 0.462865
v 0.481405 -0.113586 0.511594
v 0.548081 -0.102010 0.447711
v 0.530238 -0.042347 0.500974
v 0.509162 -0.131690 0.470722
v 0.493244 -0.066789 0.527339
v 0.556052 0.058545 0.461862
v 0.477767 0.117155 0.509791
v 0.544162 0.104039 0.446345
v 0.528719 0.040542 0.500276
v 0.506065 0.135029 0.470136
v 0.489993 0.067411 0.525527
v 0.687322 -0.000245 0.272467
v 0.709664 0.000430 0.171635
v 0.691875 0.031634 0.247144
v 0.691264 -0.032442 0.247981
v 0.702742 0.034489 0.197244
v 0.701499 -0.034779 0.197762
v -0.607352 0.091994 -0.342276
v -0.585285 0.176292 -0.293239
v -0.580428 0.126102 -0.367232
v -0.621040 0.099120 -0.291539
v -0.571506 0.169907 -0.346870
v -0.609861 0.140152 -0.263942
v -0.602574 -0.091510 -0.338348
v -0.582623 -0.180877 -0.291138
v -0.572595 -0.125424 -0.360862
v -0.617991 -0.099933 -0.289369
v -0.564069 -0.171238 -0.340317
v -0.606947 -0.142626 -0.261908
v -0.542802 -0.054980 -0.461773
v -0.466913 -0.113964 -0.507124
v -0.529381 -0.099835 -0.445613
v -0.517705 -0.039136 -0.495674
v -0.494308 -0.131478 -0.471048
v -0.477229 -0.066103 -0.518536
v -0.545665 0.059107 -0.465051
v -0.478598 0.120363 -0.525393
v -0.535824 0.102803 -0.452685
v -0.520385 0.043825 -0.499784
v -0.503124 0.133899 -0.482029
v -0.483312 0.072660 -0.528490
v -0.658348 0.001263 -0.267573
v -0.689378 0.001138 -0.150084
v -0.662364 0.032360 -0.238950
v -0.661223 -0.030780 -0.238447
v -0.677774 0.033713 -0.180073
v -0.676550 -0.032066 -0.179585
v -0.621176 0.095493 0.339288
v -0.598850 0.183788 0.292322
v -0.591283 0.130289 0.362914
v -0.639237 0.102514 0.292282
v -0.579608 0.175599 0.340976
v -0.627352 0.145983 0.267283
v -0.622435 -0.095720 0.339855
v -0.598518 -0.181905 0.291045
v -0.593584 -0.128552 0.363267
v -0.640497 -0.102982 0.292789
v -0.580121 -0.173190 0.339640
v -0.628668 -0.145625 0.267024
v -0.557943 -0.059500 0.462850
v -0.481392 -0.113618 0.511581
v -0.548097 -0.102040 0.447733
v -0.530229 -0.042361 0.500969
v -0.509151 -0.131713 0.470708
v -0.493233 -0.066822 0.527332
v -0.556061 0.058536 0.461875
v -0.477733 0.117145 0.509700
v -0.544158 0.104036 0.446348
v -0.528715 0.040548 0.500282
v -0.506068 0.135037 0.470136
v -0.490009 0.067416 0.525560
v -0.687285 -0.000234 0.272451
v -0.709697 0.000453 0.171642
v -0.691884 0.031657 0.247136
v -0.691262 -0.032428 0.247985
v -0.702748 0.034513 0.197235
v -0.701486 -0.034760 0.197760
v -0.052735 0.467693 0.061756
v -0.113717 0.428752 0.170349
v -0.097519 0.460432 0.075143
v -0.130877 0.441499 0.125217
v -0.040107 0.452076 0.110923
v -0.066766 0.432996 0.166135
v -0.030158 0.508067 -0.133401
v -0.110232 0.543010 -0.261201
v -0.078442 0.501154 -0.143136
v -0.119461 0.510352 -0.202273
v -0.028208 0.521014 -0.196019
v -0.063263 0.551672 -0.261142
v 0.052732 0.467709 0.061755
v 0.113722 0.428771 0.170345
v 0.097523 0.460432 0.075146
v 0.130887 0.441481 0.125225
v 0.040109 0.452073 0.110934
v 0.066772 0.433005 0.166128
v 0.030072 0.508038 -0.133345
v 0.110205 0.543011 -0.261173
v 0.078404 0.501153 -0.143115
v 0.119416 0.510330 -0.202290
v 0.028130 0.521037 -0.196007
v 0.063182 0.551619 -0.261168
v -0.357357 0.349961 0.306006
v -0.449006 0.330546 0.278993
v -0.375249 0.358088 0.254129
v -0.422879 0.347550 0.242558
v -0.384309 0.333008 0.346021
v -0.428696 0.324085 0.330462
v -0.049876 0.386726 0.318465
v 0.049877 0.386721 0.318458
v -0.025328 0.372750 0.368479
v 0.025327 0.372755 0.368489
v -0.024278 0.403069 0.267519
v 0.024280 0.403086 0.267519
v -0.285463 0.325532 0.455010
v -0.320346 0.298348 0.517464
v -0.254826 0.318468 0.498584
v -0.272464 0.306012 0.530377
v -0.335768 0.318619 0.446066
v -0.352390 0.304715 0.476133
v -0.335852 0.473633 -0.346122
v -0.408595 0.377462 -0.283174
v -0.340992 0.439760 -0.288946
v -0.385628 0.404861 -0.256153
v -0.338599 0.426522 -0.362992
v -0.387361 0.381041 -0.336916
v -0.073342 0.654698 -0.439544
v 0.073219 0.654415 -0.439475
v -0.035237 0.625507 -0.477978
v 0.035258 0.625013 -0.477958
v -0.031222 0.625809 -0.385496
v 0.031130 0.625469 -0.385521
v -0.282853 0.459167 -0.494791
v -0.313322 0.357067 -0.542119
v -0.258939 0.445458 -0.544570
v -0.273826 0.393885 -0.567697
v -0.318018 0.418978 -0.468029
v -0.335692 0.368953 -0.492533
v -0.571727 0.296804 -0.037828
v -0.578814 0.296053 0.063199
v -0.547085 0.319976 -0.014233
v -0.551185 0.318287 0.035721
v -0.600650 0.270387 -0.010951
v -0.603264 0.270914 0.039247
v -0.488099 0.271524 -0.371092
v -0.441175 0.253163 -0.470854
v -0.506235 0.232836 -0.397992
v -0.482851 0.222033 -0.447119
v -0.443042 0.303798 -0.393740
v -0.421361 0.296521 -0.444435
v -0.624853 0.192337 -0.120269
v -0.673963 0.113577 -0.066085
v -0.636476 0.149548 -0.149980
v -0.661616 0.111159 -0.121779
v -0.636256 0.196743 -0.064226
v -0.660508 0.157119 -0.038308
v -0.503027 0.274525 0.370106
v -0.448822 0.255299 0.461366
v -0.514585 0.243426 0.393362
v -0.487368 0.230899 0.437410
v -0.465334 0.290461 0.392804
v -0.438632 0.283621 0.439741
v -0.637885 0.199150 0.141119
v -0.680362 0.116833 0.089650
v -0.653570 0.155965 0.166984
v -0.675384 0.115261 0.141815
v -0.642674 0.201360 0.089645
v -0.662687 0.158964 0.064118
v 0.357357 0.349963 0.306005
v 0.449015 0.330541 0.278995
v 0.375274 0.358089 0.254144
v 0.422881 0.347544 0.242560
v 0.384308 0.333012 0.346023
v 0.428703 0.324085 0.330466
v 0.285460 0.325537 0.455009
v 0.320333 0.298344 0.517468
v 0.254815 0.318468 0.498573
v 0.272457 0.306008 0.530385
v 0.335763 0.318622 0.446070
v 0.352386 0.304724 0.476145
v 0.335547 0.473374 -0.345898
v 0.408589 0.377403 -0.283151
v 0.341021 0.439745 -0.288940
v 0.385644 0.404778 -0.256153
v 0.338585 0.426204 -0.362820
v 0.387395 0.380917 -0.336856
v 0.282894 0.459733 -0.494877
v 0.313405 0.357103 -0.542002
v 0.259181 0.446408 -0.544761
v 0.273963 0.394164 -0.567690
v 0.318083 0.419101 -0.467960
v 0.335745 0.368996 -0.492449
v 0.571727 0.296810 -0.037823
v 0.578816 0.296068 0.063202
v 0.547056 0.319960 -0.014238
v 0.551191 0.318292 0.035727
v 0.600652 0.270410 -0.010945
v 0.603266 0.270939 0.039251
v 0.488119 0.271483 -0.371134
v 0.441232 0.253079 -0.470885
v 0.506258 0.232828 -0.398031
v 0.482874 0.222010 -0.447160
v 0.443052 0.303693 -0.393733
v 0.421329 0.296407 -0.444402
v 0.624853 0.192328 -0.120275
v 0.673935 0.113569 -0.066097
v 0.636412 0.149557 -0.149993
v 0.661636 0.111134 -0.121778
v 0.636276 0.196765 -0.064226
v 0.660497 0.157113 -0.038318
v 0.503044 0.274555 0.370116
v 0.448812 0.255299 0.461360
v 0.514572 0.243428 0.393350
v 0.487346 0.230915 0.437390
v 0.465331 0.290471 0.392804
v 0.438636 0.283642 0.439756
v 0.637890 0.199151 0.141127
v 0.680334 0.116822 0.089659
v 0.653565 0.155966 0.166994
v 0.675322 0.115258 0.141818
v 0.642668 0.201380 0.089649
v 0.662642 0.158940 0.064132
v -0.032702 -0.592783 0.131422
v -0.109473 -0.559745 0.255524
v -0.091416 -0.579310 0.138816
v -0.128893 -0.562657 0.195961
v -0.031696 -0.583473 0.193584
v -0.060981 -0.570251 0.255198
v -0.100221 -0.587734 -0.098376
v -0.141735 -0.601260 -0.211788
v -0.133830 -0.642861 -0.116299
v -0.162281 -0.667479 -0.177307
v -0.071083 -0.568044 -0.143560
v -0.095009 -0.566039 -0.197628
v 0.032509 -0.592837 0.131374
v 0.109494 -0.559800 0.255521
v 0.091292 -0.579341 0.138796
v 0.128859 -0.562706 0.195957
v 0.031732 -0.583492 0.193614
v 0.061067 -0.570300 0.255208
v 0.100159 -0.587858 -0.098351
v 0.142297 -0.601707 -0.211828
v 0.134001 -0.643137 -0.116249
v 0.162742 -0.667858 -0.177440
v 0.070953 -0.568157 -0.143505
v 0.095140 -0.566269 -0.197473
v -0.365159 -0.484562 0.355503
v -0.440361 -0.417013 0.296997
v -0.387955 -0.482364 0.297145
v -0.423126 -0.450096 0.271075
v -0.382867 -0.456260 0.380951
v -0.420014 -0.416670 0.349500
v -0.061287 -0.579529 0.439840
v 0.061859 -0.579819 0.439714
v -0.039301 -0.565344 0.490005
v 0.040333 -0.565579 0.490014
v -0.026058 -0.572200 0.378856
v 0.026452 -0.572210 0.378797
v -0.306458 -0.505124 0.529985
v -0.325247 -0.389676 0.549572
v -0.293054 -0.507757 0.591102
v -0.294834 -0.438481 0.591931
v -0.338256 -0.451923 0.489606
v -0.351089 -0.401390 0.503262
v -0.330051 -0.393173 -0.287933
v -0.421960 -0.345896 -0.265834
v -0.349033 -0.413079 -0.239493
v -0.393023 -0.384310 -0.227025
v -0.359235 -0.352725 -0.331424
v -0.408240 -0.330558 -0.321907
v -0.053060 -0.485067 -0.325271
v 0.053057 -0.485098 -0.325174
v -0.025492 -0.448101 -0.365107
v 0.025414 -0.448111 -0.365103
v -0.029472 -0.526439 -0.286894
v 0.029173 -0.526435 -0.286827
v -0.268787 -0.339437 -0.441769
v -0.312558 -0.292279 -0.517994
v -0.245779 -0.322424 -0.493510
v -0.266033 -0.302678 -0.529182
v -0.318581 -0.323306 -0.437521
v -0.340443 -0.300111 -0.474813
v -0.572150 -0.295809 -0.034447
v -0.572763 -0.302732 0.066849
v -0.544602 -0.325226 -0.006230
v -0.545681 -0.330213 0.043891
v -0.600702 -0.269624 -0.010260
v -0.600719 -0.271430 0.040245
v -0.489427 -0.262376 -0.370206
v -0.438101 -0.247368 -0.463925
v -0.500051 -0.232923 -0.393689
v -0.474381 -0.222193 -0.439480
v -0.452420 -0.280328 -0.393061
v -0.426177 -0.273170 -0.440243
v -0.623482 -0.195032 -0.119039
v -0.670749 -0.115521 -0.065285
v -0.633970 -0.151759 -0.148805
v -0.658174 -0.112801 -0.120913
v -0.635340 -0.199099 -0.063218
v -0.658250 -0.159486 -0.037500
v -0.492342 -0.292510 0.365720
v -0.440608 -0.268353 0.457014
v -0.509317 -0.245731 0.387731
v -0.481515 -0.231765 0.431965
v -0.452885 -0.331115 0.392371
v -0.428402 -0.321494 0.439632
v -0.637564 -0.199104 0.140458
v -0.679319 -0.118467 0.089942
v -0.654057 -0.156702 0.166840
v -0.674484 -0.116565 0.142016
v -0.642330 -0.201632 0.089307
v -0.662738 -0.160985 0.064032
v 0.365163 -0.484625 0.355546
v 0.440346 -0.417108 0.297043
v 0.387970 -0.482452 0.297238
v 0.423140 -0.450206 0.271142
v 0.382878 -0.456447 0.380984
v 0.420004 -0.416792 0.349523
v 0.306667 -0.505077 0.529952
v 0.325252 -0.389771 0.549603
v 0.293290 -0.507959 0.591283
v 0.294814 -0.438695 0.592006
v 0.338348 -0.452060 0.489657
v 0.351089 -0.401494 0.503261
v 0.329924 -0.393423 -0.287862
v 0.421768 -0.346076 -0.265803
v 0.348933 -0.413363 -0.239401
v 0.392882 -0.384518 -0.226997
v 0.359079 -0.352827 -0.331437
v 0.408019 -0.330628 -0.321894
v 0.268647 -0.339557 -0.441677
v 0.312533 -0.292261 -0.518025
v 0.245685 -0.322371 -0.493578
v 0.265993 -0.302652 -0.529243
v 0.318498 -0.323250 -0.437616
v 0.340395 -0.300077 -0.474850
v 0.572141 -0.295758 -0.034448
v 0.572741 -0.302697 0.066836
v 0.544575 -0.325203 -0.006233
v 0.545651 -0.330214 0.043874
v 0.600718 -0.269577 -0.010257
v 0.600712 -0.271391 0.040244
v 0.489447 -0.262320 -0.370204
v 0.438123 -0.247364 -0.463925
v 0.500072 -0.232903 -0.393691
v 0.474393 -0.222205 -0.439483
v 0.452434 -0.280271 -0.393068
v 0.426206 -0.273138 -0.440263
v 0.623506 -0.195020 -0.119049
v 0.670806 -0.115517 -0.065262
v 0.633980 -0.151752 -0.148793
v 0.658192 -0.112805 -0.120898
v 0.635355 -0.199091 -0.063221
v 0.658249 -0.159479 -0.037507
v 0.492286 -0.292485 0.365704
v 0.440557 -0.268375 0.457021
v 0.509317 -0.245732 0.387724
v 0.481453 -0.231722 0.431945
v 0.452839 -0.331152 0.392366
v 0.428333 -0.321494 0.439608
v 0.637570 -0.199084 0.140452
v 0.679316 -0.118455 0.089937
v 0.654070 -0.156697 0.166831
v 0.674518 -0.116602 0.142020
v 0.642325 -0.201620 0.089305
v 0.662745 -0.160978 0.064038
v 0.145703 -0.082718 0.701259
v 0.234692 -0.135938 0.666021
v 0.145623 -0.136779 0.709762
v 0.188808 -0.164786 0.686608
v 0.194919 -0.055058 0.687502
v 0.240494 -0.079683 0.673943
v -0.145739 -0.082773 0.701262
v -0.234714 -0.135963 0.666005
v -0.145670 -0.136822 0.709791
v -0.188839 -0.164807 0.686603
v -0.194933 -0.055083 0.687516
v -0.240521 -0.079726 0.673948
v 0.144202 0.080084 0.682365
v 0.234518 0.135070 0.653397
v 0.141406 0.134756 0.674131
v 0.186910 0.162729 0.660949
v 0.194427 0.052520 0.677576
v 0.240317 0.079647 0.663787
v -0.144194 0.080099 0.682368
v -0.234519 0.135082 0.653402
v -0.141395 0.134759 0.674130
v -0.186911 0.162733 0.660950
v -0.194420 0.052537 0.677578
v -0.240312 0.079666 0.663785
v 0.375722 -0.050215 0.608760
v 0.372733 0.050751 0.605303
v 0.420757 -0.024983 0.586368
v 0.419354 0.023955 0.585332
v 0.332041 -0.025756 0.633896
v 0.331077 0.025428 0.632493
v -0.375728 -0.050254 0.608744
v -0.372733 0.050756 0.605299
v -0.420749 -0.025007 0.586358
v -0.419350 0.023951 0.585318
v -0.332042 -0.025786 0.633880
v -0.331077 0.025424 0.632490
v 0.142747 -0.078319 -0.680043
v 0.229845 -0.131782 -0.643591
v 0.140291 -0.136223 -0.672295
v 0.182755 -0.159870 -0.654296
v 0.189564 -0.047315 -0.672475
v 0.233453 -0.075617 -0.652652
v -0.142767 -0.078291 -0.680030
v -0.229847 -0.131784 -0.643589
v -0.140308 -0.136227 -0.672296
v -0.182763 -0.159893 -0.654301
v -0.189573 -0.047275 -0.672475
v -0.233456 -0.075573 -0.652619
v 0.153150 0.099240 -0.731967
v 0.255520 0.156462 -0.723992
v 0.158772 0.158329 -0.757773
v 0.218312 0.190133 -0.776075
v 0.198656 0.069594 -0.707350
v 0.247919 0.097389 -0.700129
v -0.153127 0.099253 -0.731999
v -0.255450 0.156442 -0.723840
v -0.158734 0.158290 -0.757627
v -0.218319 0.190207 -0.776073
v -0.198659 0.069618 -0.707377
v -0.247950 0.097446 -0.700113
v 0.369550 -0.048852 -0.605012
v 0.372313 0.060015 -0.616541
v 0.410138 -0.022068 -0.583429
v 0.410511 0.030379 -0.586260
v 0.328956 -0.020899 -0.629165
v 0.330415 0.035098 -0.637881
v -0.369534 -0.048844 -0.605018
v -0.372307 0.059990 -0.616561
v -0.410150 -0.022060 -0.583450
v -0.410421 0.030382 -0.586197
v -0.328960 -0.020892 -0.629169
v -0.330430 0.035110 -0.637925
v -0.287718 0.440272 0.021076
v -0.284322 0.446732 -0.047720
v -0.238597 0.451044 0.019000
v -0.234746 0.458760 -0.055820
v -0.357605 0.415823 0.046613
v -0.268821 0.438256 0.055459
v -0.344276 0.410180 0.085596
v -0.357482 0.428053 -0.061414
v -0.262123 0.455258 -0.091841
v -0.337537 0.434676 -0.109933
v -0.396953 0.409276 -0.004028
v -0.382673 0.419714 -0.088823
v -0.426314 0.397432 -0.023170
v -0.386286 0.398525 0.076011
v -0.426810 0.391585 0.019662
v 0.287716 0.440262 0.021064
v 0.284310 0.446705 -0.047724
v 0.238607 0.451032 0.018996
v 0.234767 0.458735 -0.055726
v 0.357608 0.415814 0.046593
v 0.268819 0.438249 0.055448
v 0.344269 0.410173 0.085589
v 0.357449 0.428044 -0.061428
v 0.262172 0.455215 -0.091725
v 0.337535 0.434640 -0.109912
v 0.396940 0.409266 -0.004046
v 0.382713 0.419694 -0.088800
v 0.426301 0.397420 -0.023181
v 0.386278 0.398515 0.076001
v 0.426799 0.391572 0.019651
v -0.303051 -0.539494 0.042031
v -0.304902 -0.558911 -0.032842
v -0.256293 -0.553770 0.039955
v -0.267846 -0.592856 -0.035042
v -0.379501 -0.513005 0.074221
v -0.284090 -0.539428 0.085793
v -0.370216 -0.512284 0.118292
v -0.359069 -0.511382 -0.045743
v -0.299091 -0.594057 -0.069734
v -0.349062 -0.521175 -0.089947
v -0.399393 -0.483711 0.018042
v -0.377524 -0.480964 -0.070744
v -0.420527 -0.450160 -0.003598
v -0.403302 -0.492763 0.106732
v -0.426767 -0.455569 0.042610
v 0.303063 -0.539551 0.042129
v 0.305210 -0.558584 -0.032736
v 0.256287 -0.553777 0.040065
v 0.268315 -0.592503 -0.035011
v 0.379347 -0.513073 0.074154
v 0.284099 -0.539453 0.085825
v 0.370146 -0.512372 0.118257
v 0.359189 -0.511247 -0.045588
v 0.299681 -0.593424 -0.069586
v 0.349251 -0.520851 -0.089604
v 0.399369 -0.483794 0.018021
v 0.377624 -0.480926 -0.070623
v 0.420512 -0.450263 -0.003643
v 0.403257 -0.492858 0.106671
v 0.426723 -0.455667 0.042527
v -0.000010 -0.504735 0.666685
v -0.071675 -0.452126 0.673058
v -0.032016 -0.521189 0.642664
v -0.110361 -0.486879 0.659941
v 0.071634 -0.451996 0.672975
v 0.032067 -0.521246 0.642643
v 0.110403 -0.487036 0.659955
v 0.041496 -0.367123 0.688249
v -0.041548 -0.367126 0.688255
v 0.044159 -0.310769 0.697079
v -0.044196 -0.310768 0.697091
v 0.121337 -0.433157 0.667651
v 0.086518 -0.342181 0.686741
v -0.121338 -0.433142 0.667655
v -0.086542 -0.342186 0.686787
v -0.000001 0.314581 0.587533
v -0.061246 0.307158 0.611803
v -0.024003 0.323364 0.552303
v -0.091654 0.312537 0.585832
v 0.061248 0.307159 0.611808
v 0.024001 0.323366 0.552300
v 0.091656 0.312536 0.585840
v 0.037220 0.295611 0.644026
v -0.037223 0.295606 0.644026
v 0.040700 0.273940 0.656505
v -0.040699 0.273931 0.656504
v 0.106445 0.304680 0.610552
v 0.079526 0.290088 0.644406
v -0.106442 0.304675 0.610544
v -0.079519 0.290081 0.644407
v -0.000025 -0.318552 -0.580571
v -0.060559 -0.306576 -0.609029
v -0.023203 -0.334202 -0.540299
v -0.089628 -0.314175 -0.581118
v 0.060542 -0.306570 -0.609031
v 0.023133 -0.334181 -0.540329
v 0.089583 -0.314173 -0.581139
v 0.037526 -0.290614 -0.640861
v -0.037513 -0.290617 -0.640862
v 0.041796 -0.272303 -0.653709
v -0.041786 -0.272299 -0.653701
v 0.104879 -0.302211 -0.608017
v 0.079734 -0.282336 -0.642882
v -0.104891 -0.302231 -0.608017
v -0.079724 -0.282341 -0.642885
v -0.000012 0.466468 -0.647726
v -0.069385 0.419665 -0.667686
v -0.028590 0.505883 -0.624699
v -0.105016 0.454193 -0.647686
v 0.069147 0.419218 -0.666849
v 0.028560 0.508963 -0.628322
v 0.104282 0.452958 -0.646865
v 0.042582 0.350623 -0.707097
v -0.042562 0.350742 -0.707168
v 0.047254 0.307901 -0.734237
v -0.047161 0.307945 -0.734205
v 0.119230 0.404484 -0.667809
v 0.090745 0.331849 -0.714238
v -0.119518 0.405154 -0.668319
v -0.090699 0.331980 -0.714235
v 0.597317 0.043286 -0.402236
v 0.634773 0.026072 -0.342724
v 0.587882 0.083530 -0.385369
v 0.631226 0.059346 -0.319256
v 0.595351 -0.039840 -0.400924
v 0.633939 -0.023383 -0.342172
v 0.583113 -0.081522 -0.381399
v 0.628549 -0.058244 -0.317313
v 0.579931 0.001537 -0.442631
v 0.563214 -0.069485 -0.422184
v 0.552732 -0.015831 -0.470951
v 0.567140 0.072684 -0.425814
v 0.553612 0.019101 -0.471943
v 0.648052 0.029980 -0.294341
v 0.647201 -0.027994 -0.293931
v 0.613968 0.045257 0.401771
v 0.654551 0.026454 0.341318
v 0.603810 0.085543 0.384143
v 0.650310 0.061162 0.317776
v 0.614151 -0.047206 0.402568
v 0.654207 -0.027962 0.341628
v 0.605288 -0.085848 0.384988
v 0.649992 -0.062874 0.318160
v 0.594126 -0.001308 0.441658
v 0.583544 -0.073916 0.424807
v 0.564621 -0.020127 0.472141
v 0.581334 0.073657 0.423592
v 0.564179 0.017381 0.471833
v 0.673394 0.029689 0.295634
v 0.672806 -0.030851 0.296081
v -0.597323 0.043292 -0.402247
v -0.634763 0.026090 -0.342722
v -0.587820 0.083572 -0.385338
v -0.631223 0.059361 -0.319261
v -0.595302 -0.039863 -0.400901
v -0.633911 -0.023388 -0.342168
v -0.583122 -0.081522 -0.381426
v -0.628538 -0.058253 -0.317323
v -0.579921 0.001547 -0.442627
v -0.563204 -0.069482 -0.422175
v -0.552720 -0.015827 -0.470943
v -0.567150 0.072685 -0.425827
v -0.553605 0.019124 -0.471948
v -0.648036 0.029993 -0.294345
v -0.647146 -0.027998 -0.293910
v -0.613971 0.045270 0.401771
v -0.654554 0.026473 0.341309
v -0.603817 0.085543 0.384145
v -0.650339 0.061160 0.317784
v -0.614139 -0.047206 0.402568
v -0.654204 -0.027946 0.341628
v -0.605258 -0.085858 0.384983
v -0.649969 -0.062866 0.318158
v -0.594111 -0.001305 0.441660
v -0.583524 -0.073933 0.424806
v -0.564596 -0.020130 0.472128
v -0.581325 0.073663 0.423591
v -0.564172 0.017383 0.471837
v -0.673386 0.029705 0.295622
v -0.672758 -0.030822 0.296066
v -0.036233 0.492279 -0.008941
v -0.026194 0.503376 -0.057196
v -0.070891 0.485261 -0.001116
v -0.058001 0.495873 -0.054877
v 0.036228 0.492278 -0.008944
v 0.026210 0.503398 -0.057215
v 0.070889 0.485251 -0.001140
v 0.058018 0.495878 -0.054905
v 0.000002 0.488679 0.008343
v -0.061423 0.479625 0.024698
v -0.015935 0.473080 0.050774
v -0.000001 0.510629 -0.090614
v -0.035067 0.502852 -0.084974
v -0.008535 0.512105 -0.136169
v 0.061425 0.479606 0.024696
v 0.015931 0.473080 0.050773
v 0.035145 0.502860 -0.085011
v 0.008519 0.512124 -0.136192
v -0.193924 0.403733 0.222526
v -0.276738 0.377605 0.268400
v -0.212958 0.414379 0.176477
v -0.295595 0.387269 0.219650
v -0.127585 0.367628 0.368609
v -0.208469 0.346852 0.417441
v -0.102550 0.355722 0.417792
v -0.181484 0.337007 0.465567
v -0.122852 0.397393 0.269561
v -0.162764 0.422571 0.174266
v -0.094516 0.414904 0.218620
v -0.285595 0.349828 0.364124
v -0.327271 0.368324 0.263342
v -0.337861 0.341453 0.358759
v -0.076242 0.371166 0.368851
v -0.073145 0.400990 0.268336
v -0.233808 0.331906 0.461411
v -0.313981 0.333141 0.408935
v -0.200237 0.545357 -0.311103
v -0.303807 0.543118 -0.347473
v -0.210966 0.507712 -0.252225
v -0.292699 0.488391 -0.288082
v -0.156603 0.625248 -0.480185
v -0.224023 0.543194 -0.492818
v -0.125259 0.595077 -0.517334
v -0.200242 0.531512 -0.542690
v -0.137730 0.620415 -0.392664
v -0.160230 0.527544 -0.258705
v -0.100959 0.584028 -0.325615
v -0.312553 0.537784 -0.429015
v -0.327291 0.494631 -0.325445
v -0.334432 0.489754 -0.397867
v -0.107075 0.635470 -0.477446
v -0.093641 0.632023 -0.393307
v -0.242970 0.496003 -0.519850
v -0.308082 0.474072 -0.446072
v -0.473749 0.345045 -0.200561
v -0.528753 0.321068 -0.117895
v -0.452708 0.371841 -0.170566
v -0.504281 0.344534 -0.092015
v -0.542183 0.247920 -0.292728
v -0.584837 0.221801 -0.206970
v -0.558449 0.210488 -0.321830
v -0.598391 0.181721 -0.236397
v -0.481378 0.312287 -0.286748
v -0.431025 0.373749 -0.227489
v -0.435213 0.344541 -0.311641
v -0.581995 0.265158 -0.118402
v -0.539255 0.320927 -0.065209
v -0.592794 0.268372 -0.063073
v -0.526566 0.241395 -0.347450
v -0.463219 0.308700 -0.341360
v -0.611675 0.187007 -0.178336
v -0.610174 0.232730 -0.090998
v -0.503853 0.324020 0.208835
v -0.545956 0.312543 0.136116
v -0.477529 0.341801 0.175673
v -0.519126 0.332402 0.106217
v -0.558159 0.258203 0.294709
v -0.604556 0.233039 0.217562
v -0.569229 0.220381 0.318604
v -0.616289 0.190614 0.242391
v -0.508965 0.301643 0.291678
v -0.464727 0.336260 0.226905
v -0.470457 0.313992 0.312379
v -0.597119 0.268698 0.140656
v -0.551129 0.316004 0.085607
v -0.601749 0.270785 0.089560
v -0.537480 0.252000 0.345167
v -0.488027 0.295895 0.342557
v -0.630565 0.196542 0.191992
v -0.620874 0.238675 0.115328
v 0.193904 0.403703 0.222520
v 0.276729 0.377597 0.268402
v 0.212956 0.414373 0.176470
v 0.295611 0.387275 0.219664
v 0.127594 0.367635 0.368626
v 0.208487 0.346845 0.417467
v 0.102543 0.355727 0.417771
v 0.181490 0.336993 0.465574
v 0.122860 0.397413 0.269571
v 0.162765 0.422564 0.174263
v 0.094510 0.414869 0.218636
v 0.076238 0.371170 0.368836
v 0.073155 0.401012 0.268343
v 0.285583 0.349834 0.364114
v 0.327285 0.368323 0.263358
v 0.337858 0.341459 0.358764
v 0.233803 0.331906 0.461402
v 0.313985 0.333138 0.408950
v 0.200270 0.545318 -0.311118
v 0.303677 0.543054 -0.347468
v 0.210915 0.507700 -0.252173
v 0.292621 0.488365 -0.288088
v 0.156711 0.625158 -0.479528
v 0.224565 0.544943 -0.493344
v 0.126036 0.596974 -0.518856
v 0.201313 0.535312 -0.543989
v 0.137883 0.620228 -0.392852
v 0.160179 0.527470 -0.258747
v 0.100964 0.584028 -0.325661
v 0.107068 0.634305 -0.477240
v 0.093689 0.632334 -0.393319
v 0.312590 0.538093 -0.428964
v 0.326832 0.494476 -0.325611
v 0.334341 0.489627 -0.397677
v 0.243344 0.497695 -0.520266
v 0.308086 0.474248 -0.446021
v 0.473819 0.345022 -0.200521
v 0.528746 0.321062 -0.117901
v 0.452694 0.371799 -0.170572
v 0.504293 0.344530 -0.092009
v 0.542191 0.247946 -0.292754
v 0.584848 0.221819 -0.206980
v 0.558428 0.210504 -0.321836
v 0.598380 0.181725 -0.236397
v 0.481395 0.312231 -0.286743
v 0.430994 0.373679 -0.227486
v 0.435242 0.344466 -0.311629
v 0.581990 0.265184 -0.118392
v 0.539248 0.320923 -0.065212
v 0.592794 0.268393 -0.063066
v 0.526573 0.241397 -0.347482
v 0.463257 0.308630 -0.341371
v 0.611672 0.186998 -0.178324
v 0.610183 0.232751 -0.091005
v 0.503871 0.324016 0.208836
v 0.545953 0.312543 0.136116
v 0.477530 0.341798 0.175676
v 0.519125 0.332394 0.106216
v 0.558166 0.258232 0.294709
v 0.604551 0.233057 0.217564
v 0.569224 0.220382 0.318603
v 0.616265 0.190612 0.242391
v 0.508977 0.301648 0.291676
v 0.464748 0.336254 0.226911
v 0.470464 0.313991 0.312378
v 0.597125 0.268722 0.140661
v 0.551137 0.316016 0.085611
v 0.601756 0.270812 0.089564
v 0.537474 0.252023 0.345164
v 0.488029 0.295899 0.342552
v 0.630553 0.196548 0.192001
v 0.620875 0.238689 0.115334
v -0.044780 -0.605133 0.052576
v -0.075525 -0.598122 -0.017461
v -0.088858 -0.595945 0.043373
v -0.125807 -0.601515 -0.034985
v 0.044740 -0.605108 0.052542
v 0.075511 -0.598176 -0.017476
v 0.088642 -0.596000 0.043275
v 0.125937 -0.601590 -0.035039
v -0.000017 -0.603062 0.097895
v -0.047126 -0.600839 0.082876
v -0.012155 -0.594232 0.141245
v -0.000055 -0.588064 -0.040440
v -0.116893 -0.599499 -0.062547
v -0.033760 -0.576854 -0.091658
v 0.047041 -0.600837 0.082887
v 0.012132 -0.594239 0.141266
v 0.116907 -0.599630 -0.062500
v 0.033640 -0.576879 -0.091649
v -0.196530 -0.535047 0.311780
v -0.284421 -0.513632 0.346079
v -0.219045 -0.536668 0.247180
v -0.308374 -0.512626 0.281089
v -0.162490 -0.664587 0.506286
v -0.260562 -0.640562 0.542111
v -0.110930 -0.737555 0.583938
v -0.268871 -0.681437 0.638742
v -0.124781 -0.555147 0.387785
v -0.163374 -0.548283 0.253654
v -0.090722 -0.558550 0.318636
v -0.291212 -0.513507 0.452415
v -0.339989 -0.500296 0.321620
v -0.339085 -0.484552 0.414217
v -0.106407 -0.610619 0.503507
v -0.076349 -0.566555 0.382788
v -0.282125 -0.577013 0.577228
v -0.320134 -0.493110 0.471603
v -0.221966 -0.578119 -0.265710
v -0.275562 -0.483488 -0.272800
v -0.274963 -0.663136 -0.267098
v -0.305535 -0.514642 -0.235683
v -0.124494 -0.438154 -0.360217
v -0.194601 -0.385764 -0.398947
v -0.098288 -0.406099 -0.404408
v -0.170596 -0.363386 -0.448511
v -0.133892 -0.520634 -0.286536
v -0.196997 -0.644639 -0.236185
v -0.113302 -0.554014 -0.246445
v -0.264133 -0.394544 -0.344558
v -0.310233 -0.449180 -0.253908
v -0.311254 -0.374553 -0.339059
v -0.075779 -0.444962 -0.364037
v -0.083755 -0.523045 -0.286118
v -0.219916 -0.351037 -0.446319
v -0.290856 -0.356824 -0.390470
v -0.476924 -0.333010 -0.191801
v -0.529382 -0.315189 -0.112675
v -0.449344 -0.367023 -0.157517
v -0.501942 -0.345792 -0.081698
v -0.543179 -0.246775 -0.292678
v -0.584994 -0.224592 -0.206398
v -0.555002 -0.213629 -0.318472
v -0.596324 -0.184925 -0.234890
v -0.491150 -0.293526 -0.285998
v -0.435770 -0.358066 -0.211187
v -0.452951 -0.311426 -0.307244
v -0.584437 -0.263152 -0.117730
v -0.541373 -0.319954 -0.057677
v -0.594367 -0.266699 -0.062412
v -0.523873 -0.240946 -0.345296
v -0.474231 -0.286525 -0.341615
v -0.610039 -0.189658 -0.177092
v -0.611123 -0.234378 -0.090071
v -0.489815 -0.375754 0.218624
v -0.535356 -0.338306 0.142722
v -0.467459 -0.407699 0.192859
v -0.508314 -0.368203 0.118343
v -0.549532 -0.261884 0.291135
v -0.600204 -0.231456 0.215617
v -0.565215 -0.217936 0.315401
v -0.615550 -0.189114 0.241154
v -0.493851 -0.339566 0.293296
v -0.455932 -0.412944 0.244730
v -0.456478 -0.376832 0.320686
v -0.591631 -0.272582 0.140634
v -0.541473 -0.334758 0.093133
v -0.597910 -0.273096 0.090356
v -0.530028 -0.254822 0.340284
v -0.474018 -0.335625 0.343372
v -0.629810 -0.195301 0.190980
v -0.618717 -0.238245 0.114875
v 0.196579 -0.535116 0.311718
v 0.284459 -0.513703 0.346000
v 0.219018 -0.536744 0.247156
v 0.308413 -0.512704 0.281090
v 0.163757 -0.664504 0.505180
v 0.261640 -0.639695 0.541300
v 0.111482 -0.738528 0.581905
v 0.269281 -0.680150 0.638454
v 0.124962 -0.555161 0.387701
v 0.163397 -0.548355 0.253636
v 0.090856 -0.558604 0.318637
v 0.106951 -0.611839 0.503057
v 0.076683 -0.566580 0.382782
v 0.291259 -0.513350 0.452356
v 0.340061 -0.500367 0.321662
v 0.339161 -0.484657 0.414258
v 0.282468 -0.576603 0.576999
v 0.320272 -0.493110 0.471589
v 0.223529 -0.578419 -0.265218
v 0.276326 -0.483665 -0.272347
v 0.278254 -0.662414 -0.265489
v 0.306341 -0.514494 -0.234941
v 0.124601 -0.438231 -0.360059
v 0.194633 -0.385783 -0.398903
v 0.098263 -0.406121 -0.404334
v 0.170565 -0.363404 -0.448542
v 0.134384 -0.520922 -0.286359
v 0.198252 -0.645655 -0.236739
v 0.113744 -0.554229 -0.246293
v 0.075794 -0.445001 -0.363968
v 0.083797 -0.523053 -0.285937
v 0.264136 -0.394619 -0.344415
v 0.310373 -0.449430 -0.253548
v 0.311169 -0.374707 -0.339009
v 0.219878 -0.351033 -0.446389
v 0.290789 -0.356803 -0.390463
v 0.476752 -0.333150 -0.191790
v 0.529305 -0.315171 -0.112684
v 0.449212 -0.367213 -0.157513
v 0.501821 -0.345826 -0.081729
v 0.543200 -0.246740 -0.292674
v 0.585013 -0.224561 -0.206393
v 0.555022 -0.213630 -0.318479
v 0.596330 -0.184928 -0.234894
v 0.491136 -0.293469 -0.286028
v 0.435609 -0.358220 -0.211157
v 0.452867 -0.311401 -0.307273
v 0.584460 -0.263107 -0.117722
v 0.541351 -0.319912 -0.057677
v 0.594391 -0.266654 -0.062408
v 0.523898 -0.240908 -0.345295
v 0.474223 -0.286459 -0.341629
v 0.610052 -0.189685 -0.177099
v 0.611155 -0.234362 -0.090063
v 0.489780 -0.375778 0.218627
v 0.535344 -0.338315 0.142699
v 0.467456 -0.407793 0.192876
v 0.508286 -0.368241 0.118314
v 0.549497 -0.261845 0.291120
v 0.600211 -0.231430 0.215606
v 0.565244 -0.217923 0.315396
v 0.615510 -0.189078 0.241155
v 0.493812 -0.339569 0.293299
v 0.455921 -0.413015 0.244760
v 0.456449 -0.376863 0.320711
v 0.591637 -0.272550 0.140621
v 0.541452 -0.334760 0.093111
v 0.597871 -0.273030 0.090348
v 0.530006 -0.254797 0.340271
v 0.473964 -0.335621 0.343373
v 0.629836 -0.195288 0.190970
v 0.618696 -0.238182 0.114872
v 0.048915 -0.084328 0.720617
v -0.048930 -0.084337 0.720599
v 0.050313 -0.139251 0.742461
v -0.050351 -0.139261 0.742431
v 0.047224 0.079663 0.698112
v -0.047206 0.079667 0.698112
v 0.046372 0.135427 0.689182
v -0.046357 0.135432 0.689193
v 0.096872 -0.002245 0.699586
v 0.097475 -0.110915 0.717194
v 0.145883 -0.028780 0.694436
v -0.096848 -0.002288 0.699566
v -0.097509 -0.110961 0.717206
v -0.145864 -0.028785 0.694406
v 0.094722 0.107396 0.686646
v 0.145495 0.025375 0.688551
v -0.094709 0.107400 0.686654
v -0.145455 0.025356 0.688503
v 0.299157 -0.307962 0.592482
v 0.268556 -0.221336 0.629915
v 0.260548 -0.346475 0.622097
v 0.224256 -0.254025 0.650594
v 0.424587 -0.197555 0.515885
v 0.409147 -0.123019 0.571606
v 0.467049 -0.163998 0.492982
v 0.453295 -0.093513 0.551101
v 0.369496 -0.289651 0.524658
v 0.295816 -0.371926 0.590450
v 0.360921 -0.346635 0.514338
v 0.453318 -0.215753 0.474691
v 0.399982 -0.306657 0.484058
v 0.321957 -0.131676 0.619416
v 0.229106 -0.193873 0.657876
v 0.281685 -0.106186 0.647730
v 0.417516 -0.073051 0.581692
v 0.328925 -0.076943 0.629097
v -0.299177 -0.307853 0.592497
v -0.268590 -0.221302 0.629923
v -0.260607 -0.346350 0.622060
v -0.224274 -0.253948 0.650548
v -0.424586 -0.197555 0.515909
v -0.409172 -0.123054 0.571622
v -0.467069 -0.164019 0.493008
v -0.453291 -0.093557 0.551102
v -0.369546 -0.289603 0.524712
v -0.295838 -0.371778 0.590415
v -0.360940 -0.346563 0.514322
v -0.453359 -0.215812 0.474735
v -0.400028 -0.306616 0.484029
v -0.322005 -0.131680 0.619448
v -0.229154 -0.193864 0.657859
v -0.281714 -0.106220 0.647736
v -0.417513 -0.073094 0.581680
v -0.328939 -0.076986 0.629090
v 0.297305 0.267368 0.574034
v 0.266956 0.209593 0.617142
v 0.250616 0.284024 0.588425
v 0.220922 0.233652 0.629910
v 0.427291 0.198993 0.519212
v 0.403730 0.127210 0.566508
v 0.467083 0.166732 0.494504
v 0.448254 0.097487 0.547616
v 0.377100 0.264550 0.523166
v 0.286817 0.292209 0.556019
v 0.366066 0.288457 0.501724
v 0.457827 0.215683 0.479467
v 0.408850 0.274837 0.483209
v 0.319664 0.130914 0.612499
v 0.228173 0.188364 0.642626
v 0.280244 0.105921 0.639725
v 0.412121 0.074880 0.577353
v 0.326284 0.077985 0.623692
v -0.297319 0.267354 0.574028
v -0.266959 0.209579 0.617132
v -0.250629 0.284014 0.588417
v -0.220928 0.233640 0.629912
v -0.427302 0.198979 0.519213
v -0.403737 0.127216 0.566516
v -0.467088 0.166759 0.494533
v -0.448261 0.097495 0.547637
v -0.377128 0.264543 0.523168
v -0.286833 0.292212 0.556013
v -0.366081 0.288449 0.501716
v -0.457829 0.215671 0.479470
v -0.408858 0.274841 0.483204
v -0.319673 0.130920 0.612506
v -0.228175 0.188363 0.642629
v -0.280248 0.105938 0.639731
v -0.412114 0.074883 0.577344
v -0.326281 0.077994 0.623681
v 0.048313 -0.076758 -0.690452
v -0.048339 -0.076787 -0.690418
v 0.047743 -0.134060 -0.681766
v -0.047760 -0.134055 -0.681773
v 0.051359 0.099073 -0.743617
v -0.051346 0.099084 -0.743617
v 0.053226 0.156753 -0.770413
v -0.053186 0.156757 -0.770240
v 0.098198 0.011372 -0.706513
v 0.096551 -0.109036 -0.684026
v 0.144654 -0.018365 -0.690745
v -0.098186 0.011391 -0.706525
v -0.096580 -0.109010 -0.684027
v -0.144666 -0.018338 -0.690768
v 0.104168 0.128427 -0.750939
v 0.148037 0.040611 -0.708067
v -0.104185 0.128462 -0.751129
v -0.148071 0.040588 -0.708125
v 0.292561 -0.260948 -0.573620
v 0.265281 -0.206621 -0.613386
v 0.246890 -0.275789 -0.586304
v 0.218520 -0.228951 -0.624641
v 0.417755 -0.191357 -0.516539
v 0.394328 -0.122575 -0.561525
v 0.457341 -0.163095 -0.495085
v 0.435919 -0.094087 -0.540609
v 0.368171 -0.254041 -0.522683
v 0.280940 -0.284244 -0.554492
v 0.356412 -0.279507 -0.502391
v 0.447623 -0.208748 -0.480964
v 0.398512 -0.264858 -0.484268
v 0.318236 -0.131003 -0.610367
v 0.224775 -0.183132 -0.634585
v 0.276601 -0.103534 -0.631847
v 0.403327 -0.072544 -0.573627
v 0.324699 -0.076464 -0.619815
v -0.292547 -0.260955 -0.573613
v -0.265280 -0.206621 -0.613385
v -0.246922 -0.275862 -0.586363
v -0.218517 -0.228946 -0.624649
v -0.417751 -0.191327 -0.516539
v -0.394325 -0.122566 -0.561521
v -0.457337 -0.163088 -0.495079
v -0.435924 -0.094086 -0.540616
v -0.368160 -0.254049 -0.522678
v -0.280930 -0.284228 -0.554447
v -0.356415 -0.279527 -0.502380
v -0.447615 -0.208739 -0.480961
v -0.398497 -0.264890 -0.484272
v -0.318230 -0.130997 -0.610360
v -0.224774 -0.183132 -0.634588
v -0.276592 -0.103534 -0.631861
v -0.403330 -0.072537 -0.573638
v -0.324679 -0.076445 -0.619796
v 0.304269 0.293954 -0.613940
v 0.291442 0.230426 -0.685243
v 0.262008 0.327481 -0.637431
v 0.244494 0.261243 -0.706954
v 0.432804 0.196498 -0.543344
v 0.414109 0.136815 -0.595217
v 0.469296 0.165644 -0.513554
v 0.447284 0.103543 -0.559918
v 0.372720 0.274035 -0.542414
v 0.288842 0.343163 -0.590438
v 0.354350 0.320939 -0.517367
v 0.457627 0.209292 -0.495531
v 0.397110 0.286116 -0.493691
v 0.340995 0.149311 -0.663393
v 0.254882 0.211350 -0.726985
v 0.294493 0.123640 -0.683343
v 0.411202 0.083151 -0.590043
v 0.333694 0.091532 -0.648698
v -0.304208 0.294116 -0.614022
v -0.291428 0.230525 -0.685228
v -0.261979 0.327700 -0.637589
v -0.244570 0.261380 -0.707155
v -0.432795 0.196518 -0.543307
v -0.414073 0.136761 -0.595171
v -0.469304 0.165645 -0.513561
v -0.447306 0.103542 -0.559943
v -0.372673 0.274138 -0.542457
v -0.288782 0.343246 -0.590546
v -0.354265 0.321000 -0.517458
v -0.457587 0.209306 -0.495477
v -0.397043 0.286243 -0.493713
v -0.341033 0.149340 -0.663416
v -0.254890 0.211426 -0.727032
v -0.294475 0.123636 -0.683343
v -0.411186 0.083150 -0.590034
v -0.333730 0.091547 -0.648741
v 0.707172 0.034931 -0.064698
v 0.705656 -0.034003 -0.063968
v 0.693780 0.034398 -0.120658
v 0.692280 -0.033102 -0.120055
v 0.713699 0.037149 0.088804
v 0.712145 -0.037065 0.089179
v 0.708098 0.036388 0.143826
v 0.706881 -0.036371 0.144103
v 0.704651 0.074272 0.011595
v 0.687697 0.071626 -0.092521
v 0.683663 0.115449 -0.012897
v 0.697081 0.075370 0.116033
v 0.683362 0.116777 0.038002
v 0.701793 -0.075843 0.012642
v 0.683857 -0.072775 -0.091889
v 0.680990 -0.117838 -0.012017
v 0.694984 -0.076634 0.116424
v 0.682050 -0.118784 0.038546
v -0.707147 0.034947 -0.064704
v -0.705633 -0.033994 -0.063959
v -0.693765 0.034425 -0.120668
v -0.692262 -0.033098 -0.120055
v -0.713678 0.037159 0.088803
v -0.712123 -0.037051 0.089182
v -0.708129 0.036398 0.143825
v -0.706906 -0.036360 0.144106
v -0.704614 0.074298 0.011595
v -0.687707 0.071646 -0.092513
v -0.683679 0.115465 -0.012891
v -0.697072 0.075399 0.116027
v -0.683340 0.116787 0.038001
v -0.701782 -0.075834 0.012644
v -0.683842 -0.072758 -0.091873
v -0.680984 -0.117835 -0.012014
v -0.694978 -0.076641 0.116432
v -0.682055 -0.118796 0.038547
v -0.164725 0.459045 0.048773
v -0.198833 0.442184 0.090521
v -0.156449 0.481494 -0.103023
v -0.190192 0.480404 -0.147976
v -0.147172 0.452102 0.084672
v -0.135440 0.493056 -0.149272
v -0.360297 0.384624 0.165351
v -0.406392 0.373106 0.155034
v -0.392025 0.365735 0.203885
v -0.342794 0.435354 -0.198581
v -0.386768 0.414537 -0.170703
v -0.365057 0.423687 -0.229178
v -0.486784 0.361587 -0.019201
v -0.490054 0.357137 0.028212
v -0.519755 0.339795 0.007843
v 0.164731 0.459035 0.048760
v 0.198840 0.442194 0.090514
v 0.156441 0.481482 -0.103019
v 0.190161 0.480352 -0.147940
v 0.147181 0.452088 0.084670
v 0.135407 0.492992 -0.149245
v 0.360320 0.384631 0.165357
v 0.406389 0.373084 0.155041
v 0.392053 0.365705 0.203891
v 0.342795 0.435315 -0.198555
v 0.386808 0.414487 -0.170640
v 0.365064 0.423682 -0.229148
v 0.486763 0.361569 -0.019209
v 0.490057 0.357123 0.028210
v 0.519755 0.339792 0.007843
v -0.177034 -0.567209 0.089810
v -0.208460 -0.552144 0.139502
v -0.205769 -0.672275 -0.073602
v -0.269647 -0.748200 -0.097111
v -0.151374 -0.565500 0.141267
v -0.154452 -0.749771 -0.126213
v -0.383955 -0.498836 0.206110
v -0.416858 -0.473236 0.187547
v -0.405033 -0.478965 0.241087
v -0.351170 -0.480839 -0.165457
v -0.385205 -0.439527 -0.145706
v -0.367917 -0.429178 -0.192694
v -0.480596 -0.384405 -0.002083
v -0.482605 -0.391505 0.045212
v -0.513758 -0.357129 0.020699
v 0.176966 -0.567249 0.089816
v 0.208415 -0.552151 0.139490
v 0.206386 -0.672224 -0.073867
v 0.271330 -0.747807 -0.098741
v 0.151336 -0.565590 0.141275
v 0.154813 -0.750197 -0.125980
v 0.383979 -0.498941 0.206160
v 0.416857 -0.473338 0.187566
v 0.405050 -0.479077 0.241166
v 0.351203 -0.480787 -0.165044
v 0.385232 -0.439653 -0.145587
v 0.367858 -0.429395 -0.192573
v 0.480490 -0.384538 -0.002217
v 0.482570 -0.391583 0.045155
v 0.513713 -0.357159 0.020669
v -0.046893 -0.540628 0.581549
v 0.047081 -0.541143 0.581567
v -0.215075 -0.521187 0.650967
v -0.217658 -0.449452 0.648128
v 0.000569 -0.538168 0.533390
v -0.271828 -0.494153 0.646029
v 0.215050 -0.521389 0.651033
v 0.217598 -0.449624 0.648181
v 0.271546 -0.494464 0.646254
v 0.093609 -0.223966 0.708568
v 0.136851 -0.254253 0.688266
v -0.093635 -0.223986 0.708476
v -0.136877 -0.254248 0.688251
v 0.141692 -0.194286 0.701007
v -0.141704 -0.194322 0.700913
v -0.025409 0.345804 0.465524
v 0.025408 0.345803 0.465526
v -0.172692 0.316090 0.547530
v -0.189210 0.305755 0.576304
v -0.000000 0.359188 0.417930
v -0.222481 0.311693 0.539058
v 0.172694 0.316083 0.547531
v 0.189212 0.305753 0.576313
v 0.222481 0.311694 0.539066
v 0.089548 0.211914 0.668398
v 0.132950 0.233615 0.654395
v -0.089542 0.211913 0.668403
v -0.132947 0.233611 0.654399
v 0.138016 0.187849 0.665511
v -0.138010 0.187847 0.665511
v -0.024273 -0.382279 -0.450585
v 0.024194 -0.382275 -0.450584
v -0.167744 -0.318790 -0.542114
v -0.185349 -0.302841 -0.573666
v -0.000040 -0.413690 -0.406911
v -0.217817 -0.311201 -0.538027
v 0.167664 -0.318781 -0.542153
v 0.185316 -0.302836 -0.573689
v 0.217754 -0.311173 -0.538095
v 0.090343 -0.211991 -0.666319
v 0.131001 -0.231915 -0.652224
v -0.090353 -0.211990 -0.666319
v -0.130998 -0.231906 -0.652218
v 0.136252 -0.186898 -0.662847
v -0.136261 -0.186898 -0.662844
v -0.031568 0.574064 -0.559772
v 0.031821 0.577395 -0.563395
v -0.200569 0.472746 -0.625845
v -0.211630 0.414446 -0.643426
v 0.000080 0.600728 -0.519653
v -0.235769 0.431622 -0.594929
v 0.200466 0.472577 -0.625456
v 0.211787 0.413770 -0.643421
v 0.235919 0.432086 -0.594930
v 0.105043 0.239391 -0.767760
v 0.154017 0.266101 -0.750714
v -0.104963 0.239413 -0.767768
v -0.154026 0.266306 -0.751182
v 0.160072 0.214992 -0.767331
v -0.160035 0.215041 -0.767382
v 0.551412 0.159611 -0.393856
v 0.527720 0.147251 -0.438467
v 0.634008 0.104222 -0.236148
v 0.658289 0.068091 -0.208911
v 0.519463 0.191611 -0.421056
v 0.647786 0.108076 -0.179068
v 0.541474 -0.158620 -0.385774
v 0.518176 -0.145584 -0.429276
v 0.630850 -0.105497 -0.234423
v 0.654454 -0.068714 -0.207554
v 0.508764 -0.191291 -0.412482
v 0.644470 -0.109563 -0.177841
v 0.485303 -0.020122 -0.526538
v 0.485943 0.025639 -0.528747
v 0.448237 0.003337 -0.556425
v 0.559373 0.166327 0.387814
v 0.533450 0.151431 0.429600
v 0.656093 0.107923 0.243365
v 0.685073 0.069154 0.220330
v 0.524303 0.200351 0.412423
v 0.669991 0.112209 0.193378
v 0.560761 -0.162223 0.386167
v 0.535152 -0.148272 0.428721
v 0.657007 -0.108822 0.243783
v 0.683507 -0.071197 0.221214
v 0.522019 -0.196500 0.408436
v 0.669596 -0.113642 0.193839
v 0.500234 -0.023402 0.536404
v 0.499333 0.020012 0.536018
v 0.463011 -0.001348 0.563042
v -0.551432 0.159598 -0.393864
v -0.527723 0.147246 -0.438463
v -0.634058 0.104208 -0.236164
v -0.658275 0.068118 -0.208916
v -0.519459 0.191595 -0.421043
v -0.647848 0.108081 -0.179091
v -0.541483 -0.158636 -0.385772
v -0.518169 -0.145587 -0.429280
v -0.630863 -0.105519 -0.234443
v -0.654459 -0.068708 -0.207556
v -0.508748 -0.191283 -0.412469
v -0.644488 -0.109559 -0.177844
v -0.485288 -0.020114 -0.526540
v -0.485949 0.025638 -0.528753
v -0.448249 0.003330 -0.556446
v -0.559379 0.166320 0.387815
v -0.533489 0.151469 0.429638
v -0.656104 0.107946 0.243363
v -0.685081 0.069169 0.220313
v -0.524278 0.200329 0.412404
v -0.670009 0.112216 0.193364
v -0.560750 -0.162255 0.386178
v -0.535176 -0.148287 0.428729
v -0.657006 -0.108838 0.243794
v -0.683473 -0.071185 0.221212
v -0.522012 -0.196492 0.408437
v -0.669601 -0.113654 0.193846
v -0.500224 -0.023415 0.536395
v -0.499326 0.020019 0.536016
v -0.463001 -0.001354 0.563033
v -0.021946 0.435900 0.162998
v 0.021946 0.435900 0.163003
v 0.000002 0.419575 0.215520
v -0.020464 0.554893 -0.260283
v 0.020292 0.554726 -0.260274
v -0.000055 0.590056 -0.323553
v -0.406847 0.317542 0.382001
v -0.381398 0.311062 0.430857
v -0.424976 0.302343 0.413492
v -0.370013 0.381624 -0.389428
v -0.354553 0.377778 -0.441574
v -0.396946 0.339059 -0.416994
v -0.625361 0.239270 0.014390
v -0.644534 0.200434 -0.011384
v -0.645442 0.201366 0.038925
v 0.406852 0.317542 0.382009
v 0.381396 0.311065 0.430866
v 0.424976 0.302348 0.413500
v 0.370051 0.381427 -0.389292
v 0.354547 0.377723 -0.441461
v 0.396968 0.338969 -0.416927
v 0.625351 0.239284 0.014396
v 0.644519 0.200432 -0.011380
v 0.645400 0.201342 0.038936
v -0.019633 -0.576736 0.255395
v 0.019696 -0.576778 0.255348
v 0.000118 -0.572845 0.317414
v -0.033035 -0.553307 -0.192656
v 0.032956 -0.553353 -0.192599
v -0.000072 -0.541265 -0.240379
v -0.397561 -0.413000 0.402106
v -0.374693 -0.408495 0.453647
v -0.413226 -0.370018 0.421413
v -0.388365 -0.319264 -0.375002
v -0.365171 -0.309050 -0.425906
v -0.410425 -0.295231 -0.411197
v -0.624624 -0.238827 0.014195
v -0.643861 -0.202005 -0.011042
v -0.644843 -0.202175 0.038780
v 0.397532 -0.413199 0.402146
v 0.374710 -0.408535 0.453650
v 0.413184 -0.370097 0.421402
v 0.388249 -0.319243 -0.375059
v 0.365121 -0.308992 -0.425994
v 0.410397 -0.295190 -0.411225
v 0.624642 -0.238808 0.014196
v 0.643875 -0.201998 -0.011042
v 0.644857 -0.202171 0.038781
v 0.244375 -0.027753 0.674992
v 0.244067 0.025169 0.671171
v 0.288713 -0.000757 0.656755
v -0.244374 -0.027769 0.674987
v -0.244058 0.025179 0.671165
v -0.288709 -0.000764 0.656743
v 0.237185 -0.018283 -0.663742
v 0.241655 0.040073 -0.678117
v 0.284680 0.009088 -0.652902
v -0.237196 -0.018282 -0.663744
v -0.241688 0.040056 -0.678183
v -0.284691 0.009087 -0.652902
f 1 647 644
f 1 644 643
f 1 643 645
f 1 645 646
f 1 646 647
f 2 649 652
f 6 672 670
f 12 702 699
f 11 696 695
f 8 679 681
f 4 662 659
f 4 659 658
f 4 658 660
f 4 660 661
f 4 661 662
f 5 666 665
f 3 654 657
f 7 673 677
f 9 685 686
f 10 692 688
f 12 701 698
f 6 669 668
f 2 650 648
f 8 682 678
f 11 697 693
f 6 671 669
f 12 700 701
f 11 694 697
f 8 680 682
f 2 651 650
f 10 690 689
f 5 663 664
f 3 655 653
f 7 676 674
f 9 687 684
f 10 691 690
f 5 667 663
f 3 656 655
f 7 675 676
f 9 683 687
f 6 668 672
f 2 648 649
f 8 678 679
f 11 693 696
f 12 698 702
f 10 688 691
f 5 665 667
f 3 657 656
f 7 677 675
f 9 686 683
f 5 664 666
f 3 653 654
f 7 674 673
f 9 684 685
f 10 689 692
f 6 670 671
f 12 699 700
f 11 695 694
f 8 681 680
f 2 652 651
f 35 837 838
f 18 735 736
f 19 742 741
f 40 868 867
f 42 880 879
f 34 832 831
f 33 827 828
f 25 778 780
f 36 844 846
f 20 749 747
f 32 819 820
f 23 765 767
f 24 773 771
f 37 850 849
f 41 876 875
f 34 833 834
f 33 826 825
f 25 779 777
f 36 845 843
f 20 748 750
f 17 729 727
f 14 711 709
f 13 706 703
f 15 718 715
f 16 724 721
f 18 737 733
f 35 839 835
f 42 882 878
f 40 870 866
f 19 744 740
f 30 807 805
f 27 789 787
f 22 762 758
f 28 797 793
f 29 802 799
f 32 821 817
f 23 766 763
f 24 774 770
f 37 852 848
f 41 874 872
f 35 838 836
f 18 736 734
f 19 741 739
f 40 867 865
f 42 879 877
f 34 831 829
f 33 828 824
f 25 780 776
f 36 846 842
f 20 747 745
f 32 820 818
f 23 767 764
f 24 771 769
f 37 849 847
f 41 875 871
f 34 834 830
f 33 825 823
f 25 777 775
f 36 843 841
f 20 750 746
f 14 714 710
f 13 707 704
f 15 719 716
f 16 725 722
f 17 732 728
f 21 755 752
f 31 814 811
f 26 784 781
f 38 857 853
f 39 862 860
f 27 792 788
f 22 759 757
f 28 796 794
f 29 803 800
f 30 810 806
f 31 815 812
f 26 785 782
f 38 856 854
f 39 863 859
f 21 754 751
f 14 712 714
f 13 705 707
f 15 717 719
f 16 723 725
f 17 730 732
f 21 753 755
f 31 816 814
f 26 786 784
f 38 858 857
f 39 861 862
f 27 791 792
f 22 761 759
f 28 795 796
f 29 801 803
f 30 808 810
f 31 813 815
f 26 783 785
f 38 855 856
f 39 864 863
f 21 756 754
f 14 709 712
f 13 703 705
f 15 715 717
f 16 721 723
f 17 727 730
f 21 751 753
f 31 812 816
f 26 782 786
f 38 854 858
f 39 859 861
f 27 787 791
f 22 758 761
f 28 793 795
f 29 799 801
f 30 805 808
f 31 811 813
f 26 781 783
f 38 853 855
f 39 860 864
f 21 752 756
f 17 728 731
f 14 710 713
f 13 704 708
f 15 716 720
f 16 722 726
f 18 734 738
f 35 836 840
f 42 877 881
f 40 865 869
f 19 739 743
f 30 806 809
f 27 788 790
f 22 757 760
f 28 794 798
f 29 800 804
f 32 818 822
f 23 764 768
f 24 769 772
f 37 847 851
f 41 871 873
f 35 835 837
f 18 733 735
f 19 740 742
f 40 866 868
f 42 878 880
f 34 830 832
f 33 823 827
f 25 775 778
f 36 841 844
f 20 746 749
f 32 817 819
f 23 763 765
f 24 770 773
f 37 848 850
f 41 872 876
f 34 829 833
f 33 824 826
f 25 776 779
f 36 842 845
f 20 745 748
f 17 731 729
f 14 713 711
f 13 708 706
f 15 720 718
f 16 726 724
f 18 738 737
f 35 840 839
f 42 881 882
f 40 869 870
f 19 743 744
f 30 809 807
f 27 790 789
f 22 760 762
f 28 798 797
f 29 804 802
f 32 822 821
f 23 768 766
f 24 772 774
f 37 851 852
f 41 873 874
f 107 1269 1270
f 103 1245 1246
f 104 1252 1251
f 110 1288 1287
f 113 1306 1305
f 118 1336 1335
f 154 1551 1552
f 141 1473 1474
f 162 1599 1600
f 121 1354 1353
f 142 1479 1480
f 129 1401 1402
f 130 1408 1407
f 144 1492 1491
f 146 1504 1503
f 151 1533 1534
f 131 1414 1413
f 136 1444 1443
f 161 1594 1593
f 126 1383 1384
f 116 1323 1324
f 108 1275 1276
f 106 1263 1264
f 112 1299 1300
f 115 1317 1318
f 119 1341 1342
f 156 1564 1563
f 139 1462 1461
f 160 1588 1587
f 120 1347 1348
f 149 1521 1522
f 132 1420 1419
f 128 1395 1396
f 145 1497 1498
f 148 1515 1516
f 155 1557 1558
f 133 1425 1426
f 134 1431 1432
f 157 1570 1569
f 124 1372 1371
f 109 1282 1281
f 105 1258 1257
f 111 1294 1293
f 114 1312 1311
f 117 1330 1329
f 125 1378 1377
f 152 1540 1539
f 137 1449 1450
f 158 1575 1576
f 123 1365 1366
f 143 1486 1485
f 127 1390 1389
f 135 1437 1438
f 147 1510 1509
f 150 1528 1527
f 153 1546 1545
f 140 1468 1467
f 138 1455 1456
f 159 1581 1582
f 122 1359 1360
f 107 1272 1271
f 103 1248 1247
f 104 1253 1254
f 110 1289 1290
f 113 1307 1308
f 118 1337 1338
f 154 1554 1553
f 141 1476 1475
f 162 1602 1601
f 121 1355 1356
f 142 1482 1481
f 129 1404 1403
f 130 1409 1410
f 144 1493 1494
f 146 1505 1506
f 151 1536 1535
f 131 1415 1416
f 136 1445 1446
f 161 1595 1596
f 126 1386 1385
f 47 909 907
f 44 891 889
f 43 886 883
f 45 898 895
f 46 904 901
f 49 922 919
f 72 1060 1057
f 102 1240 1237
f 96 1204 1201
f 79 1102 1099
f 62 999 997
f 59 981 979
f 58 976 973
f 60 988 985
f 61 994 991
f 66 1024 1021
f 54 952 949
f 73 1066 1063
f 85 1138 1135
f 92 1179 1177
f 101 1233 1231
f 69 1041 1039
f 50 927 925
f 82 1119 1117
f 97 1209 1207
f 71 1053 1051
f 100 1228 1225
f 94 1192 1189
f 80 1108 1105
f 51 933 931
f 90 1167 1165
f 63 1005 1003
f 55 957 955
f 76 1083 1081
f 87 1150 1147
f 91 1174 1171
f 67 1029 1027
f 56 963 961
f 75 1077 1075
f 83 1126 1123
f 68 1036 1033
f 48 915 913
f 78 1095 1093
f 93 1185 1183
f 98 1216 1213
f 88 1155 1153
f 65 1018 1015
f 57 970 967
f 77 1090 1087
f 86 1143 1141
f 64 1012 1009
f 53 945 943
f 74 1071 1069
f 84 1131 1129
f 89 1162 1159
f 70 1047 1045
f 99 1221 1219
f 95 1197 1195
f 81 1114 1111
f 52 940 937
f 109 1284 1280
f 105 1260 1256
f 111 1296 1292
f 114 1314 1310
f 117 1332 1328
f 125 1380 1376
f 152 1542 1538
f 137 1451 1447
f 158 1577 1573
f 123 1367 1363
f 143 1488 1484
f 127 1392 1388
f 135 1439 1435
f 147 1512 1508
f 150 1530 1526
f 153 1548 1544
f 140 1470 1466
f 138 1457 1453
f 159 1583 1579
f 122 1361 1357
f 107 1270 1268
f 103 1246 1244
f 104 1251 1249
f 110 1287 1285
f 113 1305 1303
f 118 1335 1333
f 154 1552 1550
f 141 1474 1472
f 162 1600 1598
f 121 1353 1351
f 142 1480 1478
f 129 1402 1400
f 130 1407 1405
f 144 1491 1489
f 146 1503 1501
f 151 1534 1532
f 131 1413 1411
f 136 1443 1441
f 161 1593 1591
f 126 1384 1382
f 116 1324 1322
f 108 1276 1274
f 106 1264 1262
f 112 1300 1298
f 115 1318 1316
f 119 1342 1340
f 156 1563 1561
f 139 1461 1459
f 160 1587 1585
f 120 1348 1346
f 149 1522 1520
f 132 1419 1417
f 128 1396 1394
f 145 1498 1496
f 148 1516 1514
f 155 1558 1556
f 133 1426 1424
f 134 1432 1430
f 157 1569 1567
f 124 1371 1369
f 109 1281 1279
f 105 1257 1255
f 111 1293 1291
f 114 1311 1309
f 117 1329 1327
f 125 1377 1375
f 152 1539 1537
f 137 1450 1448
f 158 1576 1574
f 123 1366 1364
f 143 1485 1483
f 127 1389 1387
f 135 1438 1436
f 147 1509 1507
f 150 1527 1525
f 153 1545 1543
f 140 1467 1465
f 138 1456 1454
f 159 1582 1580
f 122 1360 1358
f 107 1271 1267
f 103 1247 1243
f 104 1254 1250
f 110 1290 1286
f 113 1308 1304
f 118 1338 1334
f 154 1553 1549
f 141 1475 1471
f 162 1601 1597
f 121 1356 1352
f 142 1481 1477
f 129 1403 1399
f 130 1410 1406
f 144 1494 1490
f 146 1506 1502
f 151 1535 1531
f 131 1416 1412
f 136 1446 1442
f 161 1596 1592
f 126 1385 1381
f 44 894 890
f 43 887 884
f 45 899 896
f 46 905 902
f 47 912 908
f 52 941 938
f 70 1050 1046
f 99 1224 1220
f 95 1200 1196
f 81 1115 1112
f 59 984 980
f 58 977 974
f 60 989 986
f 61 995 992
f 62 1002 998
f 65 1019 1016
f 57 971 968
f 77 1091 1088
f 86 1146 1142
f 88 1158 1154
f 98 1217 1214
f 68 1037 1034
f 48 918 914
f 78 1098 1094
f 93 1188 1184
f 69 1044 1040
f 101 1236 1232
f 97 1212 1208
f 82 1122 1118
f 50 930 926
f 89 1163 1160
f 64 1013 1010
f 53 948 944
f 74 1074 1070
f 84 1134 1130
f 90 1170 1166
f 63 1008 1004
f 55 960 956
f 76 1086 1082
f 87 1151 1148
f 72 1061 1058
f 49 923 920
f 79 1103 1100
f 96 1205 1202
f 102 1241 1238
f 91 1175 1172
f 67 1032 1028
f 56 966 962
f 75 1080 1076
f 83 1127 1124
f 66 1025 1022
f 54 953 950
f 73 1067 1064
f 85 1139 1136
f 92 1182 1178
f 71 1056 1052
f 100 1229 1226
f 94 1193 1190
f 80 1109 1106
f 51 936 932
f 116 1325 1321
f 108 1277 1273
f 106 1265 1261
f 112 1301 1297
f 115 1319 1315
f 119 1343 1339
f 156 1566 1562
f 139 1464 1460
f 160 1590 1586
f 120 1349 1345
f 149 1523 1519
f 132 1422 1418
f 128 1397 1393
f 145 1499 1495
f 148 1517 1513
f 155 1559 1555
f 133 1427 1423
f 134 1433 1429
f 157 1572 1568
f 124 1374 1370
f 44 892 894
f 43 885 887
f 45 897 899
f 46 903 905
f 47 910 912
f 52 939 941
f 70 1048 1050
f 99 1222 1224
f 95 1198 1200
f 81 1113 1115
f 59 982 984
f 58 975 977
f 60 987 989
f 61 993 995
f 62 1000 1002
f 65 1017 1019
f 57 969 971
f 77 1089 1091
f 86 1144 1146
f 88 1156 1158
f 98 1215 1217
f 68 1035 1037
f 48 916 918
f 78 1096 1098
f 93 1186 1188
f 69 1042 1044
f 101 1234 1236
f 97 1210 1212
f 82 1120 1122
f 50 928 930
f 89 1161 1163
f 64 1011 1013
f 53 946 948
f 74 1072 1074
f 84 1132 1134
f 90 1168 1170
f 63 1006 1008
f 55 958 960
f 76 1084 1086
f 87 1149 1151
f 72 1059 1061
f 49 921 923
f 79 1101 1103
f 96 1203 1205
f 102 1239 1241
f 91 1173 1175
f 67 1030 1032
f 56 964 966
f 75 1078 1080
f 83 1125 1127
f 66 1023 1025
f 54 951 953
f 73 1065 1067
f 85 1137 1139
f 92 1180 1182
f 71 1054 1056
f 100 1227 1229
f 94 1191 1193
f 80 1107 1109
f 51 934 936
f 116 1326 1325
f 108 1278 1277
f 106 1266 1265
f 112 1302 1301
f 115 1320 1319
f 119 1344 1343
f 156 1565 1566
f 139 1463 1464
f 160 1589 1590
f 120 1350 1349
f 149 1524 1523
f 132 1421 1422
f 128 1398 1397
f 145 1500 1499
f 148 1518 1517
f 155 1560 1559
f 133 1428 1427
f 134 1434 1433
f 157 1571 1572
f 124 1373 1374
f 44 889 892
f 43 883 885
f 45 895 897
f 46 901 903
f 47 907 910
f 52 937 939
f 70 1045 1048
f 99 1219 1222
f 95 1195 1198
f 81 1111 1113
f 59 979 982
f 58 973 975
f 60 985 987
f 61 991 993
f 62 997 1000
f 65 1015 1017
f 57 967 969
f 77 1087 1089
f 86 1141 1144
f 88 1153 1156
f 98 1213 1215
f 68 1033 1035
f 48 913 916
f 78 1093 1096
f 93 1183 1186
f 69 1039 1042
f 101 1231 1234
f 97 1207 1210
f 82 1117 1120
f 50 925 928
f 89 1159 1161
f 64 1009 1011
f 53 943 946
f 74 1069 1072
f 84 1129 1132
f 90 1165 1168
f 63 1003 1006
f 55 955 958
f 76 1081 1084
f 87 1147 1149
f 72 1057 1059
f 49 919 921
f 79 1099 1101
f 96 1201 1203
f 102 1237 1239
f 91 1171 1173
f 67 1027 1030
f 56 961 964
f 75 1075 1078
f 83 1123 1125
f 66 1021 1023
f 54 949 951
f 73 1063 1065
f 85 1135 1137
f 92 1177 1180
f 71 1051 1054
f 100 1225 1227
f 94 1189 1191
f 80 1105 1107
f 51 931 934
f 116 1322 1326
f 108 1274 1278
f 106 1262 1266
f 112 1298 1302
f 115 1316 1320
f 119 1340 1344
f 156 1561 1565
f 139 1459 1463
f 160 1585 1589
f 120 1346 1350
f 149 1520 1524
f 132 1417 1421
f 128 1394 1398
f 145 1496 1500
f 148 1514 1518
f 155 1556 1560
f 133 1424 1428
f 134 1430 1434
f 157 1567 1571
f 124 1369 1373
f 47 908 911
f 44 890 893
f 43 884 888
f 45 896 900
f 46 902 906
f 49 920 924
f 72 1058 1062
f 102 1238 1242
f 96 1202 1206
f 79 1100 1104
f 62 998 1001
f 59 980 983
f 58 974 978
f 60 986 990
f 61 992 996
f 66 1022 1026
f 54 950 954
f 73 1064 1068
f 85 1136 1140
f 92 1178 1181
f 101 1232 1235
f 69 1040 1043
f 50 926 929
f 82 1118 1121
f 97 1208 1211
f 71 1052 1055
f 100 1226 1230
f 94 1190 1194
f 80 1106 1110
f 51 932 935
f 90 1166 1169
f 63 1004 1007
f 55 956 959
f 76 1082 1085
f 87 1148 1152
f 91 1172 1176
f 67 1028 1031
f 56 962 965
f 75 1076 1079
f 83 1124 1128
f 68 1034 1038
f 48 914 917
f 78 1094 1097
f 93 1184 1187
f 98 1214 1218
f 88 1154 1157
f 65 1016 1020
f 57 968 972
f 77 1088 1092
f 86 1142 1145
f 64 1010 1014
f 53 944 947
f 74 1070 1073
f 84 1130 1133
f 89 1160 1164
f 70 1046 1049
f 99 1220 1223
f 95 1196 1199
f 81 1112 1116
f 52 938 942
f 109 1279 1283
f 105 1255 1259
f 111 1291 1295
f 114 1309 1313
f 117 1327 1331
f 125 1375 1379
f 152 1537 1541
f 137 1448 1452
f 158 1574 1578
f 123 1364 1368
f 143 1483 1487
f 127 1387 1391
f 135 1436 1440
f 147 1507 1511
f 150 1525 1529
f 153 1543 1547
f 140 1465 1469
f 138 1454 1458
f 159 1580 1584
f 122 1358 1362
f 107 1267 1269
f 103 1243 1245
f 104 1250 1252
f 110 1286 1288
f 113 1304 1306
f 118 1334 1336
f 154 1549 1551
f 141 1471 1473
f 162 1597 1599
f 121 1352 1354
f 142 1477 1479
f 129 1399 1401
f 130 1406 1408
f 144 1490 1492
f 146 1502 1504
f 151 1531 1533
f 131 1412 1414
f 136 1442 1444
f 161 1592 1594
f 126 1381 1383
f 116 1321 1323
f 108 1273 1275
f 106 1261 1263
f 112 1297 1299
f 115 1315 1317
f 119 1339 1341
f 156 1562 1564
f 139 1460 1462
f 160 1586 1588
f 120 1345 1347
f 149 1519 1521
f 132 1418 1420
f 128 1393 1395
f 145 1495 1497
f 148 1513 1515
f 155 1555 1557
f 133 1423 1425
f 134 1429 1431
f 157 1568 1570
f 124 1370 1372
f 109 1280 1282
f 105 1256 1258
f 111 1292 1294
f 114 1310 1312
f 117 1328 1330
f 125 1376 1378
f 152 1538 1540
f 137 1447 1449
f 158 1573 1575
f 123 1363 1365
f 143 1484 1486
f 127 1388 1390
f 135 1435 1437
f 147 1508 1510
f 150 1526 1528
f 153 1544 1546
f 140 1466 1468
f 138 1453 1455
f 159 1579 1581
f 122 1357 1359
f 107 1268 1272
f 103 1244 1248
f 104 1249 1253
f 110 1285 1289
f 113 1303 1307
f 118 1333 1337
f 154 1550 1554
f 141 1472 1476
f 162 1598 1602
f 121 1351 1355
f 142 1478 1482
f 129 1400 1404
f 130 1405 1409
f 144 1489 1493
f 146 1501 1505
f 151 1532 1536
f 131 1411 1415
f 136 1441 1445
f 161 1591 1595
f 126 1382 1386
f 47 911 909
f 44 893 891
f 43 888 886
f 45 900 898
f 46 906 904
f 49 924 922
f 72 1062 1060
f 102 1242 1240
f 96 1206 1204
f 79 1104 1102
f 62 1001 999
f 59 983 981
f 58 978 976
f 60 990 988
f 61 996 994
f 66 1026 1024
f 54 954 952
f 73 1068 1066
f 85 1140 1138
f 92 1181 1179
f 101 1235 1233
f 69 1043 1041
f 50 929 927
f 82 1121 1119
f 97 1211 1209
f 71 1055 1053
f 100 1230 1228
f 94 1194 1192
f 80 1110 1108
f 51 935 933
f 90 1169 1167
f 63 1007 1005
f 55 959 957
f 76 1085 1083
f 87 1152 1150
f 91 1176 1174
f 67 1031 1029
f 56 965 963
f 75 1079 1077
f 83 1128 1126
f 68 1038 1036
f 48 917 915
f 78 1097 1095
f 93 1187 1185
f 98 1218 1216
f 88 1157 1155
f 65 1020 1018
f 57 972 970
f 77 1092 1090
f 86 1145 1143
f 64 1014 1012
f 53 947 945
f 74 1073 1071
f 84 1133 1131
f 89 1164 1162
f 70 1049 1047
f 99 1223 1221
f 95 1199 1197
f 81 1116 1114
f 52 942 940
f 109 1283 1284
f 105 1259 1260
f 111 1295 1296
f 114 1313 1314
f 117 1331 1332
f 125 1379 1380
f 152 1541 1542
f 137 1452 1451
f 158 1578 1577
f 123 1368 1367
f 143 1487 1488
f 127 1391 1392
f 135 1440 1439
f 147 1511 1512
f 150 1529 1530
f 153 1547 1548
f 140 1469 1470
f 138 1458 1457
f 159 1584 1583
f 122 1362 1361
f 407 1609 1616
f 403 1605 1608
f 404 1611 1606
f 410 1614 1612
f 413 1617 1615
f 422 1631 1624
f 486 1688 1692
f 573 1775 1782
f 561 1763 1765
f 512 1719 1714
f 452 1654 1661
f 448 1650 1653
f 449 1656 1651
f 455 1659 1657
f 458 1662 1660
f 470 1672 1675
f 437 1646 1639
f 494 1706 1696
f 531 1735 1733
f 539 1741 1751
f 568 1770 1779
f 478 1680 1683
f 419 1621 1626
f 509 1711 1721
f 554 1756 1766
f 482 1684 1689
f 576 1780 1778
f 558 1767 1760
f 516 1722 1718
f 425 1627 1629
f 542 1744 1747
f 463 1668 1665
f 434 1636 1641
f 497 1699 1704
f 528 1730 1737
f 546 1748 1750
f 464 1666 1676
f 440 1642 1644
f 500 1705 1702
f 524 1736 1726
f 479 1691 1681
f 418 1623 1620
f 508 1713 1710
f 553 1764 1755
f 569 1781 1771
f 538 1749 1740
f 471 1677 1673
f 443 1645 1647
f 501 1703 1707
f 523 1725 1734
f 467 1674 1669
f 433 1638 1635
f 493 1695 1698
f 527 1732 1729
f 543 1752 1745
f 485 1690 1687
f 572 1777 1774
f 557 1759 1762
f 515 1717 1720
f 428 1630 1632
f 591 2191 2189
f 587 1885 1883
f 588 1901 1903
f 594 2279 2281
f 597 2315 2317
f 600 2171 2173
f 634 2160 2158
f 619 2016 2012
f 639 2214 2210
f 602 1919 1924
f 624 2137 2135
f 608 1978 1973
f 610 1991 1996
f 627 2225 2227
f 630 2302 2304
f 635 2178 2176
f 615 2153 2155
f 617 2009 2014
f 637 2207 2212
f 604 1926 1922
f 416 1857 1864
f 408 1803 1810
f 406 1786 1795
f 412 1822 1831
f 415 1840 1849
f 424 1876 1887
f 492 2182 2193
f 582 2312 2321
f 565 2276 2285
f 514 1898 1907
f 461 2091 2098
f 453 2037 2044
f 451 1952 1961
f 457 2056 2067
f 460 2074 2083
f 475 2128 2139
f 439 1966 1975
f 496 1988 1997
f 533 2222 2231
f 551 2293 2298
f 579 2185 2190
f 483 1879 1884
f 426 1893 1900
f 521 2271 2278
f 566 2307 2314
f 489 2163 2170
f 578 2150 2159
f 560 2006 2015
f 518 2204 2213
f 429 1911 1918
f 547 2131 2136
f 465 1969 1977
f 441 1983 1990
f 504 2217 2224
f 537 2290 2301
f 550 2168 2177
f 476 2145 2152
f 444 2001 2008
f 502 2199 2206
f 526 1916 1925
f 481 1808 1817
f 420 1789 1797
f 510 1825 1833
f 555 1843 1851
f 571 1862 1871
f 540 1933 1941
f 473 2110 2119
f 447 2020 2029
f 507 2236 2247
f 534 2257 2262
f 469 2042 2051
f 435 1947 1954
f 498 2059 2064
f 529 2077 2085
f 545 2096 2105
f 487 2113 2121
f 574 2023 2031
f 562 2239 2244
f 520 2254 2265
f 432 1930 1939
f 589 1818 1814
f 583 1798 1793
f 586 1834 1829
f 593 1852 1847
f 596 1872 1868
f 599 1942 1937
f 633 2120 2124
f 620 2030 2034
f 640 2248 2250
f 603 2263 2261
f 622 2052 2050
f 607 1955 1960
f 612 2065 2063
f 626 2086 2081
f 629 2106 2102
f 631 2122 2117
f 614 2032 2027
f 618 2245 2243
f 641 2266 2268
f 605 1940 1944
f 409 1813 1804
f 405 1792 1785
f 411 1828 1821
f 414 1846 1839
f 417 1867 1858
f 431 1936 1929
f 488 2123 2114
f 575 2033 2024
f 563 2249 2240
f 519 2260 2253
f 454 2049 2038
f 450 1959 1951
f 456 2062 2055
f 459 2080 2073
f 462 2101 2092
f 472 2116 2109
f 446 2026 2019
f 506 2242 2235
f 535 2267 2258
f 541 1943 1934
f 570 1869 1861
f 480 1815 1807
f 421 1799 1790
f 511 1835 1826
f 556 1853 1844
f 484 1889 1880
f 580 2195 2186
f 567 2319 2308
f 522 2283 2272
f 427 1905 1894
f 544 2103 2095
f 468 2046 2041
f 436 1957 1948
f 499 2069 2060
f 530 2087 2078
f 548 2141 2132
f 466 1979 1970
f 442 1993 1984
f 505 2229 2218
f 536 2296 2289
f 491 2188 2181
f 423 1882 1875
f 513 1902 1897
f 564 2280 2275
f 581 2316 2311
f 549 2172 2167
f 477 2157 2146
f 445 2011 2002
f 503 2209 2200
f 525 1923 1915
f 474 2134 2127
f 438 1972 1965
f 495 1995 1987
f 532 2226 2221
f 552 2303 2294
f 490 2175 2164
f 577 2154 2149
f 559 2013 2005
f 517 2211 2203
f 430 1921 1912
f 590 1865 1870
f 584 1811 1816
f 585 1796 1800
f 592 1832 1836
f 595 1850 1854
f 598 1888 1890
f 636 2194 2196
f 621 2322 2320
f 642 2286 2284
f 601 1908 1906
f 623 2099 2104
f 611 2045 2047
f 609 1962 1958
f 625 2068 2070
f 628 2084 2088
f 632 2140 2142
f 613 1976 1980
f 616 1998 1994
f 638 2232 2230
f 606 2299 2297
f 407 2330 2329
f 403 2324 2323
f 404 2325 2326
f 410 2332 2333
f 413 2335 2336
f 422 2344 2345
f 486 2410 2409
f 573 2497 2496
f 561 2486 2485
f 512 2434 2435
f 452 2375 2374
f 448 2369 2368
f 449 2370 2371
f 455 2377 2378
f 458 2380 2381
f 470 2393 2392
f 437 2359 2360
f 494 2415 2416
f 531 2455 2456
f 539 2461 2460
f 568 2489 2488
f 478 2399 2398
f 419 2341 2340
f 509 2431 2430
f 554 2476 2475
f 482 2405 2404
f 576 2500 2501
f 558 2481 2482
f 516 2439 2440
f 425 2348 2347
f 542 2465 2464
f 463 2383 2384
f 434 2356 2355
f 497 2420 2419
f 528 2452 2451
f 546 2471 2470
f 464 2386 2385
f 440 2363 2362
f 500 2422 2423
f 524 2445 2446
f 479 2400 2401
f 418 2338 2339
f 508 2428 2429
f 553 2473 2474
f 569 2490 2491
f 538 2458 2459
f 471 2394 2395
f 443 2366 2365
f 501 2425 2424
f 523 2444 2443
f 467 2389 2390
f 433 2353 2354
f 493 2414 2413
f 527 2449 2450
f 543 2466 2467
f 485 2407 2408
f 572 2494 2495
f 557 2480 2479
f 515 2438 2437
f 428 2351 2350
f 591 2510 2511
f 587 2504 2505
f 588 2508 2507
f 594 2514 2513
f 597 2517 2516
f 600 2520 2519
f 634 2554 2556
f 619 2539 2540
f 639 2560 2561
f 602 2523 2521
f 624 2543 2544
f 608 2527 2529
f 610 2532 2530
f 627 2547 2546
f 630 2550 2549
f 635 2552 2553
f 615 2535 2534
f 617 2538 2536
f 637 2558 2557
f 604 2524 2525
f 167 1607 647
f 164 1603 644
f 163 1604 643
f 165 1610 645
f 166 1613 646
f 169 1622 649
f 192 1686 672
f 222 1773 702
f 216 1761 696
f 199 1712 679
f 182 1652 662
f 179 1648 659
f 178 1649 658
f 180 1655 660
f 181 1658 661
f 186 1670 666
f 174 1637 654
f 193 1694 673
f 205 1731 685
f 212 1739 692
f 221 1768 701
f 189 1678 669
f 170 1619 650
f 202 1709 682
f 217 1754 697
f 191 1682 671
f 220 1776 700
f 214 1758 694
f 200 1716 680
f 171 1625 651
f 210 1742 690
f 183 1663 663
f 175 1634 655
f 196 1697 676
f 207 1728 687
f 211 1746 691
f 187 1664 667
f 176 1640 656
f 195 1700 675
f 203 1724 683
f 188 1679 668
f 168 1618 648
f 198 1708 678
f 213 1753 693
f 218 1769 698
f 208 1738 688
f 185 1671 665
f 177 1643 657
f 197 1701 677
f 206 1723 686
f 184 1667 664
f 173 1633 653
f 194 1693 674
f 204 1727 684
f 209 1743 689
f 190 1685 670
f 219 1772 699
f 215 1757 695
f 201 1715 681
f 172 1628 652
f 357 2187 837
f 255 1881 735
f 262 1899 742
f 388 2277 868
f 400 2313 880
f 352 2169 832
f 347 2156 827
f 298 2010 778
f 364 2208 844
f 269 1917 749
f 339 2133 819
f 285 1971 765
f 293 1989 773
f 370 2223 850
f 396 2300 876
f 353 2174 833
f 346 2151 826
f 299 2007 779
f 365 2205 845
f 268 1920 748
f 249 1855 729
f 231 1801 711
f 226 1784 706
f 238 1820 718
f 244 1838 724
f 257 1874 737
f 359 2180 839
f 402 2310 882
f 390 2274 870
f 264 1896 744
f 327 2089 807
f 309 2035 789
f 282 1950 762
f 317 2054 797
f 322 2072 802
f 341 2126 821
f 286 1964 766
f 294 1986 774
f 372 2220 852
f 394 2291 874
f 358 2183 838
f 256 1877 736
f 261 1891 741
f 387 2269 867
f 399 2305 879
f 351 2161 831
f 348 2148 828
f 300 2004 780
f 366 2202 846
f 267 1909 747
f 340 2129 820
f 287 1967 767
f 291 1981 771
f 369 2215 849
f 395 2288 875
f 354 2166 834
f 345 2143 825
f 297 1999 777
f 363 2197 843
f 270 1914 750
f 234 1806 714
f 227 1787 707
f 239 1823 719
f 245 1841 725
f 252 1860 732
f 275 1931 755
f 334 2108 814
f 304 2018 784
f 377 2234 857
f 382 2255 862
f 312 2040 792
f 279 1945 759
f 316 2057 796
f 323 2075 803
f 330 2094 810
f 335 2111 815
f 305 2021 785
f 376 2237 856
f 383 2252 863
f 274 1928 754
f 232 1812 712
f 225 1791 705
f 237 1827 717
f 243 1845 723
f 250 1866 730
f 273 1935 753
f 336 2118 816
f 306 2028 786
f 378 2246 858
f 381 2259 861
f 311 2048 791
f 281 1953 761
f 315 2061 795
f 321 2079 801
f 328 2100 808
f 333 2115 813
f 303 2025 783
f 375 2241 855
f 384 2264 864
f 276 1938 756
f 229 1802 709
f 223 1783 703
f 235 1819 715
f 241 1837 721
f 247 1856 727
f 271 1927 751
f 332 2112 812
f 302 2022 782
f 374 2238 854
f 379 2251 859
f 307 2036 787
f 278 1949 758
f 313 2053 793
f 319 2071 799
f 325 2090 805
f 331 2107 811
f 301 2017 781
f 373 2233 853
f 380 2256 860
f 272 1932 752
f 248 1859 728
f 230 1805 710
f 224 1788 704
f 236 1824 716
f 242 1842 722
f 254 1878 734
f 356 2184 836
f 397 2306 877
f 385 2270 865
f 259 1892 739
f 326 2093 806
f 308 2039 788
f 277 1946 757
f 314 2058 794
f 320 2076 800
f 338 2130 818
f 284 1968 764
f 289 1982 769
f 367 2216 847
f 391 2287 871
f 355 2179 835
f 253 1873 733
f 260 1895 740
f 386 2273 866
f 398 2309 878
f 350 2165 830
f 343 2144 823
f 295 2000 775
f 361 2198 841
f 266 1913 746
f 337 2125 817
f 283 1963 763
f 290 1985 770
f 368 2219 848
f 392 2292 872
f 349 2162 829
f 344 2147 824
f 296 2003 776
f 362 2201 842
f 265 1910 745
f 251 1863 731
f 233 1809 713
f 228 1794 708
f 240 1830 720
f 246 1848 726
f 258 1886 738
f 360 2192 840
f 401 2318 881
f 389 2282 869
f 263 1904 743
f 329 2097 809
f 310 2043 790
f 280 1956 760
f 318 2066 798
f 324 2082 804
f 342 2138 822
f 288 1974 768
f 292 1992 772
f 371 2228 851
f 393 2295 873
f 409 2331 1269
f 405 2327 1245
f 411 2328 1252
f 414 2334 1288
f 417 2337 1306
f 431 2346 1336
f 488 2412 1551
f 575 2499 1473
f 563 2487 1599
f 519 2436 1354
f 454 2376 1479
f 450 2372 1401
f 456 2373 1408
f 459 2379 1492
f 462 2382 1504
f 472 2396 1533
f 446 2361 1414
f 506 2418 1444
f 535 2457 1594
f 541 2463 1383
f 570 2492 1323
f 480 2402 1275
f 421 2343 1263
f 511 2433 1299
f 556 2478 1317
f 484 2406 1341
f 580 2502 1564
f 567 2484 1462
f 522 2442 1588
f 427 2349 1347
f 544 2468 1521
f 468 2387 1420
f 436 2358 1395
f 499 2421 1497
f 530 2454 1515
f 548 2472 1557
f 466 2388 1425
f 442 2364 1431
f 505 2426 1570
f 536 2448 1372
f 491 2403 1282
f 423 2342 1258
f 513 2432 1294
f 564 2477 1312
f 581 2493 1330
f 549 2462 1378
f 477 2397 1540
f 445 2367 1449
f 503 2427 1575
f 525 2447 1365
f 474 2391 1486
f 438 2357 1390
f 495 2417 1437
f 532 2453 1510
f 552 2469 1528
f 490 2411 1546
f 577 2498 1468
f 559 2483 1455
f 517 2441 1581
f 430 2352 1359
f 590 2509 1272
f 584 2503 1248
f 585 2506 1253
f 592 2512 1289
f 595 2515 1307
f 598 2518 1337
f 636 2555 1554
f 621 2541 1476
f 642 2562 1602
f 601 2522 1355
f 623 2542 1482
f 611 2528 1404
f 609 2531 1409
f 625 2545 1493
f 628 2548 1505
f 632 2551 1536
f 613 2533 1415
f 616 2537 1445
f 638 2559 1595
f 606 2526 1386
f 407 1616 909
f 403 1608 891
f 404 1606 886
f 410 1612 898
f 413 1615 904
f 422 1624 922
f 486 1692 1060
f 573 1782 1240
f 561 1765 1204
f 512 1714 1102
f 452 1661 999
f 448 1653 981
f 449 1651 976
f 455 1657 988
f 458 1660 994
f 470 1675 1024
f 437 1639 952
f 494 1696 1066
f 531 1733 1138
f 539 1751 1179
f 568 1779 1233
f 478 1683 1041
f 419 1626 927
f 509 1721 1119
f 554 1766 1209
f 482 1689 1053
f 576 1778 1228
f 558 1760 1192
f 516 1718 1108
f 425 1629 933
f 542 1747 1167
f 463 1665 1005
f 434 1641 957
f 497 1704 1083
f 528 1737 1150
f 546 1750 1174
f 464 1676 1029
f 440 1644 963
f 500 1702 1077
f 524 1726 1126
f 479 1681 1036
f 418 1620 915
f 508 1710 1095
f 553 1755 1185
f 569 1771 1216
f 538 1740 1155
f 471 1673 1018
f 443 1647 970
f 501 1707 1090
f 523 1734 1143
f 467 1669 1012
f 433 1635 945
f 493 1698 1071
f 527 1729 1131
f 543 1745 1162
f 485 1687 1047
f 572 1774 1221
f 557 1762 1197
f 515 1720 1114
f 428 1632 940
f 591 2189 1284
f 587 1883 1260
f 588 1903 1296
f 594 2281 1314
f 597 2317 1332
f 600 2173 1380
f 634 2158 1542
f 619 2012 1451
f 639 2210 1577
f 602 1924 1367
f 624 2135 1488
f 608 1973 1392
f 610 1996 1439
f 627 2227 1512
f 630 2304 1530
f 635 2176 1548
f 615 2155 1470
f 617 2014 1457
f 637 2212 1583
f 604 1922 1361
f 416 1864 1270
f 408 1810 1246
f 406 1795 1251
f 412 1831 1287
f 415 1849 1305
f 424 1887 1335
f 492 2193 1552
f 582 2321 1474
f 565 2285 1600
f 514 1907 1353
f 461 2098 1480
f 453 2044 1402
f 451 1961 1407
f 457 2067 1491
f 460 2083 1503
f 475 2139 1534
f 439 1975 1413
f 496 1997 1443
f 533 2231 1593
f 551 2298 1384
f 579 2190 1324
f 483 1884 1276
f 426 1900 1264
f 521 2278 1300
f 566 2314 1318
f 489 2170 1342
f 578 2159 1563
f 560 2015 1461
f 518 2213 1587
f 429 1918 1348
f 547 2136 1522
f 465 1977 1419
f 441 1990 1396
f 504 2224 1498
f 537 2301 1516
f 550 2177 1558
f 476 2152 1426
f 444 2008 1432
f 502 2206 1569
f 526 1925 1371
f 481 1817 1281
f 420 1797 1257
f 510 1833 1293
f 555 1851 1311
f 571 1871 1329
f 540 1941 1377
f 473 2119 1539
f 447 2029 1450
f 507 2247 1576
f 534 2262 1366
f 469 2051 1485
f 435 1954 1389
f 498 2064 1438
f 529 2085 1509
f 545 2105 1527
f 487 2121 1545
f 574 2031 1467
f 562 2244 1456
f 520 2265 1582
f 432 1939 1360
f 589 1814 1271
f 583 1793 1247
f 586 1829 1254
f 593 1847 1290
f 596 1868 1308
f 599 1937 1338
f 633 2124 1553
f 620 2034 1475
f 640 2250 1601
f 603 2261 1356
f 622 2050 1481
f 607 1960 1403
f 612 2063 1410
f 626 2081 1494
f 629 2102 1506
f 631 2117 1535
f 614 2027 1416
f 618 2243 1446
f 641 2268 1596
f 605 1944 1385
f 409 1804 894
f 405 1785 887
f 411 1821 899
f 414 1839 905
f 417 1858 912
f 431 1929 941
f 488 2114 1050
f 575 2024 1224
f 563 2240 1200
f 519 2253 1115
f 454 2038 984
f 450 1951 977
f 456 2055 989
f 459 2073 995
f 462 2092 1002
f 472 2109 1019
f 446 2019 971
f 506 2235 1091
f 535 2258 1146
f 541 1934 1158
f 570 1861 1217
f 480 1807 1037
f 421 1790 918
f 511 1826 1098
f 556 1844 1188
f 484 1880 1044
f 580 2186 1236
f 567 2308 1212
f 522 2272 1122
f 427 1894 930
f 544 2095 1163
f 468 2041 1013
f 436 1948 948
f 499 2060 1074
f 530 2078 1134
f 548 2132 1170
f 466 1970 1008
f 442 1984 960
f 505 2218 1086
f 536 2289 1151
f 491 2181 1061
f 423 1875 923
f 513 1897 1103
f 564 2275 1205
f 581 2311 1241
f 549 2167 1175
f 477 2146 1032
f 445 2002 966
f 503 2200 1080
f 525 1915 1127
f 474 2127 1025
f 438 1965 953
f 495 1987 1067
f 532 2221 1139
f 552 2294 1182
f 490 2164 1056
f 577 2149 1229
f 559 2005 1193
f 517 2203 1109
f 430 1912 936
f 590 1870 1325
f 584 1816 1277
f 585 1800 1265
f 592 1836 1301
f 595 1854 1319
f 598 1890 1343
f 636 2196 1566
f 621 2320 1464
f 642 2284 1590
f 601 1906 1349
f 623 2104 1523
f 611 2047 1422
f 609 1958 1397
f 625 2070 1499
f 628 2088 1517
f 632 2142 1559
f 613 1980 1427
f 616 1994 1433
f 638 2230 1572
f 606 2297 1374
f 407 2329 892
f 403 2323 885
f 404 2326 897
f 410 2333 903
f 413 2336 910
f 422 2345 939
f 486 2409 1048
f 573 2496 1222
f 561 2485 1198
f 512 2435 1113
f 452 2374 982
f 448 2368 975
f 449 2371 987
f 455 2378 993
f 458 2381 1000
f 470 2392 1017
f 437 2360 969
f 494 2416 1089
f 531 2456 1144
f 539 2460 1156
f 568 2488 1215
f 478 2398 1035
f 419 2340 916
f 509 2430 1096
f 554 2475 1186
f 482 2404 1042
f 576 2501 1234
f 558 2482 1210
f 516 2440 1120
f 425 2347 928
f 542 2464 1161
f 463 2384 1011
f 434 2355 946
f 497 2419 1072
f 528 2451 1132
f 546 2470 1168
f 464 2385 1006
f 440 2362 958
f 500 2423 1084
f 524 2446 1149
f 479 2401 1059
f 418 2339 921
f 508 2429 1101
f 553 2474 1203
f 569 2491 1239
f 538 2459 1173
f 471 2395 1030
f 443 2365 964
f 501 2424 1078
f 523 2443 1125
f 467 2390 1023
f 433 2354 951
f 493 2413 1065
f 527 2450 1137
f 543 2467 1180
f 485 2408 1054
f 572 2495 1227
f 557 2479 1191
f 515 2437 1107
f 428 2350 934
f 591 2511 1326
f 587 2505 1278
f 588 2507 1266
f 594 2513 1302
f 597 2516 1320
f 600 2519 1344
f 634 2556 1565
f 619 2540 1463
f 639 2561 1589
f 602 2521 1350
f 624 2544 1524
f 608 2529 1421
f 610 2530 1398
f 627 2546 1500
f 630 2549 1518
f 635 2553 1560
f 615 2534 1428
f 617 2536 1434
f 637 2557 1571
f 604 2525 1373
f 164 1609 889
f 163 1605 883
f 165 1611 895
f 166 1614 901
f 167 1617 907
f 172 1631 937
f 190 1688 1045
f 219 1775 1219
f 215 1763 1195
f 201 1719 1111
f 179 1654 979
f 178 1650 973
f 180 1656 985
f 181 1659 991
f 182 1662 997
f 185 1672 1015
f 177 1646 967
f 197 1706 1087
f 206 1735 1141
f 208 1741 1153
f 218 1770 1213
f 188 1680 1033
f 168 1621 913
f 198 1711 1093
f 213 1756 1183
f 189 1684 1039
f 221 1780 1231
f 217 1767 1207
f 202 1722 1117
f 170 1627 925
f 209 1744 1159
f 184 1668 1009
f 173 1636 943
f 194 1699 1069
f 204 1730 1129
f 210 1748 1165
f 183 1666 1003
f 175 1642 955
f 196 1705 1081
f 207 1736 1147
f 192 1691 1057
f 169 1623 919
f 199 1713 1099
f 216 1764 1201
f 222 1781 1237
f 211 1749 1171
f 187 1677 1027
f 176 1645 961
f 195 1703 1075
f 203 1725 1123
f 186 1674 1021
f 174 1638 949
f 193 1695 1063
f 205 1732 1135
f 212 1752 1177
f 191 1690 1051
f 220 1777 1225
f 214 1759 1189
f 200 1717 1105
f 171 1630 931
f 358 2191 1322
f 256 1885 1274
f 261 1901 1262
f 387 2279 1298
f 399 2315 1316
f 351 2171 1340
f 348 2160 1561
f 300 2016 1459
f 366 2214 1585
f 267 1919 1346
f 340 2137 1520
f 287 1978 1417
f 291 1991 1394
f 369 2225 1496
f 395 2302 1514
f 354 2178 1556
f 345 2153 1424
f 297 2009 1430
f 363 2207 1567
f 270 1926 1369
f 247 1857 908
f 229 1803 890
f 223 1786 884
f 235 1822 896
f 241 1840 902
f 253 1876 920
f 355 2182 1058
f 398 2312 1238
f 386 2276 1202
f 260 1898 1100
f 325 2091 998
f 307 2037 980
f 278 1952 974
f 313 2056 986
f 319 2074 992
f 337 2128 1022
f 283 1966 950
f 290 1988 1064
f 368 2222 1136
f 392 2293 1178
f 356 2185 1232
f 254 1879 1040
f 259 1893 926
f 385 2271 1118
f 397 2307 1208
f 349 2163 1052
f 344 2150 1226
f 296 2006 1190
f 362 2204 1106
f 265 1911 932
f 338 2131 1166
f 284 1969 1004
f 289 1983 956
f 367 2217 1082
f 391 2290 1148
f 350 2168 1172
f 343 2145 1028
f 295 2001 962
f 361 2199 1076
f 266 1916 1124
f 230 1808 1034
f 224 1789 914
f 236 1825 1094
f 242 1843 1184
f 248 1862 1214
f 272 1933 1154
f 331 2110 1016
f 301 2020 968
f 373 2236 1088
f 380 2257 1142
f 308 2042 1010
f 277 1947 944
f 314 2059 1070
f 320 2077 1130
f 326 2096 1160
f 332 2113 1046
f 302 2023 1220
f 374 2239 1196
f 379 2254 1112
f 271 1930 938
f 234 1818 1279
f 227 1798 1255
f 239 1834 1291
f 245 1852 1309
f 252 1872 1327
f 275 1942 1375
f 334 2120 1537
f 304 2030 1448
f 377 2248 1574
f 382 2263 1364
f 312 2052 1483
f 279 1955 1387
f 316 2065 1436
f 323 2086 1507
f 330 2106 1525
f 335 2122 1543
f 305 2032 1465
f 376 2245 1454
f 383 2266 1580
f 274 1940 1358
f 232 1813 1267
f 225 1792 1243
f 237 1828 1250
f 243 1846 1286
f 250 1867 1304
f 273 1936 1334
f 336 2123 1549
f 306 2033 1471
f 378 2249 1597
f 381 2260 1352
f 311 2049 1477
f 281 1959 1399
f 315 2062 1406
f 321 2080 1490
f 328 2101 1502
f 333 2116 1531
f 303 2026 1412
f 375 2242 1442
f 384 2267 1592
f 276 1943 1381
f 251 1869 1321
f 233 1815 1273
f 228 1799 1261
f 240 1835 1297
f 246 1853 1315
f 258 1889 1339
f 360 2195 1562
f 401 2319 1460
f 389 2283 1586
f 263 1905 1345
f 329 2103 1519
f 310 2046 1418
f 280 1957 1393
f 318 2069 1495
f 324 2087 1513
f 342 2141 1555
f 288 1979 1423
f 292 1993 1429
f 371 2229 1568
f 393 2296 1370
f 357 2188 1280
f 255 1882 1256
f 262 1902 1292
f 388 2280 1310
f 400 2316 1328
f 352 2172 1376
f 347 2157 1538
f 298 2011 1447
f 364 2209 1573
f 269 1923 1363
f 339 2134 1484
f 285 1972 1388
f 293 1995 1435
f 370 2226 1508
f 396 2303 1526
f 353 2175 1544
f 346 2154 1466
f 299 2013 1453
f 365 2211 1579
f 268 1921 1357
f 249 1865 1268
f 231 1811 1244
f 226 1796 1249
f 238 1832 1285
f 244 1850 1303
f 257 1888 1333
f 359 2194 1550
f 402 2322 1472
f 390 2286 1598
f 264 1908 1351
f 327 2099 1478
f 309 2045 1400
f 282 1962 1405
f 317 2068 1489
f 322 2084 1501
f 341 2140 1532
f 286 1976 1411
f 294 1998 1441
f 372 2232 1591
f 394 2299 1382
f 416 2330 911
f 408 2324 893
f 406 2325 888
f 412 2332 900
f 415 2335 906
f 424 2344 924
f 492 2410 1062
f 582 2497 1242
f 565 2486 1206
f 514 2434 1104
f 461 2375 1001
f 453 2369 983
f 451 2370 978
f 457 2377 990
f 460 2380 996
f 475 2393 1026
f 439 2359 954
f 496 2415 1068
f 533 2455 1140
f 551 2461 1181
f 579 2489 1235
f 483 2399 1043
f 426 2341 929
f 521 2431 1121
f 566 2476 1211
f 489 2405 1055
f 578 2500 1230
f 560 2481 1194
f 518 2439 1110
f 429 2348 935
f 547 2465 1169
f 465 2383 1007
f 441 2356 959
f 504 2420 1085
f 537 2452 1152
f 550 2471 1176
f 476 2386 1031
f 444 2363 965
f 502 2422 1079
f 526 2445 1128
f 481 2400 1038
f 420 2338 917
f 510 2428 1097
f 555 2473 1187
f 571 2490 1218
f 540 2458 1157
f 473 2394 1020
f 447 2366 972
f 507 2425 1092
f 534 2444 1145
f 469 2389 1014
f 435 2353 947
f 498 2414 1073
f 529 2449 1133
f 545 2466 1164
f 487 2407 1049
f 574 2494 1223
f 562 2480 1199
f 520 2438 1116
f 432 2351 942
f 589 2510 1283
f 583 2504 1259
f 586 2508 1295
f 593 2514 1313
f 596 2517 1331
f 599 2520 1379
f 633 2554 1541
f 620 2539 1452
f 640 2560 1578
f 603 2523 1368
f 622 2543 1487
f 607 2527 1391
f 612 2532 1440
f 626 2547 1511
f 629 2550 1529
f 631 2552 1547
f 614 2535 1469
f 618 2538 1458
f 641 2558 1584
f 605 2524 1362
f 164 1607 1609
f 163 1603 1605
f 165 1604 1611
f 166 1610 1614
f 167 1613 1617
f 172 1622 1631
f 190 1686 1688
f 219 1773 1775
f 215 1761 1763
f 201 1712 1719
f 179 1652 1654
f 178 1648 1650
f 180 1649 1656
f 181 1655 1659
f 182 1658 1662
f 185 1670 1672
f 177 1637 1646
f 197 1694 1706
f 206 1731 1735
f 208 1739 1741
f 218 1768 1770
f 188 1678 1680
f 168 1619 1621
f 198 1709 1711
f 213 1754 1756
f 189 1682 1684
f 221 1776 1780
f 217 1758 1767
f 202 1716 1722
f 170 1625 1627
f 209 1742 1744
f 184 1663 1668
f 173 1634 1636
f 194 1697 1699
f 204 1728 1730
f 210 1746 1748
f 183 1664 1666
f 175 1640 1642
f 196 1700 1705
f 207 1724 1736
f 192 1679 1691
f 169 1618 1623
f 199 1708 1713
f 216 1753 1764
f 222 1769 1781
f 211 1738 1749
f 187 1671 1677
f 176 1643 1645
f 195 1701 1703
f 203 1723 1725
f 186 1667 1674
f 174 1633 1638
f 193 1693 1695
f 205 1727 1732
f 212 1743 1752
f 191 1685 1690
f 220 1772 1777
f 214 1757 1759
f 200 1715 1717
f 171 1628 1630
f 358 2187 2191
f 256 1881 1885
f 261 1899 1901
f 387 2277 2279
f 399 2313 2315
f 351 2169 2171
f 348 2156 2160
f 300 2010 2016
f 366 2208 2214
f 267 1917 1919
f 340 2133 2137
f 287 1971 1978
f 291 1989 1991
f 369 2223 2225
f 395 2300 2302
f 354 2174 2178
f 345 2151 2153
f 297 2007 2009
f 363 2205 2207
f 270 1920 1926
f 247 1855 1857
f 229 1801 1803
f 223 1784 1786
f 235 1820 1822
f 241 1838 1840
f 253 1874 1876
f 355 2180 2182
f 398 2310 2312
f 386 2274 2276
f 260 1896 1898
f 325 2089 2091
f 307 2035 2037
f 278 1950 1952
f 313 2054 2056
f 319 2072 2074
f 337 2126 2128
f 283 1964 1966
f 290 1986 1988
f 368 2220 2222
f 392 2291 2293
f 356 2183 2185
f 254 1877 1879
f 259 1891 1893
f 385 2269 2271
f 397 2305 2307
f 349 2161 2163
f 344 2148 2150
f 296 2004 2006
f 362 2202 2204
f 265 1909 1911
f 338 2129 2131
f 284 1967 1969
f 289 1981 1983
f 367 2215 2217
f 391 2288 2290
f 350 2166 2168
f 343 2143 2145
f 295 1999 2001
f 361 2197 2199
f 266 1914 1916
f 230 1806 1808
f 224 1787 1789
f 236 1823 1825
f 242 1841 1843
f 248 1860 1862
f 272 1931 1933
f 331 2108 2110
f 301 2018 2020
f 373 2234 2236
f 380 2255 2257
f 308 2040 2042
f 277 1945 1947
f 314 2057 2059
f 320 2075 2077
f 326 2094 2096
f 332 2111 2113
f 302 2021 2023
f 374 2237 2239
f 379 2252 2254
f 271 1928 1930
f 234 1812 1818
f 227 1791 1798
f 239 1827 1834
f 245 1845 1852
f 252 1866 1872
f 275 1935 1942
f 334 2118 2120
f 304 2028 2030
f 377 2246 2248
f 382 2259 2263
f 312 2048 2052
f 279 1953 1955
f 316 2061 2065
f 323 2079 2086
f 330 2100 2106
f 335 2115 2122
f 305 2025 2032
f 376 2241 2245
f 383 2264 2266
f 274 1938 1940
f 232 1802 1813
f 225 1783 1792
f 237 1819 1828
f 243 1837 1846
f 250 1856 1867
f 273 1927 1936
f 336 2112 2123
f 306 2022 2033
f 378 2238 2249
f 381 2251 2260
f 311 2036 2049
f 281 1949 1959
f 315 2053 2062
f 321 2071 2080
f 328 2090 2101
f 333 2107 2116
f 303 2017 2026
f 375 2233 2242
f 384 2256 2267
f 276 1932 1943
f 251 1859 1869
f 233 1805 1815
f 228 1788 1799
f 240 1824 1835
f 246 1842 1853
f 258 1878 1889
f 360 2184 2195
f 401 2306 2319
f 389 2270 2283
f 263 1892 1905
f 329 2093 2103
f 310 2039 2046
f 280 1946 1957
f 318 2058 2069
f 324 2076 2087
f 342 2130 2141
f 288 1968 1979
f 292 1982 1993
f 371 2216 2229
f 393 2287 2296
f 357 2179 2188
f 255 1873 1882
f 262 1895 1902
f 388 2273 2280
f 400 2309 2316
f 352 2165 2172
f 347 2144 2157
f 298 2000 2011
f 364 2198 2209
f 269 1913 1923
f 339 2125 2134
f 285 1963 1972
f 293 1985 1995
f 370 2219 2226
f 396 2292 2303
f 353 2162 2175
f 346 2147 2154
f 299 2003 2013
f 365 2201 2211
f 268 1910 1921
f 249 1863 1865
f 231 1809 1811
f 226 1794 1796
f 238 1830 1832
f 244 1848 1850
f 257 1886 1888
f 359 2192 2194
f 402 2318 2322
f 390 2282 2286
f 264 1904 1908
f 327 2097 2099
f 309 2043 2045
f 282 1956 1962
f 317 2066 2068
f 322 2082 2084
f 341 2138 2140
f 286 1974 1976
f 294 1992 1998
f 372 2228 2232
f 394 2295 2299
f 416 2331 2330
f 408 2327 2324
f 406 2328 2325
f 412 2334 2332
f 415 2337 2335
f 424 2346 2344
f 492 2412 2410
f 582 2499 2497
f 565 2487 2486
f 514 2436 2434
f 461 2376 2375
f 453 2372 2369
f 451 2373 2370
f 457 2379 2377
f 460 2382 2380
f 475 2396 2393
f 439 2361 2359
f 496 2418 2415
f 533 2457 2455
f 551 2463 2461
f 579 2492 2489
f 483 2402 2399
f 426 2343 2341
f 521 2433 2431
f 566 2478 2476
f 489 2406 2405
f 578 2502 2500
f 560 2484 2481
f 518 2442 2439
f 429 2349 2348
f 547 2468 2465
f 465 2387 2383
f 441 2358 2356
f 504 2421 2420
f 537 2454 2452
f 550 2472 2471
f 476 2388 2386
f 444 2364 2363
f 502 2426 2422
f 526 2448 2445
f 481 2403 2400
f 420 2342 2338
f 510 2432 2428
f 555 2477 2473
f 571 2493 2490
f 540 2462 2458
f 473 2397 2394
f 447 2367 2366
f 507 2427 2425
f 534 2447 2444
f 469 2391 2389
f 435 2357 2353
f 498 2417 2414
f 529 2453 2449
f 545 2469 2466
f 487 2411 2407
f 574 2498 2494
f 562 2483 2480
f 520 2441 2438
f 432 2352 2351
f 589 2509 2510
f 583 2503 2504
f 586 2506 2508
f 593 2512 2514
f 596 2515 2517
f 599 2518 2520
f 633 2555 2554
f 620 2541 2539
f 640 2562 2560
f 603 2522 2523
f 622 2542 2543
f 607 2528 2527
f 612 2531 2532
f 626 2545 2547
f 629 2548 2550
f 631 2551 2552
f 614 2533 2535
f 618 2537 2538
f 641 2559 2558
f 605 2526 2524
f 164 644 1607
f 163 643 1603
f 165 645 1604
f 166 646 1610
f 167 647 1613
f 172 652 1622
f 190 670 1686
f 219 699 1773
f 215 695 1761
f 201 681 1712
f 179 659 1652
f 178 658 1648
f 180 660 1649
f 181 661 1655
f 182 662 1658
f 185 665 1670
f 177 657 1637
f 197 677 1694
f 206 686 1731
f 208 688 1739
f 218 698 1768
f 188 668 1678
f 168 648 1619
f 198 678 1709
f 213 693 1754
f 189 669 1682
f 221 701 1776
f 217 697 1758
f 202 682 1716
f 170 650 1625
f 209 689 1742
f 184 664 1663
f 173 653 1634
f 194 674 1697
f 204 684 1728
f 210 690 1746
f 183 663 1664
f 175 655 1640
f 196 676 1700
f 207 687 1724
f 192 672 1679
f 169 649 1618
f 199 679 1708
f 216 696 1753
f 222 702 1769
f 211 691 1738
f 187 667 1671
f 176 656 1643
f 195 675 1701
f 203 683 1723
f 186 666 1667
f 174 654 1633
f 193 673 1693
f 205 685 1727
f 212 692 1743
f 191 671 1685
f 220 700 1772
f 214 694 1757
f 200 680 1715
f 171 651 1628
f 358 838 2187
f 256 736 1881
f 261 741 1899
f 387 867 2277
f 399 879 2313
f 351 831 2169
f 348 828 2156
f 300 780 2010
f 366 846 2208
f 267 747 1917
f 340 820 2133
f 287 767 1971
f 291 771 1989
f 369 849 2223
f 395 875 2300
f 354 834 2174
f 345 825 2151
f 297 777 2007
f 363 843 2205
f 270 750 1920
f 247 727 1855
f 229 709 1801
f 223 703 1784
f 235 715 1820
f 241 721 1838
f 253 733 1874
f 355 835 2180
f 398 878 2310
f 386 866 2274
f 260 740 1896
f 325 805 2089
f 307 787 2035
f 278 758 1950
f 313 793 2054
f 319 799 2072
f 337 817 2126
f 283 763 1964
f 290 770 1986
f 368 848 2220
f 392 872 2291
f 356 836 2183
f 254 734 1877
f 259 739 1891
f 385 865 2269
f 397 877 2305
f 349 829 2161
f 344 824 2148
f 296 776 2004
f 362 842 2202
f 265 745 1909
f 338 818 2129
f 284 764 1967
f 289 769 1981
f 367 847 2215
f 391 871 2288
f 350 830 2166
f 343 823 2143
f 295 775 1999
f 361 841 2197
f 266 746 1914
f 230 710 1806
f 224 704 1787
f 236 716 1823
f 242 722 1841
f 248 728 1860
f 272 752 1931
f 331 811 2108
f 301 781 2018
f 373 853 2234
f 380 860 2255
f 308 788 2040
f 277 757 1945
f 314 794 2057
f 320 800 2075
f 326 806 2094
f 332 812 2111
f 302 782 2021
f 374 854 2237
f 379 859 2252
f 271 751 1928
f 234 714 1812
f 227 707 1791
f 239 719 1827
f 245 725 1845
f 252 732 1866
f 275 755 1935
f 334 814 2118
f 304 784 2028
f 377 857 2246
f 382 862 2259
f 312 792 2048
f 279 759 1953
f 316 796 2061
f 323 803 2079
f 330 810 2100
f 335 815 2115
f 305 785 2025
f 376 856 2241
f 383 863 2264
f 274 754 1938
f 232 712 1802
f 225 705 1783
f 237 717 1819
f 243 723 1837
f 250 730 1856
f 273 753 1927
f 336 816 2112
f 306 786 2022
f 378 858 2238
f 381 861 2251
f 311 791 2036
f 281 761 1949
f 315 795 2053
f 321 801 2071
f 328 808 2090
f 333 813 2107
f 303 783 2017
f 375 855 2233
f 384 864 2256
f 276 756 1932
f 251 731 1859
f 233 713 1805
f 228 708 1788
f 240 720 1824
f 246 726 1842
f 258 738 1878
f 360 840 2184
f 401 881 2306
f 389 869 2270
f 263 743 1892
f 329 809 2093
f 310 790 2039
f 280 760 1946
f 318 798 2058
f 324 804 2076
f 342 822 2130
f 288 768 1968
f 292 772 1982
f 371 851 2216
f 393 873 2287
f 357 837 2179
f 255 735 1873
f 262 742 1895
f 388 868 2273
f 400 880 2309
f 352 832 2165
f 347 827 2144
f 298 778 2000
f 364 844 2198
f 269 749 1913
f 339 819 2125
f 285 765 1963
f 293 773 1985
f 370 850 2219
f 396 876 2292
f 353 833 2162
f 346 826 2147
f 299 779 2003
f 365 845 2201
f 268 748 1910
f 249 729 1863
f 231 711 1809
f 226 706 1794
f 238 718 1830
f 244 724 1848
f 257 737 1886
f 359 839 2192
f 402 882 2318
f 390 870 2282
f 264 744 1904
f 327 807 2097
f 309 789 2043
f 282 762 1956
f 317 797 2066
f 322 802 2082
f 341 821 2138
f 286 766 1974
f 294 774 1992
f 372 852 2228
f 394 874 2295
f 416 1270 2331
f 408 1246 2327
f 406 1251 2328
f 412 1287 2334
f 415 1305 2337
f 424 1335 2346
f 492 1552 2412
f 582 1474 2499
f 565 1600 2487
f 514 1353 2436
f 461 1480 2376
f 453 1402 2372
f 451 1407 2373
f 457 1491 2379
f 460 1503 2382
f 475 1534 2396
f 439 1413 2361
f 496 1443 2418
f 533 1593 2457
f 551 1384 2463
f 579 1324 2492
f 483 1276 2402
f 426 1264 2343
f 521 1300 2433
f 566 1318 2478
f 489 1342 2406
f 578 1563 2502
f 560 1461 2484
f 518 1587 2442
f 429 1348 2349
f 547 1522 2468
f 465 1419 2387
f 441 1396 2358
f 504 1498 2421
f 537 1516 2454
f 550 1558 2472
f 476 1426 2388
f 444 1432 2364
f 502 1569 2426
f 526 1371 2448
f 481 1281 2403
f 420 1257 2342
f 510 1293 2432
f 555 1311 2477
f 571 1329 2493
f 540 1377 2462
f 473 1539 2397
f 447 1450 2367
f 507 1576 2427
f 534 1366 2447
f 469 1485 2391
f 435 1389 2357
f 498 1438 2417
f 529 1509 2453
f 545 1527 2469
f 487 1545 2411
f 574 1467 2498
f 562 1456 2483
f 520 1582 2441
f 432 1360 2352
f 589 1271 2509
f 583 1247 2503
f 586 1254 2506
f 593 1290 2512
f 596 1308 2515
f 599 1338 2518
f 633 1553 2555
f 620 1475 2541
f 640 1601 2562
f 603 1356 2522
f 622 1481 2542
f 607 1403 2528
f 612 1410 2531
f 626 1494 2545
f 629 1506 2548
f 631 1535 2551
f 614 1416 2533
f 618 1446 2537
f 641 1596 2559
f 605 1385 2526
f 167 907 1616
f 164 889 1608
f 163 883 1606
f 165 895 1612
f 166 901 1615
f 169 919 1624
f 192 1057 1692
f 222 1237 1782
f 216 1201 1765
f 199 1099 1714
f 182 997 1661
f 179 979 1653
f 178 973 1651
f 180 985 1657
f 181 991 1660
f 186 1021 1675
f 174 949 1639
f 193 1063 1696
f 205 1135 1733
f 212 1177 1751
f 221 1231 1779
f 189 1039 1683
f 170 925 1626
f 202 1117 1721
f 217 1207 1766
f 191 1051 1689
f 220 1225 1778
f 214 1189 1760
f 200 1105 1718
f 171 931 1629
f 210 1165 1747
f 183 1003 1665
f 175 955 1641
f 196 1081 1704
f 207 1147 1737
f 211 1171 1750
f 187 1027 1676
f 176 961 1644
f 195 1075 1702
f 203 1123 1726
f 188 1033 1681
f 168 913 1620
f 198 1093 1710
f 213 1183 1755
f 218 1213 1771
f 208 1153 1740
f 185 1015 1673
f 177 967 1647
f 197 1087 1707
f 206 1141 1734
f 184 1009 1669
f 173 943 1635
f 194 1069 1698
f 204 1129 1729
f 209 1159 1745
f 190 1045 1687
f 219 1219 1774
f 215 1195 1762
f 201 1111 1720
f 172 937 1632
f 357 1280 2189
f 255 1256 1883
f 262 1292 1903
f 388 1310 2281
f 400 1328 2317
f 352 1376 2173
f 347 1538 2158
f 298 1447 2012
f 364 1573 2210
f 269 1363 1924
f 339 1484 2135
f 285 1388 1973
f 293 1435 1996
f 370 1508 2227
f 396 1526 2304
f 353 1544 2176
f 346 1466 2155
f 299 1453 2014
f 365 1579 2212
f 268 1357 1922
f 249 1268 1864
f 231 1244 1810
f 226 1249 1795
f 238 1285 1831
f 244 1303 1849
f 257 1333 1887
f 359 1550 2193
f 402 1472 2321
f 390 1598 2285
f 264 1351 1907
f 327 1478 2098
f 309 1400 2044
f 282 1405 1961
f 317 1489 2067
f 322 1501 2083
f 341 1532 2139
f 286 1411 1975
f 294 1441 1997
f 372 1591 2231
f 394 1382 2298
f 358 1322 2190
f 256 1274 1884
f 261 1262 1900
f 387 1298 2278
f 399 1316 2314
f 351 1340 2170
f 348 1561 2159
f 300 1459 2015
f 366 1585 2213
f 267 1346 1918
f 340 1520 2136
f 287 1417 1977
f 291 1394 1990
f 369 1496 2224
f 395 1514 2301
f 354 1556 2177
f 345 1424 2152
f 297 1430 2008
f 363 1567 2206
f 270 1369 1925
f 234 1279 1817
f 227 1255 1797
f 239 1291 1833
f 245 1309 1851
f 252 1327 1871
f 275 1375 1941
f 334 1537 2119
f 304 1448 2029
f 377 1574 2247
f 382 1364 2262
f 312 1483 2051
f 279 1387 1954
f 316 1436 2064
f 323 1507 2085
f 330 1525 2105
f 335 1543 2121
f 305 1465 2031
f 376 1454 2244
f 383 1580 2265
f 274 1358 1939
f 232 1267 1814
f 225 1243 1793
f 237 1250 1829
f 243 1286 1847
f 250 1304 1868
f 273 1334 1937
f 336 1549 2124
f 306 1471 2034
f 378 1597 2250
f 381 1352 2261
f 311 1477 2050
f 281 1399 1960
f 315 1406 2063
f 321 1490 2081
f 328 1502 2102
f 333 1531 2117
f 303 1412 2027
f 375 1442 2243
f 384 1592 2268
f 276 1381 1944
f 229 890 1804
f 223 884 1785
f 235 896 1821
f 241 902 1839
f 247 908 1858
f 271 938 1929
f 332 1046 2114
f 302 1220 2024
f 374 1196 2240
f 379 1112 2253
f 307 980 2038
f 278 974 1951
f 313 986 2055
f 319 992 2073
f 325 998 2092
f 331 1016 2109
f 301 968 2019
f 373 1088 2235
f 380 1142 2258
f 272 1154 1934
f 248 1214 1861
f 230 1034 1807
f 224 914 1790
f 236 1094 1826
f 242 1184 1844
f 254 1040 1880
f 356 1232 2186
f 397 1208 2308
f 385 1118 2272
f 259 926 1894
f 326 1160 2095
f 308 1010 2041
f 277 944 1948
f 314 1070 2060
f 320 1130 2078
f 338 1166 2132
f 284 1004 1970
f 289 956 1984
f 367 1082 2218
f 391 1148 2289
f 355 1058 2181
f 253 920 1875
f 260 1100 1897
f 386 1202 2275
f 398 1238 2311
f 350 1172 2167
f 343 1028 2146
f 295 962 2002
f 361 1076 2200
f 266 1124 1915
f 337 1022 2127
f 283 950 1965
f 290 1064 1987
f 368 1136 2221
f 392 1178 2294
f 349 1052 2164
f 344 1226 2149
f 296 1190 2005
f 362 1106 2203
f 265 932 1912
f 251 1321 1870
f 233 1273 1816
f 228 1261 1800
f 240 1297 1836
f 246 1315 1854
f 258 1339 1890
f 360 1562 2196
f 401 1460 2320
f 389 1586 2284
f 263 1345 1906
f 329 1519 2104
f 310 1418 2047
f 280 1393 1958
f 318 1495 2070
f 324 1513 2088
f 342 1555 2142
f 288 1423 1980
f 292 1429 1994
f 371 1568 2230
f 393 1370 2297
f 409 894 2329
f 405 887 2323
f 411 899 2326
f 414 905 2333
f 417 912 2336
f 431 941 2345
f 488 1050 2409
f 575 1224 2496
f 563 1200 2485
f 519 1115 2435
f 454 984 2374
f 450 977 2368
f 456 989 2371
f 459 995 2378
f 462 1002 2381
f 472 1019 2392
f 446 971 2360
f 506 1091 2416
f 535 1146 2456
f 541 1158 2460
f 570 1217 2488
f 480 1037 2398
f 421 918 2340
f 511 1098 2430
f 556 1188 2475
f 484 1044 2404
f 580 1236 2501
f 567 1212 2482
f 522 1122 2440
f 427 930 2347
f 544 1163 2464
f 468 1013 2384
f 436 948 2355
f 499 1074 2419
f 530 1134 2451
f 548 1170 2470
f 466 1008 2385
f 442 960 2362
f 505 1086 2423
f 536 1151 2446
f 491 1061 2401
f 423 923 2339
f 513 1103 2429
f 564 1205 2474
f 581 1241 2491
f 549 1175 2459
f 477 1032 2395
f 445 966 2365
f 503 1080 2424
f 525 1127 2443
f 474 1025 2390
f 438 953 2354
f 495 1067 2413
f 532 1139 2450
f 552 1182 2467
f 490 1056 2408
f 577 1229 2495
f 559 1193 2479
f 517 1109 2437
f 430 936 2350
f 590 1325 2511
f 584 1277 2505
f 585 1265 2507
f 592 1301 2513
f 595 1319 2516
f 598 1343 2519
f 636 1566 2556
f 621 1464 2540
f 642 1590 2561
f 601 1349 2521
f 623 1523 2544
f 611 1422 2529
f 609 1397 2530
f 625 1499 2546
f 628 1517 2549
f 632 1559 2553
f 613 1427 2534
f 616 1433 2536
f 638 1572 2557
f 606 1374 2525
f 407 892 1609
f 403 885 1605
f 404 897 1611
f 410 903 1614
f 413 910 1617
f 422 939 1631
f 486 1048 1688
f 573 1222 1775
f 561 1198 1763
f 512 1113 1719
f 452 982 1654
f 448 975 1650
f 449 987 1656
f 455 993 1659
f 458 1000 1662
f 470 1017 1672
f 437 969 1646
f 494 1089 1706
f 531 1144 1735
f 539 1156 1741
f 568 1215 1770
f 478 1035 1680
f 419 916 1621
f 509 1096 1711
f 554 1186 1756
f 482 1042 1684
f 576 1234 1780
f 558 1210 1767
f 516 1120 1722
f 425 928 1627
f 542 1161 1744
f 463 1011 1668
f 434 946 1636
f 497 1072 1699
f 528 1132 1730
f 546 1168 1748
f 464 1006 1666
f 440 958 1642
f 500 1084 1705
f 524 1149 1736
f 479 1059 1691
f 418 921 1623
f 508 1101 1713
f 553 1203 1764
f 569 1239 1781
f 538 1173 1749
f 471 1030 1677
f 443 964 1645
f 501 1078 1703
f 523 1125 1725
f 467 1023 1674
f 433 951 1638
f 493 1065 1695
f 527 1137 1732
f 543 1180 1752
f 485 1054 1690
f 572 1227 1777
f 557 1191 1759
f 515 1107 1717
f 428 934 1630
f 591 1326 2191
f 587 1278 1885
f 588 1266 1901
f 594 1302 2279
f 597 1320 2315
f 600 1344 2171
f 634 1565 2160
f 619 1463 2016
f 639 1589 2214
f 602 1350 1919
f 624 1524 2137
f 608 1421 1978
f 610 1398 1991
f 627 1500 2225
f 630 1518 2302
f 635 1560 2178
f 615 1428 2153
f 617 1434 2009
f 637 1571 2207
f 604 1373 1926
f 416 911 1857
f 408 893 1803
f 406 888 1786
f 412 900 1822
f 415 906 1840
f 424 924 1876
f 492 1062 2182
f 582 1242 2312
f 565 1206 2276
f 514 1104 1898
f 461 1001 2091
f 453 983 2037
f 451 978 1952
f 457 990 2056
f 460 996 2074
f 475 1026 2128
f 439 954 1966
f 496 1068 1988
f 533 1140 2222
f 551 1181 2293
f 579 1235 2185
f 483 1043 1879
f 426 929 1893
f 521 1121 2271
f 566 1211 2307
f 489 1055 2163
f 578 1230 2150
f 560 1194 2006
f 518 1110 2204
f 429 935 1911
f 547 1169 2131
f 465 1007 1969
f 441 959 1983
f 504 1085 2217
f 537 1152 2290
f 550 1176 2168
f 476 1031 2145
f 444 965 2001
f 502 1079 2199
f 526 1128 1916
f 481 1038 1808
f 420 917 1789
f 510 1097 1825
f 555 1187 1843
f 571 1218 1862
f 540 1157 1933
f 473 1020 2110
f 447 972 2020
f 507 1092 2236
f 534 1145 2257
f 469 1014 2042
f 435 947 1947
f 498 1073 2059
f 529 1133 2077
f 545 1164 2096
f 487 1049 2113
f 574 1223 2023
f 562 1199 2239
f 520 1116 2254
f 432 942 1930
f 589 1283 1818
f 583 1259 1798
f 586 1295 1834
f 593 1313 1852
f 596 1331 1872
f 599 1379 1942
f 633 1541 2120
f 620 1452 2030
f 640 1578 2248
f 603 1368 2263
f 622 1487 2052
f 607 1391 1955
f 612 1440 2065
f 626 1511 2086
f 629 1529 2106
f 631 1547 2122
f 614 1469 2032
f 618 1458 2245
f 641 1584 2266
f 605 1362 1940
f 409 1269 1813
f 405 1245 1792
f 411 1252 1828
f 414 1288 1846
f 417 1306 1867
f 431 1336 1936
f 488 1551 2123
f 575 1473 2033
f 563 1599 2249
f 519 1354 2260
f 454 1479 2049
f 450 1401 1959
f 456 1408 2062
f 459 1492 2080
f 462 1504 2101
f 472 1533 2116
f 446 1414 2026
f 506 1444 2242
f 535 1594 2267
f 541 1383 1943
f 570 1323 1869
f 480 1275 1815
f 421 1263 1799
f 511 1299 1835
f 556 1317 1853
f 484 1341 1889
f 580 1564 2195
f 567 1462 2319
f 522 1588 2283
f 427 1347 1905
f 544 1521 2103
f 468 1420 2046
f 436 1395 1957
f 499 1497 2069
f 530 1515 2087
f 548 1557 2141
f 466 1425 1979
f 442 1431 1993
f 505 1570 2229
f 536 1372 2296
f 491 1282 2188
f 423 1258 1882
f 513 1294 1902
f 564 1312 2280
f 581 1330 2316
f 549 1378 2172
f 477 1540 2157
f 445 1449 2011
f 503 1575 2209
f 525 1365 1923
f 474 1486 2134
f 438 1390 1972
f 495 1437 1995
f 532 1510 2226
f 552 1528 2303
f 490 1546 2175
f 577 1468 2154
f 559 1455 2013
f 517 1581 2211
f 430 1359 1921
f 590 1272 1865
f 584 1248 1811
f 585 1253 1796
f 592 1289 1832
f 595 1307 1850
f 598 1337 1888
f 636 1554 2194
f 621 1476 2322
f 642 1602 2286
f 601 1355 1908
f 623 1482 2099
f 611 1404 2045
f 609 1409 1962
f 625 1493 2068
f 628 1505 2084
f 632 1536 2140
f 613 1415 1976
f 616 1445 1998
f 638 1595 2232
f 606 1386 2299
f 407 909 2330
f 403 891 2324
f 404 886 2325
f 410 898 2332
f 413 904 2335
f 422 922 2344
f 486 1060 2410
f 573 1240 2497
f 561 1204 2486
f 512 1102 2434
f 452 999 2375
f 448 981 2369
f 449 976 2370
f 455 988 2377
f 458 994 2380
f 470 1024 2393
f 437 952 2359
f 494 1066 2415
f 531 1138 2455
f 539 1179 2461
f 568 1233 2489
f 478 1041 2399
f 419 927 2341
f 509 1119 2431
f 554 1209 2476
f 482 1053 2405
f 576 1228 2500
f 558 1192 2481
f 516 1108 2439
f 425 933 2348
f 542 1167 2465
f 463 1005 2383
f 434 957 2356
f 497 1083 2420
f 528 1150 2452
f 546 1174 2471
f 464 1029 2386
f 440 963 2363
f 500 1077 2422
f 524 1126 2445
f 479 1036 2400
f 418 915 2338
f 508 1095 2428
f 553 1185 2473
f 569 1216 2490
f 538 1155 2458
f 471 1018 2394
f 443 970 2366
f 501 1090 2425
f 523 1143 2444
f 467 1012 2389
f 433 945 2353
f 493 1071 2414
f 527 1131 2449
f 543 1162 2466
f 485 1047 2407
f 572 1221 2494
f 557 1197 2480
f 515 1114 2438
f 428 940 2351
f 591 1284 2510
f 587 1260 2504
f 588 1296 2508
f 594 1314 2514
f 597 1332 2517
f 600 1380 2520
f 634 1542 2554
f 619 1451 2539
f 639 1577 2560
f 602 1367 2523
f 624 1488 2543
f 608 1392 2527
f 610 1439 2532
f 627 1512 2547
f 630 1530 2550
f 635 1548 2552
f 615 1470 2535
f 617 1457 2538
f 637 1583 2558
f 604 1361 2524
f 167 1616 1607
f 164 1608 1603
f 163 1606 1604
f 165 1612 1610
f 166 1615 1613
f 169 1624 1622
f 192 1692 1686
f 222 1782 1773
f 216 1765 1761
f 199 1714 1712
f 182 1661 1652
f 179 1653 1648
f 178 1651 1649
f 180 1657 1655
f 181 1660 1658
f 186 1675 1670
f 174 1639 1637
f 193 1696 1694
f 205 1733 1731
f 212 1751 1739
f 221 1779 1768
f 189 1683 1678
f 170 1626 1619
f 202 1721 1709
f 217 1766 1754
f 191 1689 1682
f 220 1778 1776
f 214 1760 1758
f 200 1718 1716
f 171 1629 1625
f 210 1747 1742
f 183 1665 1663
f 175 1641 1634
f 196 1704 1697
f 207 1737 1728
f 211 1750 1746
f 187 1676 1664
f 176 1644 1640
f 195 1702 1700
f 203 1726 1724
f 188 1681 1679
f 168 1620 1618
f 198 1710 1708
f 213 1755 1753
f 218 1771 1769
f 208 1740 1738
f 185 1673 1671
f 177 1647 1643
f 197 1707 1701
f 206 1734 1723
f 184 1669 1667
f 173 1635 1633
f 194 1698 1693
f 204 1729 1727
f 209 1745 1743
f 190 1687 1685
f 219 1774 1772
f 215 1762 1757
f 201 1720 1715
f 172 1632 1628
f 357 2189 2187
f 255 1883 1881
f 262 1903 1899
f 388 2281 2277
f 400 2317 2313
f 352 2173 2169
f 347 2158 2156
f 298 2012 2010
f 364 2210 2208
f 269 1924 1917
f 339 2135 2133
f 285 1973 1971
f 293 1996 1989
f 370 2227 2223
f 396 2304 2300
f 353 2176 2174
f 346 2155 2151
f 299 2014 2007
f 365 2212 2205
f 268 1922 1920
f 249 1864 1855
f 231 1810 1801
f 226 1795 1784
f 238 1831 1820
f 244 1849 1838
f 257 1887 1874
f 359 2193 2180
f 402 2321 2310
f 390 2285 2274
f 264 1907 1896
f 327 2098 2089
f 309 2044 2035
f 282 1961 1950
f 317 2067 2054
f 322 2083 2072
f 341 2139 2126
f 286 1975 1964
f 294 1997 1986
f 372 2231 2220
f 394 2298 2291
f 358 2190 2183
f 256 1884 1877
f 261 1900 1891
f 387 2278 2269
f 399 2314 2305
f 351 2170 2161
f 348 2159 2148
f 300 2015 2004
f 366 2213 2202
f 267 1918 1909
f 340 2136 2129
f 287 1977 1967
f 291 1990 1981
f 369 2224 2215
f 395 2301 2288
f 354 2177 2166
f 345 2152 2143
f 297 2008 1999
f 363 2206 2197
f 270 1925 1914
f 234 1817 1806
f 227 1797 1787
f 239 1833 1823
f 245 1851 1841
f 252 1871 1860
f 275 1941 1931
f 334 2119 2108
f 304 2029 2018
f 377 2247 2234
f 382 2262 2255
f 312 2051 2040
f 279 1954 1945
f 316 2064 2057
f 323 2085 2075
f 330 2105 2094
f 335 2121 2111
f 305 2031 2021
f 376 2244 2237
f 383 2265 2252
f 274 1939 1928
f 232 1814 1812
f 225 1793 1791
f 237 1829 1827
f 243 1847 1845
f 250 1868 1866
f 273 1937 1935
f 336 2124 2118
f 306 2034 2028
f 378 2250 2246
f 381 2261 2259
f 311 2050 2048
f 281 1960 1953
f 315 2063 2061
f 321 2081 2079
f 328 2102 2100
f 333 2117 2115
f 303 2027 2025
f 375 2243 2241
f 384 2268 2264
f 276 1944 1938
f 229 1804 1802
f 223 1785 1783
f 235 1821 1819
f 241 1839 1837
f 247 1858 1856
f 271 1929 1927
f 332 2114 2112
f 302 2024 2022
f 374 2240 2238
f 379 2253 2251
f 307 2038 2036
f 278 1951 1949
f 313 2055 2053
f 319 2073 2071
f 325 2092 2090
f 331 2109 2107
f 301 2019 2017
f 373 2235 2233
f 380 2258 2256
f 272 1934 1932
f 248 1861 1859
f 230 1807 1805
f 224 1790 1788
f 236 1826 1824
f 242 1844 1842
f 254 1880 1878
f 356 2186 2184
f 397 2308 2306
f 385 2272 2270
f 259 1894 1892
f 326 2095 2093
f 308 2041 2039
f 277 1948 1946
f 314 2060 2058
f 320 2078 2076
f 338 2132 2130
f 284 1970 1968
f 289 1984 1982
f 367 2218 2216
f 391 2289 2287
f 355 2181 2179
f 253 1875 1873
f 260 1897 1895
f 386 2275 2273
f 398 2311 2309
f 350 2167 2165
f 343 2146 2144
f 295 2002 2000
f 361 2200 2198
f 266 1915 1913
f 337 2127 2125
f 283 1965 1963
f 290 1987 1985
f 368 2221 2219
f 392 2294 2292
f 349 2164 2162
f 344 2149 2147
f 296 2005 2003
f 362 2203 2201
f 265 1912 1910
f 251 1870 1863
f 233 1816 1809
f 228 1800 1794
f 240 1836 1830
f 246 1854 1848
f 258 1890 1886
f 360 2196 2192
f 401 2320 2318
f 389 2284 2282
f 263 1906 1904
f 329 2104 2097
f 310 2047 2043
f 280 1958 1956
f 318 2070 2066
f 324 2088 2082
f 342 2142 2138
f 288 1980 1974
f 292 1994 1992
f 371 2230 2228
f 393 2297 2295
f 409 2329 2331
f 405 2323 2327
f 411 2326 2328
f 414 2333 2334
f 417 2336 2337
f 431 2345 2346
f 488 2409 2412
f 575 2496 2499
f 563 2485 2487
f 519 2435 2436
f 454 2374 2376
f 450 2368 2372
f 456 2371 2373
f 459 2378 2379
f 462 2381 2382
f 472 2392 2396
f 446 2360 2361
f 506 2416 2418
f 535 2456 2457
f 541 2460 2463
f 570 2488 2492
f 480 2398 2402
f 421 2340 2343
f 511 2430 2433
f 556 2475 2478
f 484 2404 2406
f 580 2501 2502
f 567 2482 2484
f 522 2440 2442
f 427 2347 2349
f 544 2464 2468
f 468 2384 2387
f 436 2355 2358
f 499 2419 2421
f 530 2451 2454
f 548 2470 2472
f 466 2385 2388
f 442 2362 2364
f 505 2423 2426
f 536 2446 2448
f 491 2401 2403
f 423 2339 2342
f 513 2429 2432
f 564 2474 2477
f 581 2491 2493
f 549 2459 2462
f 477 2395 2397
f 445 2365 2367
f 503 2424 2427
f 525 2443 2447
f 474 2390 2391
f 438 2354 2357
f 495 2413 2417
f 532 2450 2453
f 552 2467 2469
f 490 2408 2411
f 577 2495 2498
f 559 2479 2483
f 517 2437 2441
f 430 2350 2352
f 590 2511 2509
f 584 2505 2503
f 585 2507 2506
f 592 2513 2512
f 595 2516 2515
f 598 2519 2518
f 636 2556 2555
f 621 2540 2541
f 642 2561 2562
f 601 2521 2522
f 623 2544 2542
f 611 2529 2528
f 609 2530 2531
f 625 2546 2545
f 628 2549 2548
f 632 2553 2551
f 613 2534 2533
f 616 2536 2537
f 638 2557 2559
f 606 2525 2526
f 1607 644 647
f 1603 643 644
f 1604 645 643
f 1610 646 645
f 1613 647 646
f 1622 652 649
f 1686 670 672
f 1773 699 702
f 1761 695 696
f 1712 681 679
f 1652 659 662
f 1648 658 659
f 1649 660 658
f 1655 661 660
f 1658 662 661
f 1670 665 666
f 1637 657 654
f 1694 677 673
f 1731 686 685
f 1739 688 692
f 1768 698 701
f 1678 668 669
f 1619 648 650
f 1709 678 682
f 1754 693 697
f 1682 669 671
f 1776 701 700
f 1758 697 694
f 1716 682 680
f 1625 650 651
f 1742 689 690
f 1663 664 663
f 1634 653 655
f 1697 674 676
f 1728 684 687
f 1746 690 691
f 1664 663 667
f 1640 655 656
f 1700 676 675
f 1724 687 683
f 1679 672 668
f 1618 649 648
f 1708 679 678
f 1753 696 693
f 1769 702 698
f 1738 691 688
f 1671 667 665
f 1643 656 657
f 1701 675 677
f 1723 683 686
f 1667 666 664
f 1633 654 653
f 1693 673 674
f 1727 685 684
f 1743 692 689
f 1685 671 670
f 1772 700 699
f 1757 694 695
f 1715 680 681
f 1628 651 652
f 2187 838 837
f 1881 736 735
f 1899 741 742
f 2277 867 868
f 2313 879 880
f 2169 831 832
f 2156 828 827
f 2010 780 778
f 2208 846 844
f 1917 747 749
f 2133 820 819
f 1971 767 765
f 1989 771 773
f 2223 849 850
f 2300 875 876
f 2174 834 833
f 2151 825 826
f 2007 777 779
f 2205 843 845
f 1920 750 748
f 1855 727 729
f 1801 709 711
f 1784 703 706
f 1820 715 718
f 1838 721 724
f 1874 733 737
f 2180 835 839
f 2310 878 882
f 2274 866 870
f 1896 740 744
f 2089 805 807
f 2035 787 789
f 1950 758 762
f 2054 793 797
f 2072 799 802
f 2126 817 821
f 1964 763 766
f 1986 770 774
f 2220 848 852
f 2291 872 874
f 2183 836 838
f 1877 734 736
f 1891 739 741
f 2269 865 867
f 2305 877 879
f 2161 829 831
f 2148 824 828
f 2004 776 780
f 2202 842 846
f 1909 745 747
f 2129 818 820
f 1967 764 767
f 1981 769 771
f 2215 847 849
f 2288 871 875
f 2166 830 834
f 2143 823 825
f 1999 775 777
f 2197 841 843
f 1914 746 750
f 1806 710 714
f 1787 704 707
f 1823 716 719
f 1841 722 725
f 1860 728 732
f 1931 752 755
f 2108 811 814
f 2018 781 784
f 2234 853 857
f 2255 860 862
f 2040 788 792
f 1945 757 759
f 2057 794 796
f 2075 800 803
f 2094 806 810
f 2111 812 815
f 2021 782 785
f 2237 854 856
f 2252 859 863
f 1928 751 754
f 1812 714 712
f 1791 707 705
f 1827 719 717
f 1845 725 723
f 1866 732 730
f 1935 755 753
f 2118 814 816
f 2028 784 786
f 2246 857 858
f 2259 862 861
f 2048 792 791
f 1953 759 761
f 2061 796 795
f 2079 803 801
f 2100 810 808
f 2115 815 813
f 2025 785 783
f 2241 856 855
f 2264 863 864
f 1938 754 756
f 1802 712 709
f 1783 705 703
f 1819 717 715
f 1837 723 721
f 1856 730 727
f 1927 753 751
f 2112 816 812
f 2022 786 782
f 2238 858 854
f 2251 861 859
f 2036 791 787
f 1949 761 758
f 2053 795 793
f 2071 801 799
f 2090 808 805
f 2107 813 811
f 2017 783 781
f 2233 855 853
f 2256 864 860
f 1932 756 752
f 1859 731 728
f 1805 713 710
f 1788 708 704
f 1824 720 716
f 1842 726 722
f 1878 738 734
f 2184 840 836
f 2306 881 877
f 2270 869 865
f 1892 743 739
f 2093 809 806
f 2039 790 788
f 1946 760 757
f 2058 798 794
f 2076 804 800
f 2130 822 818
f 1968 768 764
f 1982 772 769
f 2216 851 847
f 2287 873 871
f 2179 837 835
f 1873 735 733
f 1895 742 740
f 2273 868 866
f 2309 880 878
f 2165 832 830
f 2144 827 823
f 2000 778 775
f 2198 844 841
f 1913 749 746
f 2125 819 817
f 1963 765 763
f 1985 773 770
f 2219 850 848
f 2292 876 872
f 2162 833 829
f 2147 826 824
f 2003 779 776
f 2201 845 842
f 1910 748 745
f 1863 729 731
f 1809 711 713
f 1794 706 708
f 1830 718 720
f 1848 724 726
f 1886 737 738
f 2192 839 840
f 2318 882 881
f 2282 870 869
f 1904 744 743
f 2097 807 809
f 2043 789 790
f 1956 762 760
f 2066 797 798
f 2082 802 804
f 2138 821 822
f 1974 766 768
f 1992 774 772
f 2228 852 851
f 2295 874 873
f 2331 1270 1269
f 2327 1246 1245
f 2328 1251 1252
f 2334 1287 1288
f 2337 1305 1306
f 2346 1335 1336
f 2412 1552 1551
f 2499 1474 1473
f 2487 1600 1599
f 2436 1353 1354
f 2376 1480 1479
f 2372 1402 1401
f 2373 1407 1408
f 2379 1491 1492
f 2382 1503 1504
f 2396 1534 1533
f 2361 1413 1414
f 2418 1443 1444
f 2457 1593 1594
f 2463 1384 1383
f 2492 1324 1323
f 2402 1276 1275
f 2343 1264 1263
f 2433 1300 1299
f 2478 1318 1317
f 2406 1342 1341
f 2502 1563 1564
f 2484 1461 1462
f 2442 1587 1588
f 2349 1348 1347
f 2468 1522 1521
f 2387 1419 1420
f 2358 1396 1395
f 2421 1498 1497
f 2454 1516 1515
f 2472 1558 1557
f 2388 1426 1425
f 2364 1432 1431
f 2426 1569 1570
f 2448 1371 1372
f 2403 1281 1282
f 2342 1257 1258
f 2432 1293 1294
f 2477 1311 1312
f 2493 1329 1330
f 2462 1377 1378
f 2397 1539 1540
f 2367 1450 1449
f 2427 1576 1575
f 2447 1366 1365
f 2391 1485 1486
f 2357 1389 1390
f 2417 1438 1437
f 2453 1509 1510
f 2469 1527 1528
f 2411 1545 1546
f 2498 1467 1468
f 2483 1456 1455
f 2441 1582 1581
f 2352 1360 1359
f 2509 1271 1272
f 2503 1247 1248
f 2506 1254 1253
f 2512 1290 1289
f 2515 1308 1307
f 2518 1338 1337
f 2555 1553 1554
f 2541 1475 1476
f 2562 1601 1602
f 2522 1356 1355
f 2542 1481 1482
f 2528 1403 1404
f 2531 1410 1409
f 2545 1494 1493
f 2548 1506 1505
f 2551 1535 1536
f 2533 1416 1415
f 2537 1446 1445
f 2559 1596 1595
f 2526 1385 1386
f 1616 907 909
f 1608 889 891
f 1606 883 886
f 1612 895 898
f 1615 901 904
f 1624 919 922
f 1692 1057 1060
f 1782 1237 1240
f 1765 1201 1204
f 1714 1099 1102
f 1661 997 999
f 1653 979 981
f 1651 973 976
f 1657 985 988
f 1660 991 994
f 1675 1021 1024
f 1639 949 952
f 1696 1063 1066
f 1733 1135 1138
f 1751 1177 1179
f 1779 1231 1233
f 1683 1039 1041
f 1626 925 927
f 1721 1117 1119
f 1766 1207 1209
f 1689 1051 1053
f 1778 1225 1228
f 1760 1189 1192
f 1718 1105 1108
f 1629 931 933
f 1747 1165 1167
f 1665 1003 1005
f 1641 955 957
f 1704 1081 1083
f 1737 1147 1150
f 1750 1171 1174
f 1676 1027 1029
f 1644 961 963
f 1702 1075 1077
f 1726 1123 1126
f 1681 1033 1036
f 1620 913 915
f 1710 1093 1095
f 1755 1183 1185
f 1771 1213 1216
f 1740 1153 1155
f 1673 1015 1018
f 1647 967 970
f 1707 1087 1090
f 1734 1141 1143
f 1669 1009 1012
f 1635 943 945
f 1698 1069 1071
f 1729 1129 1131
f 1745 1159 1162
f 1687 1045 1047
f 1774 1219 1221
f 1762 1195 1197
f 1720 1111 1114
f 1632 937 940
f 2189 1280 1284
f 1883 1256 1260
f 1903 1292 1296
f 2281 1310 1314
f 2317 1328 1332
f 2173 1376 1380
f 2158 1538 1542
f 2012 1447 1451
f 2210 1573 1577
f 1924 1363 1367
f 2135 1484 1488
f 1973 1388 1392
f 1996 1435 1439
f 2227 1508 1512
f 2304 1526 1530
f 2176 1544 1548
f 2155 1466 1470
f 2014 1453 1457
f 2212 1579 1583
f 1922 1357 1361
f 1864 1268 1270
f 1810 1244 1246
f 1795 1249 1251
f 1831 1285 1287
f 1849 1303 1305
f 1887 1333 1335
f 2193 1550 1552
f 2321 1472 1474
f 2285 1598 1600
f 1907 1351 1353
f 2098 1478 1480
f 2044 1400 1402
f 1961 1405 1407
f 2067 1489 1491
f 2083 1501 1503
f 2139 1532 1534
f 1975 1411 1413
f 1997 1441 1443
f 2231 1591 1593
f 2298 1382 1384
f 2190 1322 1324
f 1884 1274 1276
f 1900 1262 1264
f 2278 1298 1300
f 2314 1316 1318
f 2170 1340 1342
f 2159 1561 1563
f 2015 1459 1461
f 2213 1585 1587
f 1918 1346 1348
f 2136 1520 1522
f 1977 1417 1419
f 1990 1394 1396
f 2224 1496 1498
f 2301 1514 1516
f 2177 1556 1558
f 2152 1424 1426
f 2008 1430 1432
f 2206 1567 1569
f 1925 1369 1371
f 1817 1279 1281
f 1797 1255 1257
f 1833 1291 1293
f 1851 1309 1311
f 1871 1327 1329
f 1941 1375 1377
f 2119 1537 1539
f 2029 1448 1450
f 2247 1574 1576
f 2262 1364 1366
f 2051 1483 1485
f 1954 1387 1389
f 2064 1436 1438
f 2085 1507 1509
f 2105 1525 1527
f 2121 1543 1545
f 2031 1465 1467
f 2244 1454 1456
f 2265 1580 1582
f 1939 1358 1360
f 1814 1267 1271
f 1793 1243 1247
f 1829 1250 1254
f 1847 1286 1290
f 1868 1304 1308
f 1937 1334 1338
f 2124 1549 1553
f 2034 1471 1475
f 2250 1597 1601
f 2261 1352 1356
f 2050 1477 1481
f 1960 1399 1403
f 2063 1406 1410
f 2081 1490 1494
f 2102 1502 1506
f 2117 1531 1535
f 2027 1412 1416
f 2243 1442 1446
f 2268 1592 1596
f 1944 1381 1385
f 1804 890 894
f 1785 884 887
f 1821 896 899
f 1839 902 905
f 1858 908 912
f 1929 938 941
f 2114 1046 1050
f 2024 1220 1224
f 2240 1196 1200
f 2253 1112 1115
f 2038 980 984
f 1951 974 977
f 2055 986 989
f 2073 992 995
f 2092 998 1002
f 2109 1016 1019
f 2019 968 971
f 2235 1088 1091
f 2258 1142 1146
f 1934 1154 1158
f 1861 1214 1217
f 1807 1034 1037
f 1790 914 918
f 1826 1094 1098
f 1844 1184 1188
f 1880 1040 1044
f 2186 1232 1236
f 2308 1208 1212
f 2272 1118 1122
f 1894 926 930
f 2095 1160 1163
f 2041 1010 1013
f 1948 944 948
f 2060 1070 1074
f 2078 1130 1134
f 2132 1166 1170
f 1970 1004 1008
f 1984 956 960
f 2218 1082 1086
f 2289 1148 1151
f 2181 1058 1061
f 1875 920 923
f 1897 1100 1103
f 2275 1202 1205
f 2311 1238 1241
f 2167 1172 1175
f 2146 1028 1032
f 2002 962 966
f 2200 1076 1080
f 1915 1124 1127
f 2127 1022 1025
f 1965 950 953
f 1987 1064 1067
f 2221 1136 1139
f 2294 1178 1182
f 2164 1052 1056
f 2149 1226 1229
f 2005 1190 1193
f 2203 1106 1109
f 1912 932 936
f 1870 1321 1325
f 1816 1273 1277
f 1800 1261 1265
f 1836 1297 1301
f 1854 1315 1319
f 1890 1339 1343
f 2196 1562 1566
f 2320 1460 1464
f 2284 1586 1590
f 1906 1345 1349
f 2104 1519 1523
f 2047 1418 1422
f 1958 1393 1397
f 2070 1495 1499
f 2088 1513 1517
f 2142 1555 1559
f 1980 1423 1427
f 1994 1429 1433
f 2230 1568 1572
f 2297 1370 1374
f 2329 894 892
f 2323 887 885
f 2326 899 897
f 2333 905 903
f 2336 912 910
f 2345 941 939
f 2409 1050 1048
f 2496 1224 1222
f 2485 1200 1198
f 2435 1115 1113
f 2374 984 982
f 2368 977 975
f 2371 989 987
f 2378 995 993
f 2381 1002 1000
f 2392 1019 1017
f 2360 971 969
f 2416 1091 1089
f 2456 1146 1144
f 2460 1158 1156
f 2488 1217 1215
f 2398 1037 1035
f 2340 918 916
f 2430 1098 1096
f 2475 1188 1186
f 2404 1044 1042
f 2501 1236 1234
f 2482 1212 1210
f 2440 1122 1120
f 2347 930 928
f 2464 1163 1161
f 2384 1013 1011
f 2355 948 946
f 2419 1074 1072
f 2451 1134 1132
f 2470 1170 1168
f 2385 1008 1006
f 2362 960 958
f 2423 1086 1084
f 2446 1151 1149
f 2401 1061 1059
f 2339 923 921
f 2429 1103 1101
f 2474 1205 1203
f 2491 1241 1239
f 2459 1175 1173
f 2395 1032 1030
f 2365 966 964
f 2424 1080 1078
f 2443 1127 1125
f 2390 1025 1023
f 2354 953 951
f 2413 1067 1065
f 2450 1139 1137
f 2467 1182 1180
f 2408 1056 1054
f 2495 1229 1227
f 2479 1193 1191
f 2437 1109 1107
f 2350 936 934
f 2511 1325 1326
f 2505 1277 1278
f 2507 1265 1266
f 2513 1301 1302
f 2516 1319 1320
f 2519 1343 1344
f 2556 1566 1565
f 2540 1464 1463
f 2561 1590 1589
f 2521 1349 1350
f 2544 1523 1524
f 2529 1422 1421
f 2530 1397 1398
f 2546 1499 1500
f 2549 1517 1518
f 2553 1559 1560
f 2534 1427 1428
f 2536 1433 1434
f 2557 1572 1571
f 2525 1374 1373
f 1609 892 889
f 1605 885 883
f 1611 897 895
f 1614 903 901
f 1617 910 907
f 1631 939 937
f 1688 1048 1045
f 1775 1222 1219
f 1763 1198 1195
f 1719 1113 1111
f 1654 982 979
f 1650 975 973
f 1656 987 985
f 1659 993 991
f 1662 1000 997
f 1672 1017 1015
f 1646 969 967
f 1706 1089 1087
f 1735 1144 1141
f 1741 1156 1153
f 1770 1215 1213
f 1680 1035 1033
f 1621 916 913
f 1711 1096 1093
f 1756 1186 1183
f 1684 1042 1039
f 1780 1234 1231
f 1767 1210 1207
f 1722 1120 1117
f 1627 928 925
f 1744 1161 1159
f 1668 1011 1009
f 1636 946 943
f 1699 1072 1069
f 1730 1132 1129
f 1748 1168 1165
f 1666 1006 1003
f 1642 958 955
f 1705 1084 1081
f 1736 1149 1147
f 1691 1059 1057
f 1623 921 919
f 1713 1101 1099
f 1764 1203 1201
f 1781 1239 1237
f 1749 1173 1171
f 1677 1030 1027
f 1645 964 961
f 1703 1078 1075
f 1725 1125 1123
f 1674 1023 1021
f 1638 951 949
f 1695 1065 1063
f 1732 1137 1135
f 1752 1180 1177
f 1690 1054 1051
f 1777 1227 1225
f 1759 1191 1189
f 1717 1107 1105
f 1630 934 931
f 2191 1326 1322
f 1885 1278 1274
f 1901 1266 1262
f 2279 1302 1298
f 2315 1320 1316
f 2171 1344 1340
f 2160 1565 1561
f 2016 1463 1459
f 2214 1589 1585
f 1919 1350 1346
f 2137 1524 1520
f 1978 1421 1417
f 1991 1398 1394
f 2225 1500 1496
f 2302 1518 1514
f 2178 1560 1556
f 2153 1428 1424
f 2009 1434 1430
f 2207 1571 1567
f 1926 1373 1369
f 1857 911 908
f 1803 893 890
f 1786 888 884
f 1822 900 896
f 1840 906 902
f 1876 924 920
f 2182 1062 1058
f 2312 1242 1238
f 2276 1206 1202
f 1898 1104 1100
f 2091 1001 998
f 2037 983 980
f 1952 978 974
f 2056 990 986
f 2074 996 992
f 2128 1026 1022
f 1966 954 950
f 1988 1068 1064
f 2222 1140 1136
f 2293 1181 1178
f 2185 1235 1232
f 1879 1043 1040
f 1893 929 926
f 2271 1121 1118
f 2307 1211 1208
f 2163 1055 1052
f 2150 1230 1226
f 2006 1194 1190
f 2204 1110 1106
f 1911 935 932
f 2131 1169 1166
f 1969 1007 1004
f 1983 959 956
f 2217 1085 1082
f 2290 1152 1148
f 2168 1176 1172
f 2145 1031 1028
f 2001 965 962
f 2199 1079 1076
f 1916 1128 1124
f 1808 1038 1034
f 1789 917 914
f 1825 1097 1094
f 1843 1187 1184
f 1862 1218 1214
f 1933 1157 1154
f 2110 1020 1016
f 2020 972 968
f 2236 1092 1088
f 2257 1145 1142
f 2042 1014 1010
f 1947 947 944
f 2059 1073 1070
f 2077 1133 1130
f 2096 1164 1160
f 2113 1049 1046
f 2023 1223 1220
f 2239 1199 1196
f 2254 1116 1112
f 1930 942 938
f 1818 1283 1279
f 1798 1259 1255
f 1834 1295 1291
f 1852 1313 1309
f 1872 1331 1327
f 1942 1379 1375
f 2120 1541 1537
f 2030 1452 1448
f 2248 1578 1574
f 2263 1368 1364
f 2052 1487 1483
f 1955 1391 1387
f 2065 1440 1436
f 2086 1511 1507
f 2106 1529 1525
f 2122 1547 1543
f 2032 1469 1465
f 2245 1458 1454
f 2266 1584 1580
f 1940 1362 1358
f 1813 1269 1267
f 1792 1245 1243
f 1828 1252 1250
f 1846 1288 1286
f 1867 1306 1304
f 1936 1336 1334
f 2123 1551 1549
f 2033 1473 1471
f 2249 1599 1597
f 2260 1354 1352
f 2049 1479 1477
f 1959 1401 1399
f 2062 1408 1406
f 2080 1492 1490
f 2101 1504 1502
f 2116 1533 1531
f 2026 1414 1412
f 2242 1444 1442
f 2267 1594 1592
f 1943 1383 1381
f 1869 1323 1321
f 1815 1275 1273
f 1799 1263 1261
f 1835 1299 1297
f 1853 1317 1315
f 1889 1341 1339
f 2195 1564 1562
f 2319 1462 1460
f 2283 1588 1586
f 1905 1347 1345
f 2103 1521 1519
f 2046 1420 1418
f 1957 1395 1393
f 2069 1497 1495
f 2087 1515 1513
f 2141 1557 1555
f 1979 1425 1423
f 1993 1431 1429
f 2229 1570 1568
f 2296 1372 1370
f 2188 1282 1280
f 1882 1258 1256
f 1902 1294 1292
f 2280 1312 1310
f 2316 1330 1328
f 2172 1378 1376
f 2157 1540 1538
f 2011 1449 1447
f 2209 1575 1573
f 1923 1365 1363
f 2134 1486 1484
f 1972 1390 1388
f 1995 1437 1435
f 2226 1510 1508
f 2303 1528 1526
f 2175 1546 1544
f 2154 1468 1466
f 2013 1455 1453
f 2211 1581 1579
f 1921 1359 1357
f 1865 1272 1268
f 1811 1248 1244
f 1796 1253 1249
f 1832 1289 1285
f 1850 1307 1303
f 1888 1337 1333
f 2194 1554 1550
f 2322 1476 1472
f 2286 1602 1598
f 1908 1355 1351
f 2099 1482 1478
f 2045 1404 1400
f 1962 1409 1405
f 2068 1493 1489
f 2084 1505 1501
f 2140 1536 1532
f 1976 1415 1411
f 1998 1445 1441
f 2232 1595 1591
f 2299 1386 1382
f 2330 909 911
f 2324 891 893
f 2325 886 888
f 2332 898 900
f 2335 904 906
f 2344 922 924
f 2410 1060 1062
f 2497 1240 1242
f 2486 1204 1206
f 2434 1102 1104
f 2375 999 1001
f 2369 981 983
f 2370 976 978
f 2377 988 990
f 2380 994 996
f 2393 1024 1026
f 2359 952 954
f 2415 1066 1068
f 2455 1138 1140
f 2461 1179 1181
f 2489 1233 1235
f 2399 1041 1043
f 2341 927 929
f 2431 1119 1121
f 2476 1209 1211
f 2405 1053 1055
f 2500 1228 1230
f 2481 1192 1194
f 2439 1108 1110
f 2348 933 935
f 2465 1167 1169
f 2383 1005 1007
f 2356 957 959
f 2420 1083 1085
f 2452 1150 1152
f 2471 1174 1176
f 2386 1029 1031
f 2363 963 965
f 2422 1077 1079
f 2445 1126 1128
f 2400 1036 1038
f 2338 915 917
f 2428 1095 1097
f 2473 1185 1187
f 2490 1216 1218
f 2458 1155 1157
f 2394 1018 1020
f 2366 970 972
f 2425 1090 1092
f 2444 1143 1145
f 2389 1012 1014
f 2353 945 947
f 2414 1071 1073
f 2449 1131 1133
f 2466 1162 1164
f 2407 1047 1049
f 2494 1221 1223
f 2480 1197 1199
f 2438 1114 1116
f 2351 940 942
f 2510 1284 1283
f 2504 1260 1259
f 2508 1296 1295
f 2514 1314 1313
f 2517 1332 1331
f 2520 1380 1379
f 2554 1542 1541
f 2539 1451 1452
f 2560 1577 1578
f 2523 1367 1368
f 2543 1488 1487
f 2527 1392 1391
f 2532 1439 1440
f 2547 1512 1511
f 2550 1530 1529
f 2552 1548 1547
f 2535 1470 1469
f 2538 1457 1458
f 2558 1583 1584
f 2524 1361 1362
f 1607 1616 1609
f 1603 1608 1605
f 1604 1606 1611
f 1610 1612 1614
f 1613 1615 1617
f 1622 1624 1631
f 1686 1692 1688
f 1773 1782 1775
f 1761 1765 1763
f 1712 1714 1719
f 1652 1661 1654
f 1648 1653 1650
f 1649 1651 1656
f 1655 1657 1659
f 1658 1660 1662
f 1670 1675 1672
f 1637 1639 1646
f 1694 1696 1706
f 1731 1733 1735
f 1739 1751 1741
f 1768 1779 1770
f 1678 1683 1680
f 1619 1626 1621
f 1709 1721 1711
f 1754 1766 1756
f 1682 1689 1684
f 1776 1778 1780
f 1758 1760 1767
f 1716 1718 1722
f 1625 1629 1627
f 1742 1747 1744
f 1663 1665 1668
f 1634 1641 1636
f 1697 1704 1699
f 1728 1737 1730
f 1746 1750 1748
f 1664 1676 1666
f 1640 1644 1642
f 1700 1702 1705
f 1724 1726 1736
f 1679 1681 1691
f 1618 1620 1623
f 1708 1710 1713
f 1753 1755 1764
f 1769 1771 1781
f 1738 1740 1749
f 1671 1673 1677
f 1643 1647 1645
f 1701 1707 1703
f 1723 1734 1725
f 1667 1669 1674
f 1633 1635 1638
f 1693 1698 1695
f 1727 1729 1732
f 1743 1745 1752
f 1685 1687 1690
f 1772 1774 1777
f 1757 1762 1759
f 1715 1720 1717
f 1628 1632 1630
f 2187 2189 2191
f 1881 1883 1885
f 1899 1903 1901
f 2277 2281 2279
f 2313 2317 2315
f 2169 2173 2171
f 2156 2158 2160
f 2010 2012 2016
f 2208 2210 2214
f 1917 1924 1919
f 2133 2135 2137
f 1971 1973 1978
f 1989 1996 1991
f 2223 2227 2225
f 2300 2304 2302
f 2174 2176 2178
f 2151 2155 2153
f 2007 2014 2009
f 2205 2212 2207
f 1920 1922 1926
f 1855 1864 1857
f 1801 1810 1803
f 1784 1795 1786
f 1820 1831 1822
f 1838 1849 1840
f 1874 1887 1876
f 2180 2193 2182
f 2310 2321 2312
f 2274 2285 2276
f 1896 1907 1898
f 2089 2098 2091
f 2035 2044 2037
f 1950 1961 1952
f 2054 2067 2056
f 2072 2083 2074
f 2126 2139 2128
f 1964 1975 1966
f 1986 1997 1988
f 2220 2231 2222
f 2291 2298 2293
f 2183 2190 2185
f 1877 1884 1879
f 1891 1900 1893
f 2269 2278 2271
f 2305 2314 2307
f 2161 2170 2163
f 2148 2159 2150
f 2004 2015 2006
f 2202 2213 2204
f 1909 1918 1911
f 2129 2136 2131
f 1967 1977 1969
f 1981 1990 1983
f 2215 2224 2217
f 2288 2301 2290
f 2166 2177 2168
f 2143 2152 2145
f 1999 2008 2001
f 2197 2206 2199
f 1914 1925 1916
f 1806 1817 1808
f 1787 1797 1789
f 1823 1833 1825
f 1841 1851 1843
f 1860 1871 1862
f 1931 1941 1933
f 2108 2119 2110
f 2018 2029 2020
f 2234 2247 2236
f 2255 2262 2257
f 2040 2051 2042
f 1945 1954 1947
f 2057 2064 2059
f 2075 2085 2077
f 2094 2105 2096
f 2111 2121 2113
f 2021 2031 2023
f 2237 2244 2239
f 2252 2265 2254
f 1928 1939 1930
f 1812 1814 1818
f 1791 1793 1798
f 1827 1829 1834
f 1845 1847 1852
f 1866 1868 1872
f 1935 1937 1942
f 2118 2124 2120
f 2028 2034 2030
f 2246 2250 2248
f 2259 2261 2263
f 2048 2050 2052
f 1953 1960 1955
f 2061 2063 2065
f 2079 2081 2086
f 2100 2102 2106
f 2115 2117 2122
f 2025 2027 2032
f 2241 2243 2245
f 2264 2268 2266
f 1938 1944 1940
f 1802 1804 1813
f 1783 1785 1792
f 1819 1821 1828
f 1837 1839 1846
f 1856 1858 1867
f 1927 1929 1936
f 2112 2114 2123
f 2022 2024 2033
f 2238 2240 2249
f 2251 2253 2260
f 2036 2038 2049
f 1949 1951 1959
f 2053 2055 2062
f 2071 2073 2080
f 2090 2092 2101
f 2107 2109 2116
f 2017 2019 2026
f 2233 2235 2242
f 2256 2258 2267
f 1932 1934 1943
f 1859 1861 1869
f 1805 1807 1815
f 1788 1790 1799
f 1824 1826 1835
f 1842 1844 1853
f 1878 1880 1889
f 2184 2186 2195
f 2306 2308 2319
f 2270 2272 2283
f 1892 1894 1905
f 2093 2095 2103
f 2039 2041 2046
f 1946 1948 1957
f 2058 2060 2069
f 2076 2078 2087
f 2130 2132 2141
f 1968 1970 1979
f 1982 1984 1993
f 2216 2218 2229
f 2287 2289 2296
f 2179 2181 2188
f 1873 1875 1882
f 1895 1897 1902
f 2273 2275 2280
f 2309 2311 2316
f 2165 2167 2172
f 2144 2146 2157
f 2000 2002 2011
f 2198 2200 2209
f 1913 1915 1923
f 2125 2127 2134
f 1963 1965 1972
f 1985 1987 1995
f 2219 2221 2226
f 2292 2294 2303
f 2162 2164 2175
f 2147 2149 2154
f 2003 2005 2013
f 2201 2203 2211
f 1910 1912 1921
f 1863 1870 1865
f 1809 1816 1811
f 1794 1800 1796
f 1830 1836 1832
f 1848 1854 1850
f 1886 1890 1888
f 2192 2196 2194
f 2318 2320 2322
f 2282 2284 2286
f 1904 1906 1908
f 2097 2104 2099
f 2043 2047 2045
f 1956 1958 1962
f 2066 2070 2068
f 2082 2088 2084
f 2138 2142 2140
f 1974 1980 1976
f 1992 1994 1998
f 2228 2230 2232
f 2295 2297 2299
f 2331 2329 2330
f 2327 2323 2324
f 2328 2326 2325
f 2334 2333 2332
f 2337 2336 2335
f 2346 2345 2344
f 2412 2409 2410
f 2499 2496 2497
f 2487 2485 2486
f 2436 2435 2434
f 2376 2374 2375
f 2372 2368 2369
f 2373 2371 2370
f 2379 2378 2377
f 2382 2381 2380
f 2396 2392 2393
f 2361 2360 2359
f 2418 2416 2415
f 2457 2456 2455
f 2463 2460 2461
f 2492 2488 2489
f 2402 2398 2399
f 2343 2340 2341
f 2433 2430 2431
f 2478 2475 2476
f 2406 2404 2405
f 2502 2501 2500
f 2484 2482 2481
f 2442 2440 2439
f 2349 2347 2348
f 2468 2464 2465
f 2387 2384 2383
f 2358 2355 2356
f 2421 2419 2420
f 2454 2451 2452
f 2472 2470 2471
f 2388 2385 2386
f 2364 2362 2363
f 2426 2423 2422
f 2448 2446 2445
f 2403 2401 2400
f 2342 2339 2338
f 2432 2429 2428
f 2477 2474 2473
f 2493 2491 2490
f 2462 2459 2458
f 2397 2395 2394
f 2367 2365 2366
f 2427 2424 2425
f 2447 2443 2444
f 2391 2390 2389
f 2357 2354 2353
f 2417 2413 2414
f 2453 2450 2449
f 2469 2467 2466
f 2411 2408 2407
f 2498 2495 2494
f 2483 2479 2480
f 2441 2437 2438
f 2352 2350 2351
f 2509 2511 2510
f 2503 2505 2504
f 2506 2507 2508
f 2512 2513 2514
f 2515 2516 2517
f 2518 2519 2520
f 2555 2556 2554
f 2541 2540 2539
f 2562 2561 2560
f 2522 2521 2523
f 2542 2544 2543
f 2528 2529 2527
f 2531 2530 2532
f 2545 2546 2547
f 2548 2549 2550
f 2551 2553 2552
f 2533 2534 2535
f 2537 2536 2538
f 2559 2557 2558
f 2526 2525 2524