# Colored mesh
# Vertices: 2562, Faces: 5120

v -0.100315 0.348791 -0.156138 0.816670 0.572805 0.452430
v 0.100361 0.341813 -0.155596 0.816319 0.576092 0.458011
v -0.293102 -0.560406 0.007213 0.590726 0.360621 0.233744
v 0.292048 -0.560579 0.008488 0.590067 0.359349 0.233555
v -0.001003 -0.418777 0.707737 0.568662 0.344086 0.218867
v -0.000827 0.118003 0.374346 0.801971 0.580778 0.474700
v -0.001916 -0.145899 -0.400255 0.699591 0.432592 0.266856
v 0.004769 0.417299 -0.707432 0.860966 0.541794 0.321553
v 0.399456 0.021111 -0.250030 0.767184 0.492264 0.319688
v 0.388386 -0.002356 0.244393 0.751218 0.499095 0.358181
v -0.403182 0.016141 -0.247663 0.766473 0.491121 0.318888
v -0.384232 0.003825 0.248144 0.751682 0.497488 0.354310
v 0.011635 0.560870 -0.104875 0.817333 0.582543 0.467226
v -0.073944 0.192400 0.043228 0.807909 0.580621 0.470071
v -0.211023 0.646372 -0.432479 0.913886 0.586479 0.352199
v -0.260823 0.132498 -0.191220 0.811020 0.520189 0.330997
v -0.301121 0.061899 0.115709 0.784755 0.541514 0.421514
v 0.075688 0.194124 0.043500 0.807894 0.581276 0.471031
v 0.204598 0.647561 -0.418804 0.912930 0.587219 0.353284
v 0.258717 0.127689 -0.185416 0.803206 0.518438 0.335531
v 0.304212 0.061723 0.112516 0.783630 0.541281 0.421644
v 0.000563 -0.572085 0.007166 0.579673 0.352424 0.230352
v -0.200442 -0.633212 0.421456 0.560929 0.337019 0.219348
v -0.181451 -0.514765 -0.291750 0.585454 0.357118 0.229443
v -0.335822 -0.111395 -0.111606 0.705682 0.437803 0.268919
v -0.346705 -0.197596 0.188696 0.680348 0.420573 0.260047
v 0.201231 -0.631963 0.419194 0.564061 0.338374 0.217149
v 0.179709 -0.514424 -0.290880 0.585930 0.357112 0.228301
v 0.336946 -0.110180 -0.110853 0.707112 0.438534 0.269020
v 0.347304 -0.199948 0.188242 0.680309 0.420025 0.260201
v 0.000762 0.018412 0.675034 0.738327 0.462247 0.282757
v 0.313091 -0.190505 0.555825 0.687148 0.424857 0.262275
v -0.313066 -0.192046 0.555062 0.687063 0.424298 0.262181
v 0.216538 0.056564 0.381552 0.776353 0.540004 0.421974
v -0.213033 0.058738 0.380433 0.776460 0.540080 0.422549
v 0.004590 0.042071 -0.652099 0.751279 0.467800 0.283702
v 0.207061 0.001319 -0.351594 0.739014 0.459972 0.279720
v -0.207147 0.000865 -0.350439 0.740121 0.460954 0.280774
v 0.310782 0.188223 -0.586873 0.805023 0.505313 0.306814
v -0.310814 0.188755 -0.597687 0.804307 0.505347 0.305980
v 0.451489 0.019532 0.015821 0.760634 0.496449 0.337898
v -0.448828 0.017050 0.018179 0.760134 0.494462 0.335250
v -0.040346 0.509201 -0.142495 0.817420 0.580193 0.463680
v -0.067398 0.273865 -0.118253 0.813535 0.578067 0.463471
v -0.174299 0.497473 -0.242484 0.845725 0.562885 0.395609
v -0.167495 0.283988 -0.173614 0.831660 0.545963 0.370598
v -0.167466 0.182282 -0.049556 0.809996 0.568613 0.449403
v 0.057335 0.507210 -0.145491 0.817471 0.580963 0.464707
v 0.071209 0.271592 -0.118860 0.813775 0.578608 0.465015
v 0.147505 0.475369 -0.224568 0.838106 0.569494 0.420160
v 0.157890 0.271253 -0.162791 0.827221 0.556267 0.404294
v 0.171686 0.180481 -0.049780 0.809824 0.571867 0.455197
v -0.173076 -0.626553 0.000520 0.579648 0.352066 0.230532
v -0.230528 -0.525481 0.158087 0.586404 0.357436 0.233675
v -0.324044 -0.747472 -0.166238 0.569885 0.344122 0.221612
v -0.357281 -0.404421 -0.067065 0.617336 0.377942 0.238685
v -0.337630 -0.400982 0.101574 0.620611 0.381130 0.240235
v 0.172717 -0.625156 0.000833 0.579400 0.352300 0.231515
v 0.229658 -0.526856 0.157813 0.585839 0.356466 0.232813
v 0.323679 -0.747961 -0.165779 0.568208 0.342162 0.221331
v 0.356505 -0.405926 -0.066273 0.616043 0.377719 0.238942
v 0.337423 -0.403054 0.102320 0.620499 0.379743 0.239772
v -0.122286 -0.642114 0.695039 0.556620 0.334965 0.215999
v 0.124026 -0.642076 0.695457 0.555840 0.335284 0.216675
v -0.002660 -0.204265 0.760611 0.681874 0.421081 0.260605
v 0.179481 -0.342487 0.700249 0.636660 0.390906 0.245578
v -0.185098 -0.346542 0.698261 0.635425 0.390292 0.245014
v -0.051991 0.134906 0.258475 0.804095 0.581842 0.473995
v 0.048686 0.134815 0.258604 0.802909 0.580747 0.474598
v 0.000144 0.109386 0.501366 0.798969 0.577929 0.471155
v 0.095769 0.105812 0.396940 0.799901 0.578682 0.471888
v -0.095813 0.106071 0.397314 0.800011 0.579868 0.471683
v -0.069750 -0.292391 -0.363276 0.652559 0.401231 0.251378
v 0.068389 -0.292790 -0.363601 0.653118 0.401615 0.250670
v -0.002498 0.001910 -0.440425 0.739538 0.459890 0.279978
v 0.090657 -0.078453 -0.376449 0.716642 0.444552 0.272443
v -0.092724 -0.078212 -0.374820 0.716534 0.444275 0.271921
v -0.129951 0.591079 -0.626253 0.912892 0.578812 0.340255
v 0.139547 0.593511 -0.623818 0.913610 0.579798 0.340039
v 0.009566 0.219544 -0.793924 0.805100 0.502811 0.302087
v 0.202087 0.335069 -0.726017 0.839581 0.526236 0.313633
v -0.192177 0.336520 -0.729223 0.841520 0.527021 0.313271
v 0.390116 0.040448 -0.219444 0.772461 0.496178 0.323332
v 0.373368 0.009199 -0.173988 0.755382 0.480582 0.308135
v 0.342302 0.062013 -0.326810 0.758862 0.482995 0.307239
v 0.349322 0.057015 -0.387287 0.771836 0.494360 0.318692
v 0.439421 0.018589 -0.116102 0.765592 0.492515 0.323621
v 0.402792 0.012923 0.205649 0.759757 0.511189 0.375625
v 0.364751 -0.029446 0.220926 0.726305 0.461083 0.298643
v 0.333890 -0.056276 0.356606 0.695774 0.432950 0.269189
v 0.322260 0.001092 0.318078 0.751790 0.503133 0.366473
v 0.435121 0.019814 0.136401 0.754184 0.498918 0.355542
v -0.385056 0.038735 -0.212124 0.772078 0.495569 0.322470
v -0.369614 0.025267 -0.174999 0.756347 0.482803 0.310726
v -0.340632 0.060748 -0.327260 0.760321 0.484142 0.309491
v -0.350187 0.055928 -0.389373 0.772203 0.492621 0.317555
v -0.441533 0.020168 -0.114643 0.764314 0.491489 0.322112
v -0.392107 0.019747 0.203426 0.759194 0.507272 0.367523
v -0.360806 -0.028751 0.225029 0.724885 0.459061 0.296846
v -0.330623 -0.060854 0.359679 0.696950 0.433596 0.269787
v -0.316523 0.005046 0.318679 0.751420 0.500424 0.362309
v -0.433136 0.020177 0.142342 0.753084 0.496830 0.350236
v -0.007744 0.461559 -0.166133 0.813253 0.582355 0.470306
v -0.020371 0.515523 -0.177751 0.840415 0.583574 0.440241
v 0.016334 0.457092 -0.166437 0.812985 0.582087 0.470482
v 0.024599 0.516309 -0.176729 0.838591 0.583885 0.442313
v -0.183909 0.147238 0.103771 0.806203 0.572695 0.460885
v -0.000499 0.208248 0.014279 0.808270 0.582410 0.472962
v -0.158423 0.113276 0.260015 0.802949 0.577071 0.469349
v -0.302161 0.443474 -0.374500 0.873969 0.549618 0.326092
v -0.000177 0.693208 -0.412776 0.914809 0.587854 0.354148
v -0.271960 0.425986 -0.553924 0.868760 0.546196 0.323322
v -0.291945 0.079484 -0.021637 0.780661 0.520202 0.373534
v -0.288539 0.189685 -0.382183 0.832610 0.527682 0.321344
v -0.426835 0.003231 -0.042324 0.770052 0.499939 0.336809
v -0.274795 0.059488 0.243878 0.781456 0.541894 0.424361
v -0.433354 0.036360 0.085855 0.763201 0.506557 0.362360
v 0.186341 0.145937 0.102391 0.806417 0.574251 0.462182
v 0.158329 0.113192 0.257612 0.803063 0.577656 0.468930
v 0.316222 0.470236 -0.321764 0.884321 0.562758 0.337497
v 0.275464 0.436276 -0.529048 0.871611 0.548184 0.324291
v 0.296551 0.075269 -0.020567 0.781287 0.527946 0.390860
v 0.282213 0.192789 -0.375431 0.834226 0.527764 0.320231
v 0.427480 0.019048 -0.051095 0.770343 0.501992 0.338317
v 0.279891 0.056798 0.245209 0.780392 0.541651 0.423558
v 0.432010 0.038160 0.086442 0.764490 0.511447 0.372342
v -0.085715 -0.583426 0.183028 0.580233 0.352863 0.232292
v -0.093775 -0.635856 -0.130992 0.577768 0.350417 0.227665
v 0.083779 -0.580039 0.184396 0.580553 0.352931 0.231896
v 0.093872 -0.633629 -0.129400 0.577734 0.350702 0.227881
v -0.309848 -0.421116 0.304197 0.615671 0.376667 0.239220
v 0.000025 -0.602502 0.442558 0.560825 0.338109 0.219454
v -0.327355 -0.484551 0.557766 0.596935 0.364455 0.231815
v -0.335679 -0.352879 -0.246587 0.634390 0.389757 0.245241
v -0.000575 -0.475756 -0.261059 0.586593 0.357217 0.229534
v -0.197752 -0.203695 -0.311726 0.679033 0.419637 0.259435
v -0.347214 -0.155154 0.034892 0.693613 0.429076 0.264833
v -0.269734 -0.043864 -0.228012 0.726544 0.451102 0.276189
v -0.399872 0.020893 -0.038132 0.752184 0.481218 0.312972
v -0.338285 -0.228235 0.363743 0.672327 0.415694 0.257711
v -0.387586 -0.010288 0.098353 0.743861 0.476424 0.312556
v 0.309022 -0.422092 0.303368 0.615526 0.377176 0.238825
v 0.327448 -0.485809 0.557126 0.594305 0.363780 0.231995
v 0.336272 -0.355610 -0.245466 0.633801 0.388883 0.244138
v 0.196734 -0.205168 -0.311866 0.678741 0.419158 0.259357
v 0.348050 -0.158761 0.035705 0.693020 0.429159 0.264367
v 0.271358 -0.044456 -0.229223 0.725603 0.450810 0.276222
v 0.399316 0.007439 -0.037385 0.748062 0.477074 0.308740
v 0.338601 -0.228165 0.362686 0.672744 0.414845 0.256967
v 0.388712 -0.014496 0.094996 0.740457 0.472919 0.308361
v 0.163405 -0.083221 0.695076 0.716109 0.445209 0.272330
v -0.170614 -0.090962 0.695106 0.711730 0.441243 0.270693
v 0.136796 0.067598 0.544201 0.762741 0.510601 0.372605
v -0.135389 0.068217 0.544684 0.763421 0.511224 0.373128
v 0.264414 -0.018918 0.486927 0.708608 0.441926 0.274905
v -0.262506 -0.018181 0.486948 0.709718 0.442093 0.274313
v 0.134922 0.010046 -0.514042 0.744969 0.464077 0.281551
v -0.129960 0.007319 -0.510756 0.744644 0.463964 0.282318
v 0.222491 0.090583 -0.756634 0.766439 0.478083 0.289443
v -0.204229 0.085073 -0.763183 0.765653 0.476946 0.289085
v 0.274629 0.064024 -0.504998 0.763678 0.482928 0.302906
v -0.271746 0.057943 -0.509280 0.763866 0.482859 0.303326
v -0.075866 0.422875 -0.163509 0.817832 0.575072 0.454986
v -0.080569 0.319104 -0.138485 0.815831 0.574538 0.456099
v -0.121438 0.418185 -0.185188 0.821083 0.567569 0.439389
v -0.130011 0.323809 -0.161838 0.819912 0.566730 0.437944
v -0.109512 0.258670 -0.127558 0.815626 0.572666 0.452152
v 0.078130 0.419676 -0.161371 0.817069 0.577853 0.460106
v 0.082236 0.316439 -0.142575 0.814743 0.578218 0.461049
v 0.115461 0.405292 -0.177379 0.819152 0.574962 0.453219
v 0.127661 0.312338 -0.157478 0.817356 0.573236 0.451376
v 0.113249 0.255541 -0.127390 0.814826 0.575443 0.457607
v -0.244798 -0.615334 0.004803 0.582401 0.353856 0.229968
v -0.258849 -0.534897 0.061896 0.589104 0.359192 0.234111
v -0.316006 -0.652692 -0.044682 0.572555 0.346100 0.223555
v -0.334578 -0.514779 -0.025677 0.596971 0.365210 0.233894
v -0.311401 -0.482749 0.048596 0.597571 0.364755 0.235052
v 0.243264 -0.614343 0.005855 0.582422 0.355204 0.230653
v 0.257227 -0.534463 0.063271 0.589781 0.359751 0.233830
v 0.314797 -0.653030 -0.043101 0.572402 0.346347 0.223080
v 0.334070 -0.516263 -0.024522 0.597213 0.364514 0.233592
v 0.310117 -0.483214 0.049501 0.596450 0.364485 0.234817
v -0.056127 -0.496824 0.691058 0.559938 0.337652 0.217818
v 0.055339 -0.495770 0.691977 0.561269 0.337703 0.217453
v -0.002592 -0.323590 0.729488 0.631066 0.387610 0.242914
v 0.080974 -0.390186 0.711782 0.607682 0.372242 0.235405
v -0.084554 -0.392040 0.711621 0.607983 0.372636 0.235545
v -0.024975 0.121578 0.327208 0.802415 0.581220 0.474546
v 0.022928 0.121188 0.328256 0.801673 0.580531 0.474445
v -0.000276 0.116647 0.429657 0.799387 0.579923 0.473857
v 0.040859 0.115621 0.387532 0.801544 0.580629 0.473932
v -0.041600 0.115550 0.388265 0.801090 0.579994 0.474233
v -0.029566 -0.209299 -0.392293 0.680046 0.419291 0.260021
v 0.026899 -0.209823 -0.392052 0.679376 0.419656 0.260463
v -0.002217 -0.074087 -0.409060 0.717658 0.444845 0.271827
v 0.040333 -0.119924 -0.395329 0.703336 0.435032 0.268192
v -0.042938 -0.119839 -0.394774 0.702356 0.435174 0.268352
v -0.052486 0.494016 -0.673594 0.886536 0.558423 0.328849
v 0.059933 0.493091 -0.671654 0.887434 0.558166 0.329375
v 0.006563 0.328857 -0.753678 0.837994 0.524838 0.312549
v 0.093444 0.385219 -0.721681 0.856118 0.536896 0.319261
v -0.082685 0.385474 -0.718197 0.856083 0.536646 0.318928
v 0.401806 0.028065 -0.239668 0.768054 0.493643 0.320935
v 0.397757 0.017636 -0.218061 0.764468 0.490607 0.318503
v 0.384518 0.028295 -0.291132 0.765726 0.491048 0.317568
v 0.386577 0.028221 -0.310232 0.768235 0.492885 0.319767
v 0.415497 0.019020 -0.188870 0.766648 0.492544 0.320774
v 0.402847 0.007229 0.226034 0.754184 0.502603 0.362839
v 0.380602 -0.010528 0.233617 0.742637 0.487421 0.338943
v 0.358668 -0.019053 0.288303 0.738737 0.484486 0.341083
v 0.363174 -0.004703 0.279592 0.750553 0.500296 0.360875
v 0.413298 0.008377 0.195995 0.752003 0.499197 0.358402
v -0.403159 0.022639 -0.235572 0.767793 0.492044 0.319734
v -0.397544 0.025291 -0.215962 0.764286 0.489667 0.317561
v -0.380346 0.033393 -0.289337 0.764926 0.489408 0.316047
v -0.387478 0.027792 -0.308900 0.768226 0.491210 0.317962
v -0.419044 0.013864 -0.185993 0.765182 0.490648 0.320125
v -0.399147 0.014572 0.230338 0.753474 0.500269 0.358804
v -0.376599 -0.003217 0.238321 0.740425 0.483292 0.332936
v -0.354057 -0.015862 0.291600 0.739392 0.482358 0.335740
v -0.360306 0.000553 0.282126 0.751233 0.499354 0.358289
v -0.411219 0.013612 0.201113 0.752034 0.496624 0.352628
v -0.006468 0.561111 -0.103425 0.816682 0.582168 0.465898
v 0.033431 0.554106 -0.109629 0.817479 0.582811 0.465727
v 0.006701 0.552212 -0.107393 0.815265 0.582326 0.468270
v -0.000499 0.542922 -0.118230 0.819782 0.583240 0.463884
v 0.020093 0.558968 -0.109508 0.815060 0.582537 0.469293
v 0.016384 0.539708 -0.120038 0.820136 0.582842 0.464308
v -0.066301 0.223396 -0.068063 0.810731 0.579186 0.467013
v -0.072170 0.162428 0.168940 0.805282 0.581126 0.472988
v -0.025729 0.261884 -0.115599 0.811370 0.581421 0.469771
v -0.136445 0.189645 0.092956 0.807381 0.577449 0.467121
v -0.029524 0.202413 0.018641 0.808697 0.581496 0.472402
v -0.122419 0.152782 0.175908 0.804985 0.578956 0.470806
v -0.258664 0.593250 -0.331281 0.907683 0.582958 0.352860
v -0.187563 0.663285 -0.526962 0.914486 0.586346 0.349810
v -0.121977 0.613815 -0.316423 0.910356 0.587200 0.356579
v -0.358110 0.572488 -0.419437 0.905643 0.572911 0.337794
v -0.150811 0.818096 -0.425982 0.915641 0.589096 0.355961
v -0.295605 0.583486 -0.554343 0.905457 0.573869 0.337696
v -0.199479 0.210492 -0.186291 0.833957 0.534105 0.334083
v -0.333257 0.074897 -0.197826 0.782545 0.502072 0.325239
v -0.240380 0.273243 -0.279774 0.838138 0.533228 0.326650
v -0.274227 0.105791 -0.104519 0.787624 0.513297 0.345256
v -0.261754 0.157267 -0.282602 0.831619 0.528507 0.323332
v -0.348691 0.052330 -0.108635 0.777535 0.503901 0.335344
v -0.236047 0.116201 0.039939 0.797033 0.555447 0.437062
v -0.355742 0.039263 0.164760 0.774335 0.528128 0.403231
v -0.237784 0.104923 0.111218 0.799005 0.561758 0.447521
v -0.302852 0.063114 0.052599 0.785003 0.538439 0.413454
v -0.290920 0.064271 0.176948 0.782988 0.541963 0.423328
v -0.370074 0.041395 0.104412 0.774453 0.527382 0.400675
v 0.069685 0.223503 -0.065997 0.810864 0.579906 0.468613
v 0.069572 0.163183 0.165543 0.806593 0.581765 0.472484
v 0.029166 0.260579 -0.114610 0.810691 0.581530 0.471590
v 0.029219 0.201658 0.016769 0.808113 0.581746 0.472697
v 0.138356 0.189818 0.091477 0.808105 0.578365 0.467775
v 0.122365 0.154224 0.173029 0.805529 0.579558 0.470169
v 0.198416 0.561757 -0.306736 0.908534 0.584982 0.355967
v 0.189575 0.669532 -0.517678 0.915963 0.587213 0.349247
v 0.113344 0.606656 -0.308378 0.911744 0.586584 0.356684
v 0.150552 0.817969 -0.426654 0.915407 0.588432 0.354788
v 0.422097 0.628246 -0.395858 0.909272 0.582926 0.350356
v 0.269486 0.570929 -0.483123 0.904934 0.572222 0.336152
v 0.193103 0.203369 -0.171815 0.824941 0.535748 0.347336
v 0.337032 0.067047 -0.198929 0.781889 0.503158 0.328028
v 0.230373 0.285992 -0.258169 0.836418 0.533362 0.328097
v 0.277886 0.101850 -0.100642 0.785129 0.515279 0.351354
v 0.253972 0.157274 -0.276822 0.830955 0.529144 0.323564
v 0.352935 0.049930 -0.111561 0.777031 0.504775 0.337776
v 0.238705 0.114144 0.037480 0.794678 0.555488 0.438658
v 0.363135 0.033404 0.166586 0.773587 0.529022 0.404614
v 0.239944 0.102918 0.108082 0.796621 0.559693 0.445643
v 0.305980 0.061875 0.050494 0.784488 0.539322 0.416807
v 0.295091 0.060558 0.176641 0.781879 0.541432 0.422808
v 0.377158 0.036266 0.107101 0.774586 0.529590 0.404120
v -0.099362 -0.585319 -0.005079 0.580277 0.352406 0.231104
v 0.099686 -0.586977 -0.003134 0.579299 0.352351 0.230858
v -0.044270 -0.576333 0.081546 0.580481 0.352906 0.231516
v -0.062085 -0.566992 -0.054618 0.578758 0.351356 0.229276
v 0.044214 -0.576536 0.082790 0.580634 0.353015 0.231401
v 0.063704 -0.567854 -0.054485 0.578465 0.351243 0.228832
v -0.207353 -0.542631 0.289371 0.582953 0.355226 0.232677
v -0.183617 -0.811008 0.570902 0.557040 0.334744 0.215884
v -0.129637 -0.578403 0.312243 0.579014 0.351923 0.231288
v -0.269166 -0.526714 0.372013 0.585354 0.356876 0.230367
v -0.096770 -0.645057 0.440040 0.561416 0.338552 0.218798
v -0.313282 -0.648232 0.510095 0.556086 0.333945 0.216111
v -0.266122 -0.691946 -0.290806 0.568402 0.342699 0.218943
v -0.118577 -0.383960 -0.314286 0.623170 0.382445 0.240992
v -0.127274 -0.669623 -0.254186 0.568912 0.343309 0.220795
v -0.278723 -0.465119 -0.292081 0.600049 0.366956 0.233882
v -0.087564 -0.495359 -0.271584 0.587070 0.357225 0.229992
v -0.197433 -0.350714 -0.306585 0.634583 0.390100 0.244933
v -0.361720 -0.255717 -0.096170 0.663236 0.408669 0.254729
v -0.327787 -0.005490 -0.131707 0.735176 0.459014 0.285773
v -0.339761 -0.229807 -0.173243 0.670646 0.414166 0.257228
v -0.344312 -0.134094 -0.040350 0.700850 0.433498 0.266133
v -0.307754 -0.085505 -0.175689 0.714105 0.442916 0.272234
v -0.335396 -0.013037 -0.064574 0.732201 0.458436 0.285836
v -0.341326 -0.297487 0.151009 0.651396 0.400897 0.250756
v -0.353716 -0.106817 0.213117 0.706840 0.439823 0.272457
v -0.335384 -0.312922 0.242648 0.647200 0.397898 0.249101
v -0.348268 -0.176093 0.110629 0.687423 0.424550 0.262300
v -0.343955 -0.216896 0.273131 0.674559 0.416831 0.258301
v -0.355219 -0.079548 0.142488 0.720163 0.450899 0.279517
v 0.208494 -0.544004 0.286386 0.583904 0.355471 0.232877
v 0.183610 -0.811289 0.570180 0.557051 0.334416 0.216608
v 0.129264 -0.578882 0.310494 0.579607 0.352691 0.230492
v 0.097841 -0.645434 0.439117 0.560632 0.336887 0.219009
v 0.267986 -0.526978 0.369145 0.585768 0.356649 0.230546
v 0.313211 -0.650531 0.510017 0.556435 0.334002 0.215604
v 0.264327 -0.694435 -0.290322 0.567540 0.342880 0.220889
v 0.117639 -0.384494 -0.315048 0.623332 0.381867 0.241445
v 0.124806 -0.659973 -0.249387 0.569316 0.342302 0.221625
v 0.086806 -0.494020 -0.271097 0.587033 0.356692 0.229049
v 0.279231 -0.467657 -0.292333 0.600322 0.367191 0.233106
v 0.196838 -0.351778 -0.306880 0.634158 0.390062 0.244864
v 0.361498 -0.257724 -0.095476 0.661826 0.408447 0.253811
v 0.333544 -0.009243 -0.130131 0.735356 0.459263 0.286237
v 0.340663 -0.230979 -0.172356 0.671127 0.413803 0.256763
v 0.345355 -0.135475 -0.038362 0.699873 0.432592 0.267074
v 0.309774 -0.084789 -0.174899 0.714567 0.443152 0.272095
v 0.338000 -0.015493 -0.061600 0.732343 0.457394 0.285322
v 0.341940 -0.299515 0.151479 0.650910 0.401089 0.250093
v 0.355185 -0.107417 0.210774 0.706794 0.439358 0.272062
v 0.334783 -0.314408 0.242782 0.646786 0.398340 0.248525
v 0.348948 -0.179179 0.110901 0.686200 0.424309 0.261995
v 0.343444 -0.217581 0.272581 0.674976 0.416456 0.258692
v 0.357144 -0.082613 0.141086 0.714908 0.447358 0.278082
v -0.000797 -0.085427 0.750631 0.695598 0.430658 0.264388
v 0.000947 0.083251 0.584501 0.772461 0.524732 0.387478
v 0.079683 -0.030219 0.699353 0.731929 0.456471 0.278489
v -0.080402 -0.035979 0.703932 0.731629 0.455416 0.278098
v 0.075982 0.053639 0.618002 0.739863 0.464820 0.286042
v -0.074376 0.053080 0.619769 0.740354 0.465332 0.286621
v 0.265244 -0.270178 0.649508 0.654514 0.402645 0.251318
v 0.323726 -0.120517 0.449289 0.691997 0.428829 0.264682
v 0.314621 -0.324849 0.557204 0.640629 0.394088 0.246466
v 0.331584 -0.222372 0.458345 0.676042 0.417202 0.258669
v 0.257074 -0.138301 0.644560 0.694367 0.430107 0.264546
v 0.293083 -0.086452 0.531590 0.693472 0.430905 0.265485
v -0.266701 -0.274005 0.646167 0.656571 0.403853 0.251960
v -0.322468 -0.121260 0.450635 0.693124 0.429562 0.265072
v -0.314798 -0.325262 0.557593 0.640914 0.393258 0.247012
v -0.331467 -0.223092 0.459085 0.675775 0.417303 0.258340
v -0.260273 -0.142643 0.641325 0.695609 0.430838 0.265058
v -0.293556 -0.086845 0.531816 0.696012 0.431464 0.265863
v 0.156130 0.086081 0.396059 0.792159 0.565655 0.455182
v 0.272721 0.025680 0.354878 0.763159 0.520103 0.394322
v 0.190289 0.083481 0.325241 0.793228 0.565704 0.454443
v 0.250504 0.054089 0.310157 0.778312 0.541212 0.424315
v 0.180593 0.062413 0.460885 0.773738 0.537109 0.417338
v 0.239852 0.025086 0.435153 0.742426 0.489104 0.345676
v -0.154941 0.086748 0.395404 0.792638 0.567670 0.457871
v -0.267215 0.028708 0.353227 0.763550 0.519422 0.393095
v -0.188701 0.085360 0.324803 0.794190 0.566601 0.457037
v -0.245036 0.058053 0.308220 0.778921 0.542096 0.424550
v -0.178161 0.062426 0.459731 0.774945 0.539221 0.420833
v -0.236472 0.026840 0.434583 0.738750 0.484770 0.339245
v 0.001129 0.016164 -0.537436 0.743569 0.463369 0.281325
v 0.008639 0.113582 -0.753249 0.772549 0.481929 0.290753
v 0.077708 -0.005305 -0.597655 0.747145 0.464769 0.282260
v -0.073168 0.024482 -0.585713 0.746444 0.465102 0.281850
v 0.103584 0.040420 -0.739765 0.752508 0.468908 0.284422
v -0.088758 0.070720 -0.697424 0.760137 0.473212 0.286607
v 0.143153 -0.029268 -0.351669 0.731082 0.453996 0.277110
v 0.273500 0.042604 -0.344691 0.747805 0.468171 0.289474
v 0.189955 -0.077563 -0.310649 0.716707 0.444841 0.271987
v 0.237009 -0.012037 -0.282636 0.734482 0.457827 0.279389
v 0.174399 0.008883 -0.429474 0.742458 0.462262 0.281369
v 0.241807 0.037970 -0.428474 0.750629 0.469667 0.288204
v -0.143729 -0.028207 -0.350542 0.731714 0.454135 0.277104
v -0.275937 0.040538 -0.344393 0.747282 0.467289 0.289770
v -0.190987 -0.076307 -0.310331 0.716893 0.444338 0.272454
v -0.238489 -0.012610 -0.281503 0.734605 0.457370 0.280085
v -0.172290 0.007208 -0.428368 0.742171 0.461556 0.280910
v -0.240922 0.033309 -0.428982 0.749543 0.468612 0.287532
v 0.293614 0.264856 -0.690351 0.819458 0.512768 0.306249
v 0.316915 0.113329 -0.478434 0.786612 0.501300 0.318339
v 0.289515 0.303074 -0.565095 0.830339 0.520843 0.312022
v 0.302767 0.205008 -0.475450 0.827379 0.522013 0.317269
v 0.306180 0.142790 -0.710217 0.782980 0.489025 0.296511
v 0.301790 0.105216 -0.566559 0.777162 0.492220 0.307513
v -0.286889 0.268262 -0.701873 0.820318 0.513236 0.306788
v -0.317529 0.115857 -0.482214 0.787414 0.500634 0.317368
v -0.290284 0.300134 -0.579560 0.828454 0.520333 0.311455
v -0.304501 0.202438 -0.483676 0.824969 0.521045 0.316973
v -0.300777 0.143462 -0.726026 0.782274 0.488847 0.295029
v -0.300029 0.103771 -0.574746 0.776710 0.491035 0.307127
v 0.456411 0.023500 -0.048664 0.763426 0.493911 0.328864
v 0.440114 0.018507 0.078920 0.757375 0.497976 0.348439
v 0.450048 0.017332 -0.014037 0.765196 0.499095 0.338715
v 0.444521 0.026884 0.049629 0.762367 0.501484 0.350097
v 0.453055 0.039611 -0.019030 0.757678 0.489274 0.325622
v 0.433216 0.013015 0.050659 0.753774 0.489416 0.330461
v -0.453736 0.018955 -0.047146 0.762835 0.492862 0.327053
v -0.440430 0.017784 0.081889 0.757095 0.496329 0.343882
v -0.447947 0.012574 -0.011180 0.764810 0.497456 0.336196
v -0.443107 0.023816 0.051568 0.761929 0.499321 0.346009
v -0.447134 0.027868 -0.011976 0.757294 0.487981 0.323319
v -0.434535 0.008085 0.052302 0.752408 0.486725 0.326595
v -0.051346 0.415055 -0.151119 0.815106 0.579010 0.463715
v -0.088580 0.484765 -0.180559 0.822435 0.575900 0.451250
v -0.020455 0.512174 -0.143235 0.815447 0.581163 0.466873
v -0.035953 0.524656 -0.139350 0.820503 0.581770 0.462078
v -0.114409 0.217854 -0.082228 0.812923 0.573807 0.456909
v -0.035285 0.370573 -0.148477 0.813243 0.579967 0.467489
v -0.123984 0.197721 -0.010453 0.809835 0.576289 0.462897
v -0.181340 0.412902 -0.221504 0.833742 0.545974 0.372344
v -0.090941 0.517813 -0.218027 0.846359 0.578264 0.425179
v -0.323429 0.521129 -0.316210 0.898992 0.574675 0.343359
v -0.151049 0.217855 -0.112528 0.815674 0.564596 0.435502
v -0.224658 0.386065 -0.261544 0.839287 0.537400 0.333048
v -0.208140 0.167936 -0.104977 0.802880 0.532175 0.372488
v -0.178818 0.160479 0.022707 0.808302 0.570573 0.455367
v -0.226342 0.136813 -0.031177 0.796384 0.548653 0.422235
v 0.057226 0.411744 -0.148430 0.815442 0.579856 0.465071
v 0.089626 0.476429 -0.175250 0.820238 0.579194 0.458298
v 0.038178 0.523673 -0.135748 0.815216 0.582795 0.467009
v 0.052380 0.523761 -0.133140 0.819189 0.582975 0.463600
v 0.117967 0.217693 -0.083532 0.811511 0.576644 0.461414
v 0.042993 0.367551 -0.142903 0.813234 0.581506 0.468482
v 0.126439 0.196718 -0.012742 0.810128 0.577674 0.464051
v 0.160534 0.393872 -0.199238 0.829678 0.558702 0.407155
v 0.093271 0.515988 -0.213324 0.840229 0.581145 0.437909
v 0.240185 0.489823 -0.279921 0.888572 0.571268 0.349444
v 0.157538 0.214348 -0.108773 0.813599 0.570119 0.447894
v 0.204890 0.367576 -0.230119 0.837262 0.539173 0.343008
v 0.212566 0.163433 -0.099285 0.799841 0.540741 0.396736
v 0.181300 0.159019 0.018939 0.808247 0.573099 0.458567
v 0.229807 0.133762 -0.030506 0.794623 0.551153 0.428469
v -0.192168 -0.556714 0.055264 0.582698 0.353756 0.232922
v -0.234059 -0.755115 -0.040912 0.572308 0.346247 0.223882
v -0.125411 -0.565817 0.057574 0.580289 0.353105 0.232756
v -0.140306 -0.674033 -0.059226 0.577961 0.349956 0.227784
v -0.290563 -0.473613 0.133328 0.597062 0.364482 0.234141
v -0.162096 -0.562653 0.173161 0.581723 0.353800 0.231971
v -0.272505 -0.483057 0.242532 0.595096 0.365033 0.233721
v -0.360487 -0.569624 -0.121945 0.572683 0.345125 0.222333
v -0.174550 -0.795296 -0.156835 0.570033 0.344697 0.221314
v -0.353081 -0.570151 -0.245382 0.570023 0.344360 0.222042
v -0.346219 -0.397720 0.018527 0.619190 0.379580 0.240513
v -0.364402 -0.401709 -0.162949 0.618697 0.379231 0.240021
v -0.351996 -0.271949 -0.013868 0.659081 0.406080 0.253092
v -0.320304 -0.403033 0.196244 0.619744 0.379990 0.240124
v -0.347548 -0.284163 0.067127 0.655731 0.403870 0.252377
v 0.190798 -0.556703 0.055173 0.581688 0.354688 0.232836
v 0.232254 -0.754992 -0.039810 0.571447 0.344697 0.223458
v 0.124587 -0.566429 0.058551 0.580260 0.352527 0.232905
v 0.139834 -0.672020 -0.058449 0.577668 0.350870 0.229005
v 0.289057 -0.474950 0.134400 0.596969 0.365136 0.234542
v 0.161411 -0.565866 0.171600 0.581502 0.354100 0.233072
v 0.271286 -0.484018 0.241836 0.595289 0.363798 0.233978
v 0.360233 -0.571073 -0.121303 0.570921 0.345140 0.220867
v 0.169852 -0.794389 -0.157159 0.569606 0.343225 0.222397
v 0.353231 -0.574644 -0.245638 0.569635 0.343600 0.221382
v 0.345247 -0.398873 0.019044 0.619234 0.378516 0.240000
v 0.364715 -0.404369 -0.162589 0.618767 0.380122 0.239158
v 0.352976 -0.274398 -0.012982 0.658654 0.405236 0.253461
v 0.319985 -0.405014 0.195837 0.618656 0.379508 0.238954
v 0.347648 -0.286852 0.068279 0.655126 0.403024 0.251215
v 0.000626 -0.548848 0.647270 0.557760 0.335506 0.216792
v -0.178454 -0.497518 0.696718 0.595244 0.363813 0.232050
v -0.055508 -0.634714 0.567479 0.557524 0.335045 0.216787
v -0.283893 -0.646995 0.673577 0.556248 0.334298 0.216175
v 0.178053 -0.496632 0.698065 0.596448 0.364057 0.231982
v 0.055512 -0.635235 0.568311 0.557462 0.335556 0.218102
v 0.285564 -0.647202 0.672323 0.555947 0.335069 0.215781
v 0.078337 -0.265705 0.739698 0.667860 0.411482 0.255804
v -0.087601 -0.272706 0.736366 0.661702 0.407504 0.254463
v 0.068940 -0.133078 0.780223 0.685490 0.423309 0.261420
v -0.063212 -0.167416 0.807692 0.686616 0.423751 0.261871
v 0.290258 -0.431879 0.657922 0.609650 0.373282 0.236797
v 0.162745 -0.203029 0.724740 0.691994 0.428618 0.265177
v -0.289376 -0.432601 0.658297 0.610060 0.373327 0.236459
v -0.178324 -0.212720 0.710536 0.684394 0.423006 0.262293
v -0.001809 0.138692 0.257032 0.803999 0.581416 0.474340
v -0.075867 0.115986 0.331749 0.802177 0.580719 0.473770
v -0.024549 0.171894 0.162094 0.805449 0.581533 0.473622
v -0.104316 0.127089 0.263128 0.803508 0.579654 0.472616
v 0.074163 0.116049 0.331786 0.801814 0.580081 0.473473
v 0.020886 0.168835 0.158716 0.806375 0.581891 0.474140
v 0.101803 0.128611 0.257248 0.804151 0.580966 0.472562
v 0.053839 0.112991 0.457247 0.799549 0.578200 0.471523
v -0.053932 0.114235 0.457655 0.799554 0.578680 0.472288
v 0.065357 0.096304 0.532355 0.789784 0.563700 0.450922
v -0.064068 0.096122 0.532449 0.791965 0.566238 0.455244
v 0.131425 0.105506 0.332142 0.801387 0.578414 0.471091
v 0.115601 0.091579 0.466452 0.791241 0.564689 0.454082
v -0.131433 0.105861 0.333078 0.801267 0.578653 0.471114
v -0.114604 0.092371 0.466794 0.792751 0.567426 0.457626
v -0.000518 -0.298824 -0.361576 0.650434 0.400209 0.249404
v -0.085508 -0.182285 -0.367696 0.685090 0.423287 0.261601
v -0.039703 -0.390550 -0.315318 0.621379 0.380646 0.239928
v -0.135592 -0.258350 -0.335640 0.663729 0.408969 0.254531
v 0.083608 -0.183436 -0.371960 0.684943 0.423326 0.261766
v 0.038693 -0.389878 -0.315456 0.620848 0.380514 0.240672
v 0.134638 -0.259687 -0.337470 0.663321 0.408215 0.254070
v 0.045616 -0.033498 -0.411516 0.729789 0.453360 0.276771
v -0.049365 -0.032705 -0.410297 0.730151 0.453735 0.276883
v 0.058871 0.008664 -0.478960 0.741241 0.461218 0.280313
v -0.059802 0.012350 -0.475264 0.741686 0.461451 0.281071
v 0.139219 -0.137528 -0.342716 0.699525 0.432430 0.266779
v 0.103845 -0.001063 -0.412022 0.738899 0.460466 0.279865
v -0.140445 -0.136587 -0.340994 0.699013 0.432768 0.266000
v -0.104228 0.000477 -0.409650 0.738770 0.459579 0.279863
v 0.001185 0.604356 -0.621815 0.913932 0.581810 0.341481
v -0.162605 0.460864 -0.676775 0.879029 0.552739 0.326061
v -0.071337 0.684568 -0.527500 0.915663 0.587134 0.350994
v -0.227139 0.529074 -0.614399 0.898354 0.565545 0.332671
v 0.172413 0.459672 -0.671124 0.877993 0.551316 0.326019
v 0.073055 0.684321 -0.526974 0.915363 0.587204 0.350116
v 0.228842 0.526521 -0.589533 0.897056 0.564550 0.332507
v 0.116734 0.276726 -0.792203 0.823308 0.514928 0.307264
v -0.098680 0.275421 -0.763523 0.820616 0.514118 0.307392
v 0.123560 0.152742 -0.821308 0.785941 0.491223 0.294845
v -0.101164 0.162868 -0.768548 0.788188 0.492214 0.296462
v 0.254113 0.392443 -0.638146 0.857382 0.538349 0.318539
v 0.240321 0.212759 -0.792886 0.804034 0.502420 0.300959
v -0.247675 0.392509 -0.651210 0.857298 0.538180 0.318691
v -0.225423 0.215035 -0.800498 0.804734 0.503200 0.302031
v 0.366021 0.053685 -0.306130 0.771786 0.496204 0.320915
v 0.422268 0.023936 -0.162453 0.767835 0.494504 0.323544
v 0.325193 0.093617 -0.292915 0.785576 0.504033 0.322865
v 0.408684 0.029482 -0.133283 0.771041 0.498003 0.328649
v 0.360122 0.030806 -0.248080 0.757230 0.482012 0.308264
v 0.420328 0.008764 -0.145203 0.763559 0.490640 0.319408
v 0.320802 -0.002008 -0.200027 0.738713 0.461269 0.286633
v 0.389910 0.002212 -0.103263 0.751775 0.478797 0.308227
v 0.354362 0.048884 -0.369108 0.767022 0.491393 0.317113
v 0.301049 0.025077 -0.270562 0.742870 0.465103 0.287474
v 0.306404 0.069869 -0.411281 0.760924 0.483415 0.306070
v 0.323822 0.110329 -0.386949 0.786795 0.503603 0.321367
v 0.317030 0.074328 -0.454523 0.770749 0.491784 0.314452
v 0.444928 0.020020 -0.083341 0.767204 0.496415 0.328987
v 0.438957 0.017249 -0.076686 0.761065 0.489977 0.321960
v 0.362525 0.008778 0.258735 0.758366 0.510003 0.375024
v 0.428369 0.020228 0.169475 0.755999 0.503311 0.362356
v 0.338500 0.030954 0.225109 0.772273 0.528769 0.404661
v 0.426782 0.026995 0.149096 0.761631 0.510621 0.375502
v 0.348611 -0.044160 0.284836 0.698782 0.434236 0.270449
v 0.399806 -0.002210 0.175525 0.747549 0.487999 0.335504
v 0.348054 -0.124989 0.285715 0.695626 0.432019 0.267025
v 0.378496 -0.021250 0.159195 0.735086 0.469064 0.306104
v 0.328950 -0.022041 0.341978 0.738280 0.485564 0.341965
v 0.337263 -0.131214 0.365354 0.692826 0.429620 0.266060
v 0.307172 -0.050113 0.426752 0.696592 0.432874 0.268558
v 0.309286 0.025295 0.287112 0.769723 0.527485 0.403527
v 0.290112 -0.005833 0.393562 0.739119 0.486702 0.342856
v 0.439152 0.026937 0.112263 0.758088 0.503367 0.360640
v 0.417340 0.005251 0.114937 0.749989 0.488132 0.333982
v -0.366526 0.052601 -0.303530 0.771992 0.494222 0.319879
v -0.420892 0.010657 -0.154804 0.767360 0.493138 0.322767
v -0.326347 0.093489 -0.291012 0.786570 0.503183 0.322306
v -0.412421 0.006025 -0.118912 0.770907 0.497044 0.327438
v -0.357607 0.041196 -0.248253 0.758772 0.483002 0.309778
v -0.419223 0.025738 -0.146400 0.762631 0.489260 0.318691
v -0.315926 0.002787 -0.200244 0.737949 0.461858 0.286500
v -0.384169 0.022010 -0.105591 0.754428 0.481946 0.311901
v -0.355855 0.047457 -0.371033 0.766606 0.489626 0.315346
v -0.299801 0.026410 -0.269936 0.743976 0.466141 0.287937
v -0.308369 0.063500 -0.411983 0.762469 0.483652 0.307191
v -0.324993 0.109644 -0.387803 0.786856 0.502310 0.321221
v -0.317250 0.072070 -0.457935 0.770107 0.491575 0.312957
v -0.441443 0.008002 -0.078918 0.766192 0.494971 0.327574
v -0.442464 0.031697 -0.079064 0.760166 0.488722 0.320408
v -0.354083 0.014521 0.257855 0.756891 0.505250 0.368931
v -0.425088 0.022740 0.172694 0.755306 0.500257 0.357858
v -0.332157 0.036725 0.224677 0.771976 0.527830 0.403435
v -0.422724 0.029377 0.147972 0.760215 0.507322 0.367874
v -0.344990 -0.045991 0.288252 0.699225 0.435376 0.270921
v -0.398567 0.002088 0.180828 0.744887 0.484608 0.332518
v -0.345703 -0.125448 0.288096 0.696810 0.433862 0.267385
v -0.376153 -0.017018 0.163144 0.739730 0.473214 0.310725
v -0.325970 -0.020718 0.345123 0.736723 0.480791 0.335318
v -0.335873 -0.132778 0.367603 0.694463 0.430371 0.265753
v -0.304902 -0.050293 0.428083 0.698392 0.433939 0.269433
v -0.301590 0.030822 0.285258 0.770011 0.526311 0.402700
v -0.286815 -0.004733 0.393683 0.736802 0.482333 0.335655
v -0.438070 0.026763 0.114231 0.757742 0.500633 0.355731
v -0.419565 0.008032 0.118045 0.749552 0.486618 0.329609
v 0.005070 0.471830 -0.158183 0.812976 0.582136 0.469993
v -0.003508 0.287750 -0.122580 0.810926 0.582455 0.472526
v -0.000785 0.521424 -0.173255 0.837846 0.583953 0.443702
v -0.040413 0.621502 -0.292366 0.911352 0.586220 0.356927
v 0.004703 0.289363 -0.127121 0.811177 0.582774 0.472567
v 0.038703 0.618678 -0.289847 0.911857 0.587207 0.356835
v -0.176245 0.129674 0.182970 0.804178 0.574886 0.465038
v -0.231620 0.096093 0.183391 0.798275 0.564307 0.451678
v -0.215483 0.087463 0.256208 0.795774 0.565910 0.455668
v -0.291405 0.442420 -0.457033 0.874171 0.550273 0.324983
v -0.270262 0.306933 -0.376158 0.838217 0.530226 0.320966
v -0.284721 0.311620 -0.472644 0.836451 0.527778 0.318246
v -0.360553 0.045187 -0.032209 0.774532 0.506324 0.346646
v -0.371100 0.042992 0.039824 0.775695 0.517480 0.373969
v -0.432451 0.028994 0.020174 0.768667 0.503403 0.346527
v 0.177091 0.129677 0.180029 0.804797 0.575817 0.465417
v 0.234042 0.093329 0.182525 0.796886 0.561908 0.449684
v 0.217665 0.085642 0.254951 0.794456 0.564168 0.452904
v 0.338497 0.484384 -0.430146 0.886217 0.557353 0.328648
v 0.266454 0.336900 -0.357147 0.837242 0.529769 0.319854
v 0.282801 0.329085 -0.457089 0.837669 0.528244 0.315722
v 0.366330 0.042620 -0.031864 0.774602 0.508685 0.350855
v 0.372059 0.042468 0.039312 0.777118 0.525278 0.390650
v 0.431638 0.037128 0.018660 0.768482 0.505348 0.351054
v -0.000679 -0.582284 0.191751 0.579848 0.352842 0.231602
v -0.044592 -0.588945 0.315739 0.579524 0.352097 0.231357
v 0.000462 -0.535510 -0.110585 0.578686 0.349887 0.227895
v -0.051811 -0.542062 -0.196630 0.578448 0.350385 0.228679
v 0.044013 -0.588212 0.315488 0.578601 0.351769 0.230915
v 0.050760 -0.541397 -0.196464 0.578774 0.350566 0.228250
v -0.316088 -0.459154 0.425809 0.602012 0.368116 0.233935
v -0.331712 -0.331587 0.343407 0.641312 0.394059 0.246824
v -0.330167 -0.342700 0.451761 0.638911 0.391832 0.245956
v -0.268492 -0.276938 -0.288867 0.657569 0.404689 0.252147
v -0.300693 -0.182511 -0.236844 0.685283 0.423538 0.261782
v -0.247128 -0.127993 -0.279112 0.702085 0.434090 0.267354
v -0.342425 -0.023997 0.004472 0.728790 0.454983 0.283955
v -0.349157 -0.046893 0.075876 0.724704 0.453088 0.281790
v -0.398662 0.005510 0.030858 0.747776 0.479053 0.313360
v 0.313620 -0.459730 0.423439 0.602406 0.367896 0.233871
v 0.330644 -0.331732 0.342998 0.640242 0.394332 0.246967
v 0.329929 -0.342698 0.451149 0.638106 0.391709 0.245654
v 0.269594 -0.278648 -0.288640 0.656958 0.404434 0.252028
v 0.301647 -0.183840 -0.236317 0.685640 0.423165 0.261827
v 0.247162 -0.128791 -0.279514 0.701386 0.434638 0.266831
v 0.345139 -0.030642 0.008162 0.725527 0.453281 0.281908
v 0.351367 -0.051339 0.076364 0.722690 0.451184 0.280424
v 0.400496 0.003596 0.027504 0.743961 0.474932 0.308487
v 0.155959 0.010202 0.625026 0.731380 0.457172 0.280414
v 0.234598 -0.038056 0.597779 0.712514 0.443195 0.272539
v -0.155911 0.008358 0.627160 0.732268 0.457494 0.280041
v -0.235333 -0.039373 0.597623 0.711734 0.443068 0.273401
v 0.206878 0.025331 0.529705 0.728078 0.456837 0.285652
v -0.205389 0.026216 0.529560 0.729248 0.457162 0.284338
v 0.179469 0.018647 -0.642398 0.751314 0.468363 0.284588
v 0.212835 0.032123 -0.526743 0.751040 0.468232 0.286149
v -0.162017 0.007851 -0.640126 0.751833 0.468597 0.283396
v -0.206390 0.024361 -0.528621 0.750766 0.468444 0.285955
v 0.262174 0.063485 -0.634601 0.764197 0.477192 0.290744
v -0.252741 0.056028 -0.644933 0.759770 0.474072 0.289021
v -0.090315 0.381370 -0.159722 0.817502 0.573899 0.453161
v -0.090369 0.335864 -0.147814 0.816468 0.573742 0.453798
v -0.107806 0.380517 -0.167616 0.817837 0.572483 0.450975
v -0.112984 0.337319 -0.158466 0.817286 0.572020 0.450351
v -0.101404 0.308072 -0.146304 0.817348 0.572733 0.452194
v 0.091347 0.374458 -0.159066 0.816936 0.576468 0.458467
v 0.089893 0.331760 -0.150292 0.816074 0.576942 0.459313
v 0.106480 0.370532 -0.164195 0.816919 0.575673 0.456291
v 0.112111 0.328089 -0.156215 0.816808 0.576041 0.456254
v 0.101506 0.302915 -0.147153 0.815836 0.576356 0.457683
v -0.273340 -0.588199 0.006085 0.589568 0.357993 0.233547
v -0.276673 -0.548058 0.029759 0.589403 0.359119 0.233537
v -0.301103 -0.596086 -0.015166 0.588568 0.358487 0.232083
v -0.314522 -0.545851 -0.005883 0.592439 0.361344 0.234161
v -0.300313 -0.524146 0.025093 0.591334 0.361297 0.234603
v 0.271908 -0.587896 0.006077 0.588558 0.358554 0.233290
v 0.275439 -0.547701 0.030856 0.589402 0.359430 0.233989
v 0.300002 -0.596133 -0.014605 0.588977 0.358514 0.233293
v 0.313396 -0.546306 -0.005064 0.591992 0.361623 0.234966
v 0.299342 -0.524660 0.026146 0.592708 0.361961 0.234500
v -0.024538 -0.452522 0.700145 0.563862 0.340383 0.218253
v 0.023121 -0.451612 0.700710 0.564357 0.340937 0.217143
v -0.001700 -0.376949 0.716753 0.574401 0.349714 0.221946
v 0.035535 -0.405685 0.710508 0.569740 0.345452 0.221034
v -0.038283 -0.406870 0.710105 0.569557 0.344980 0.219759
v -0.011780 0.118901 0.354383 0.801931 0.581142 0.474481
v 0.009841 0.119302 0.354821 0.801930 0.581066 0.475552
v -0.000448 0.117185 0.397939 0.800531 0.580887 0.474821
v 0.016846 0.117545 0.380982 0.801716 0.580750 0.474059
v -0.018603 0.117213 0.381528 0.801039 0.580909 0.474539
v -0.013289 -0.174100 -0.397885 0.693868 0.428583 0.265105
v 0.010305 -0.173630 -0.397459 0.693808 0.428701 0.265508
v -0.001881 -0.113260 -0.402969 0.706078 0.437063 0.269190
v 0.016715 -0.135396 -0.399635 0.700493 0.433581 0.267156
v -0.020160 -0.135142 -0.398779 0.700954 0.433708 0.267365
v -0.019921 0.450348 -0.691840 0.872454 0.548991 0.324875
v 0.028188 0.450222 -0.692017 0.874222 0.549063 0.324725
v 0.005637 0.377267 -0.728010 0.853873 0.535942 0.317819
v 0.043718 0.404254 -0.714682 0.860022 0.540640 0.320304
v -0.033690 0.404127 -0.712411 0.861155 0.540735 0.320695
v 0.401519 0.022516 -0.246056 0.767574 0.492721 0.320751
v 0.400059 0.019591 -0.236335 0.765882 0.491927 0.319655
v 0.393823 0.022435 -0.268727 0.766169 0.491861 0.318621
v 0.394042 0.022694 -0.275934 0.767385 0.492553 0.319612
v 0.405760 0.020226 -0.222688 0.766560 0.492290 0.319835
v 0.396634 0.003271 0.236149 0.752104 0.500116 0.359569
v 0.385833 -0.005714 0.239797 0.750938 0.498247 0.356243
v 0.375195 -0.009728 0.262860 0.751088 0.498499 0.355488
v 0.379552 -0.004263 0.260787 0.750888 0.499887 0.359979
v 0.401043 0.002309 0.223329 0.752783 0.499911 0.357826
v -0.405408 0.016374 -0.242807 0.767298 0.491597 0.319129
v -0.404058 0.016504 -0.232984 0.765004 0.490339 0.318357
v -0.395703 0.019711 -0.267752 0.765325 0.490748 0.318002
v -0.397945 0.017593 -0.274695 0.766187 0.491170 0.317980
v -0.410389 0.014356 -0.219378 0.765524 0.490781 0.319118
v -0.392959 0.010496 0.239557 0.752327 0.498263 0.355869
v -0.382547 -0.000345 0.242933 0.751156 0.496500 0.352875
v -0.371218 -0.003800 0.266397 0.750793 0.496730 0.353607
v -0.376081 0.002960 0.263683 0.750885 0.497425 0.356201
v -0.396810 0.007217 0.226628 0.751352 0.497043 0.353386
v 0.005418 0.561131 -0.104229 0.817377 0.582817 0.466414
v 0.021375 0.558749 -0.106588 0.817925 0.583128 0.466447
v 0.010394 0.563206 -0.103284 0.815578 0.582653 0.468522
v 0.005839 0.559170 -0.105716 0.818133 0.582637 0.465320
v 0.019623 0.564971 -0.103661 0.815696 0.582958 0.467665
v 0.014282 0.552649 -0.110301 0.818516 0.582740 0.465108
v -0.072121 0.208320 -0.014778 0.809478 0.579787 0.469086
v -0.073813 0.176988 0.105462 0.807419 0.580411 0.471364
v -0.045831 0.210483 -0.040375 0.809556 0.581182 0.471170
v -0.102149 0.189404 0.064446 0.807620 0.579443 0.469465
v -0.049808 0.195888 0.028518 0.807620 0.581501 0.471323
v -0.100260 0.173401 0.116870 0.806254 0.579847 0.471026
v -0.253668 0.629297 -0.385385 0.911233 0.585058 0.352002
v -0.204575 0.675217 -0.475833 0.915249 0.587416 0.352019
v -0.175780 0.658543 -0.385680 0.912832 0.586955 0.354616
v -0.296346 0.628423 -0.433198 0.908217 0.579219 0.343676
v -0.219575 0.792540 -0.424851 0.914210 0.588333 0.354128
v -0.244695 0.612311 -0.482635 0.909393 0.579422 0.343777
v -0.221451 0.166024 -0.188903 0.830350 0.532054 0.331511
v -0.298057 0.100914 -0.193496 0.795802 0.511043 0.328093
v -0.229398 0.188758 -0.234967 0.833652 0.532112 0.328780
v -0.266138 0.119406 -0.147173 0.794543 0.514647 0.338172
v -0.256958 0.143201 -0.235544 0.825898 0.527204 0.326399
v -0.304152 0.090436 -0.149759 0.787293 0.508806 0.334373
v -0.269759 0.084189 0.083006 0.791928 0.549934 0.431398
v -0.329734 0.050081 0.141056 0.778116 0.534174 0.411785
v -0.268507 0.081306 0.116104 0.791883 0.550845 0.433948
v -0.303327 0.061112 0.084953 0.785149 0.540750 0.420020
v -0.296680 0.064090 0.145434 0.784053 0.542011 0.422322
v -0.335412 0.048887 0.111279 0.778859 0.533113 0.409503
v 0.074832 0.209006 -0.013568 0.810160 0.580173 0.469716
v 0.073776 0.178221 0.104584 0.807172 0.581275 0.472052
v 0.049110 0.212457 -0.037926 0.809769 0.581543 0.472056
v 0.051061 0.197446 0.028088 0.808387 0.581328 0.472272
v 0.104206 0.191598 0.064443 0.807746 0.580082 0.469329
v 0.100555 0.175277 0.115642 0.806665 0.580270 0.471053
v 0.214581 0.612258 -0.360656 0.911410 0.585891 0.355410
v 0.208902 0.691270 -0.466792 0.914870 0.587560 0.350631
v 0.164960 0.650427 -0.374498 0.912608 0.587375 0.355990
v 0.219026 0.793793 -0.425288 0.914890 0.588120 0.354674
v 0.287464 0.638722 -0.406197 0.910660 0.584399 0.351786
v 0.224711 0.624414 -0.454033 0.912767 0.583506 0.348265
v 0.219971 0.162313 -0.178424 0.815954 0.527653 0.339454
v 0.297836 0.095887 -0.192265 0.792888 0.511698 0.332048
v 0.222814 0.187626 -0.221432 0.830715 0.531721 0.331385
v 0.267306 0.114764 -0.142211 0.791184 0.515235 0.342976
v 0.251887 0.139743 -0.229838 0.822431 0.525392 0.328184
v 0.305663 0.085197 -0.148310 0.785238 0.509636 0.337692
v 0.271772 0.081864 0.079800 0.789517 0.549089 0.431791
v 0.334618 0.048059 0.140476 0.778166 0.534984 0.412404
v 0.270724 0.079395 0.112704 0.789707 0.550068 0.433266
v 0.306405 0.061136 0.081821 0.784483 0.541265 0.421047
v 0.300251 0.062109 0.143541 0.782714 0.542087 0.422511
v 0.339401 0.048217 0.109833 0.778992 0.534462 0.412350
v -0.050553 -0.576007 0.003933 0.579970 0.352205 0.230310
v 0.051647 -0.576559 0.004668 0.580182 0.352141 0.230946
v -0.023262 -0.575590 0.041962 0.580249 0.353045 0.231308
v -0.028234 -0.565124 -0.025019 0.579671 0.352356 0.230204
v 0.023874 -0.575964 0.042530 0.580011 0.352526 0.231692
v 0.030424 -0.565310 -0.024754 0.579074 0.351354 0.230121
v -0.196329 -0.557005 0.375981 0.579181 0.350887 0.229797
v -0.202612 -0.767740 0.462975 0.556647 0.335689 0.216315
v -0.153142 -0.574592 0.384545 0.577739 0.351245 0.230671
v -0.239807 -0.574324 0.411808 0.577571 0.349374 0.227118
v -0.148353 -0.659453 0.431503 0.560514 0.337323 0.218137
v -0.261482 -0.669215 0.456835 0.557242 0.334979 0.215840
v -0.219778 -0.602874 -0.289960 0.568308 0.342074 0.220120
v -0.147732 -0.442880 -0.299161 0.605698 0.371483 0.235177
v -0.161273 -0.599306 -0.275928 0.569356 0.342460 0.220440
v -0.232080 -0.500084 -0.296355 0.589619 0.359705 0.229388
v -0.132096 -0.510516 -0.282008 0.586432 0.356717 0.228846
v -0.192019 -0.431247 -0.300877 0.609882 0.373227 0.236892
v -0.358592 -0.176051 -0.105789 0.686444 0.424480 0.262804
v -0.321463 -0.046917 -0.117245 0.725769 0.450141 0.278151
v -0.340009 -0.168952 -0.140960 0.689070 0.426786 0.262731
v -0.343245 -0.121686 -0.076499 0.703592 0.436032 0.268340
v -0.323168 -0.100753 -0.144835 0.710249 0.439618 0.269699
v -0.328269 -0.055682 -0.084522 0.722280 0.448890 0.276386
v -0.343967 -0.246465 0.171487 0.666910 0.411269 0.255170
v -0.350154 -0.150661 0.202571 0.694067 0.430827 0.265162
v -0.341939 -0.255984 0.214762 0.663639 0.409348 0.254980
v -0.347939 -0.187204 0.149000 0.684088 0.422971 0.261261
v -0.345481 -0.208039 0.230459 0.678146 0.418286 0.259152
v -0.350759 -0.138645 0.164658 0.703267 0.437086 0.269490
v 0.199086 -0.557544 0.371099 0.579414 0.351964 0.229437
v 0.207101 -0.765187 0.461291 0.557701 0.335007 0.216201
v 0.155942 -0.573567 0.381974 0.579132 0.350970 0.230713
v 0.150427 -0.659156 0.429556 0.561578 0.338334 0.219580
v 0.240288 -0.574246 0.407504 0.575835 0.349195 0.227065
v 0.253418 -0.662123 0.460683 0.555788 0.334862 0.216270
v 0.217926 -0.602673 -0.289087 0.567155 0.341713 0.220105
v 0.147171 -0.442680 -0.299766 0.605561 0.369504 0.236480
v 0.158277 -0.595929 -0.274554 0.568050 0.342943 0.220618
v 0.130749 -0.508772 -0.281565 0.586225 0.356133 0.227847
v 0.231359 -0.501265 -0.295736 0.589552 0.359454 0.229788
v 0.191152 -0.432084 -0.300757 0.609921 0.374541 0.236917
v 0.358698 -0.177861 -0.105015 0.686396 0.424446 0.261714
v 0.322255 -0.042769 -0.116120 0.725798 0.451742 0.277927
v 0.341462 -0.169231 -0.140367 0.688710 0.425945 0.262340
v 0.343898 -0.122318 -0.075273 0.703146 0.435702 0.267688
v 0.324419 -0.098894 -0.143778 0.710330 0.440316 0.269764
v 0.329366 -0.054543 -0.083567 0.723500 0.449137 0.276896
v 0.344442 -0.249071 0.171748 0.665894 0.410619 0.255589
v 0.351255 -0.152444 0.201017 0.694173 0.430067 0.264313
v 0.341864 -0.257831 0.214658 0.663069 0.408752 0.254645
v 0.348308 -0.189784 0.148639 0.683055 0.422266 0.261161
v 0.345682 -0.209298 0.229464 0.676885 0.418198 0.259308
v 0.351879 -0.141145 0.163513 0.701355 0.434733 0.268396
v 0.000180 -0.030815 0.714823 0.734087 0.457442 0.278984
v 0.000983 0.057125 0.630140 0.740078 0.464695 0.285706
v 0.040183 -0.004363 0.691401 0.736533 0.459864 0.280294
v -0.039597 -0.006738 0.694047 0.736485 0.459776 0.280538
v 0.039482 0.038246 0.648910 0.739712 0.464052 0.284554
v -0.037949 0.037744 0.650284 0.740282 0.464359 0.284749
v 0.292894 -0.230223 0.604536 0.673071 0.415581 0.257952
v 0.321846 -0.153947 0.502228 0.690731 0.427803 0.263596
v 0.312086 -0.254920 0.556735 0.665527 0.409827 0.254986
v 0.325200 -0.210238 0.506833 0.686211 0.424286 0.262917
v 0.291537 -0.165588 0.602225 0.688876 0.426464 0.263397
v 0.305478 -0.134030 0.547259 0.691146 0.428386 0.264891
v -0.294178 -0.232741 0.603115 0.670042 0.413464 0.256515
v -0.321753 -0.154378 0.502537 0.692084 0.428864 0.263988
v -0.311990 -0.255991 0.556096 0.666339 0.410791 0.255349
v -0.325256 -0.210586 0.507322 0.685612 0.423932 0.261853
v -0.292843 -0.167917 0.600578 0.688277 0.425669 0.263120
v -0.306030 -0.134904 0.546574 0.693730 0.429882 0.264253
v 0.186625 0.071889 0.390024 0.784540 0.553259 0.439171
v 0.245487 0.040854 0.369396 0.771431 0.532653 0.411355
v 0.203904 0.070092 0.353876 0.784805 0.553480 0.439455
v 0.233754 0.055037 0.345174 0.777474 0.541307 0.423659
v 0.199209 0.059015 0.420498 0.775516 0.538830 0.419855
v 0.228445 0.042323 0.408423 0.770746 0.531909 0.410883
v -0.184622 0.073624 0.389514 0.785416 0.554317 0.441483
v -0.240636 0.043372 0.368181 0.770313 0.531456 0.409645
v -0.200935 0.072144 0.352915 0.785905 0.554859 0.441873
v -0.229130 0.058134 0.343212 0.776816 0.540579 0.422730
v -0.196004 0.059976 0.419210 0.775635 0.540120 0.421921
v -0.224389 0.044019 0.407094 0.769955 0.530992 0.409267
v 0.002665 0.024167 -0.594555 0.746604 0.464813 0.282722
v 0.006258 0.071974 -0.707424 0.761136 0.473884 0.287167
v 0.043420 0.019412 -0.628918 0.747539 0.465365 0.282354
v -0.036577 0.035663 -0.618972 0.749665 0.466278 0.282982
v 0.051042 0.042533 -0.691476 0.751547 0.468581 0.284599
v -0.039441 0.059237 -0.673490 0.757084 0.471167 0.285611
v 0.174511 -0.013569 -0.349873 0.736284 0.457146 0.278975
v 0.239484 0.020567 -0.349318 0.741961 0.462395 0.283070
v 0.191621 -0.025640 -0.318480 0.731134 0.454706 0.277383
v 0.221608 -0.002810 -0.314328 0.738001 0.458964 0.280112
v 0.190886 0.005977 -0.389441 0.739953 0.460936 0.280632
v 0.224168 0.022144 -0.389255 0.742828 0.464443 0.283441
v -0.174406 -0.012056 -0.347833 0.735885 0.457226 0.278364
v -0.241477 0.018256 -0.348870 0.743188 0.462790 0.283571
v -0.192241 -0.023784 -0.316350 0.731986 0.455112 0.277835
v -0.223397 -0.002794 -0.312759 0.735673 0.457920 0.279401
v -0.190290 0.004713 -0.388416 0.740625 0.460955 0.280510
v -0.224104 0.018211 -0.389243 0.744911 0.464649 0.283537
v 0.313127 0.227503 -0.645919 0.807901 0.505549 0.304024
v 0.311341 0.151501 -0.529965 0.801317 0.506688 0.313101
v 0.303469 0.242660 -0.579461 0.819098 0.514310 0.310087
v 0.306947 0.199004 -0.528762 0.817927 0.516663 0.313995
v 0.317593 0.169912 -0.652061 0.791253 0.496273 0.300931
v 0.310179 0.141312 -0.583019 0.789177 0.498106 0.306266
v -0.312042 0.228961 -0.658521 0.808092 0.505328 0.303528
v -0.311698 0.152161 -0.538003 0.801660 0.506636 0.311819
v -0.302877 0.242875 -0.591508 0.816875 0.513078 0.309311
v -0.307347 0.198430 -0.538496 0.816254 0.514031 0.312164
v -0.317361 0.170797 -0.665397 0.791879 0.495779 0.300428
v -0.310590 0.141504 -0.593504 0.790147 0.497195 0.304765
v 0.455456 0.022571 -0.016328 0.762321 0.495244 0.332646
v 0.445651 0.019603 0.047425 0.759249 0.496844 0.342283
v 0.451460 0.019721 0.000555 0.763064 0.497920 0.338646
v 0.447481 0.021934 0.032103 0.761604 0.498931 0.343738
v 0.452620 0.025756 -0.000803 0.759835 0.493015 0.331290
v 0.445226 0.018661 0.031873 0.758023 0.494092 0.336497
v -0.452335 0.017957 -0.013795 0.761367 0.493534 0.330220
v -0.444958 0.016297 0.050177 0.759197 0.495464 0.339987
v -0.449478 0.015734 0.003253 0.762390 0.495908 0.335775
v -0.445987 0.018753 0.035052 0.761074 0.496804 0.340908
v -0.449487 0.019587 0.002262 0.759485 0.491846 0.329213
v -0.444893 0.014270 0.034177 0.757931 0.492751 0.333929
v -0.057310 0.472551 -0.163443 0.818014 0.577877 0.459858
v -0.020721 0.551005 -0.109948 0.816922 0.581465 0.464703
v -0.043580 0.477491 -0.158712 0.816751 0.579835 0.463545
v -0.061183 0.494269 -0.158595 0.818820 0.578822 0.459738
v -0.027856 0.516386 -0.138533 0.816280 0.580813 0.465016
v -0.037755 0.528049 -0.132059 0.818944 0.580853 0.462789
v -0.072974 0.298940 -0.129062 0.814754 0.576788 0.460014
v -0.063642 0.238414 -0.109512 0.812034 0.578424 0.465192
v -0.058609 0.345046 -0.137319 0.814324 0.578843 0.463197
v -0.087712 0.237326 -0.105301 0.812991 0.576138 0.460494
v -0.052139 0.317904 -0.130892 0.813669 0.579748 0.465717
v -0.091266 0.223763 -0.075105 0.811557 0.577288 0.464097
v -0.142504 0.456442 -0.210268 0.827855 0.560775 0.416076
v -0.217170 0.545340 -0.280585 0.901398 0.579782 0.352830
v -0.124679 0.485710 -0.209251 0.830850 0.568252 0.427676
v -0.180519 0.463708 -0.238232 0.838468 0.553249 0.381116
v -0.142638 0.516901 -0.237600 0.849005 0.570683 0.408548
v -0.239872 0.515359 -0.278530 0.892450 0.571259 0.346453
v -0.149670 0.307033 -0.165812 0.824818 0.556460 0.409802
v -0.183765 0.251099 -0.181885 0.836520 0.538716 0.340202
v -0.175376 0.356644 -0.189318 0.832401 0.546047 0.370435
v -0.146255 0.244626 -0.143553 0.823844 0.556564 0.409204
v -0.195126 0.329609 -0.212023 0.838136 0.537278 0.339770
v -0.166465 0.216949 -0.144634 0.823662 0.542832 0.372691
v -0.133576 0.215425 -0.093071 0.813158 0.570948 0.451962
v -0.202034 0.148995 -0.004441 0.803553 0.562622 0.444005
v -0.140429 0.200254 -0.063281 0.811538 0.572152 0.454350
v -0.160211 0.197945 -0.081334 0.811612 0.567884 0.445845
v -0.173643 0.170144 -0.015010 0.808774 0.569466 0.452558
v -0.196195 0.161298 -0.038922 0.804358 0.561166 0.440182
v 0.062835 0.468584 -0.159861 0.817241 0.580038 0.462973
v 0.055708 0.544853 -0.117688 0.816852 0.582342 0.465682
v 0.051469 0.474512 -0.155118 0.816626 0.580809 0.464889
v 0.070287 0.488215 -0.157481 0.818719 0.580245 0.462124
v 0.047637 0.517307 -0.136679 0.815744 0.582629 0.466710
v 0.058694 0.519107 -0.136802 0.818328 0.581451 0.464092
v 0.076174 0.296303 -0.132599 0.814028 0.578659 0.463403
v 0.065108 0.238149 -0.108319 0.811721 0.579999 0.466992
v 0.063614 0.342201 -0.136037 0.813847 0.579598 0.464833
v 0.091310 0.236897 -0.107341 0.812551 0.578435 0.463134
v 0.056821 0.315525 -0.128481 0.812929 0.580351 0.466947
v 0.094528 0.222792 -0.076469 0.811396 0.578511 0.464702
v 0.129644 0.439414 -0.196768 0.826200 0.570835 0.438636
v 0.171992 0.515235 -0.261218 0.882694 0.577302 0.375377
v 0.115236 0.472257 -0.198626 0.827326 0.574472 0.444254
v 0.158842 0.438601 -0.216294 0.833428 0.563141 0.411887
v 0.126592 0.502203 -0.224785 0.840924 0.574909 0.426918
v 0.189608 0.481902 -0.252539 0.868958 0.567787 0.372633
v 0.144057 0.294127 -0.159600 0.821821 0.566272 0.433872
v 0.174163 0.241120 -0.166932 0.830903 0.545128 0.365743
v 0.161409 0.334721 -0.183706 0.827670 0.556500 0.404584
v 0.149392 0.237923 -0.136963 0.819347 0.565604 0.432789
v 0.180248 0.314061 -0.193108 0.833761 0.544020 0.364611
v 0.172087 0.211404 -0.134852 0.818680 0.553239 0.403711
v 0.138341 0.214667 -0.092726 0.812596 0.573814 0.456472
v 0.205212 0.146567 -0.006262 0.803376 0.565952 0.449295
v 0.144318 0.199819 -0.064382 0.810646 0.574754 0.459209
v 0.165438 0.196260 -0.079792 0.811212 0.571204 0.453103
v 0.176879 0.168556 -0.017240 0.809028 0.572695 0.456668
v 0.200253 0.158588 -0.038674 0.804163 0.565023 0.446213
v -0.209974 -0.629893 0.004384 0.580498 0.352411 0.230397
v -0.138074 -0.606651 -0.005643 0.580006 0.352008 0.230541
v -0.183192 -0.589927 0.026487 0.581241 0.353781 0.233062
v -0.199506 -0.683978 -0.020146 0.575819 0.348757 0.226738
v -0.149267 -0.585945 0.023750 0.580883 0.352819 0.231777
v -0.158747 -0.659512 -0.027194 0.578145 0.350601 0.228281
v -0.243655 -0.525965 0.104892 0.587579 0.358272 0.234375
v -0.218512 -0.531467 0.219367 0.584054 0.355828 0.234088
v -0.210986 -0.542749 0.108572 0.585487 0.356379 0.233759
v -0.261768 -0.502052 0.147304 0.588634 0.358672 0.233410
v -0.196989 -0.545041 0.167068 0.584411 0.355884 0.233324
v -0.251334 -0.506055 0.202886 0.587542 0.358773 0.232407
v -0.326159 -0.712428 -0.092602 0.570145 0.342758 0.221039
v -0.297646 -0.740910 -0.243700 0.568693 0.341887 0.220032
v -0.280261 -0.770146 -0.096768 0.570015 0.341680 0.221606
v -0.354677 -0.669429 -0.147883 0.569025 0.343400 0.221217
v -0.265083 -0.790334 -0.164078 0.570235 0.343138 0.220863
v -0.345965 -0.675847 -0.223865 0.569145 0.343849 0.221785
v -0.349505 -0.466989 -0.047241 0.602550 0.367982 0.234962
v -0.359703 -0.332409 -0.083349 0.641760 0.394109 0.247333
v -0.360774 -0.482044 -0.094388 0.601772 0.367090 0.234590
v -0.350551 -0.400138 -0.023058 0.619092 0.379024 0.239567
v -0.362133 -0.406176 -0.113694 0.617944 0.379133 0.239109
v -0.354936 -0.335920 -0.039865 0.640630 0.392747 0.247082
v -0.324380 -0.442031 0.074824 0.603275 0.368488 0.234870
v -0.339446 -0.348477 0.127586 0.636296 0.390952 0.245272
v -0.317271 -0.441473 0.118655 0.603090 0.368763 0.236091
v -0.342990 -0.399124 0.059474 0.619966 0.379916 0.240100
v -0.329480 -0.401750 0.146729 0.619768 0.379749 0.240715
v -0.344577 -0.344754 0.084379 0.637498 0.391634 0.245028
v 0.208861 -0.628679 0.004775 0.580399 0.351952 0.231688
v 0.138132 -0.607242 -0.004566 0.580213 0.351880 0.230541
v 0.182276 -0.590257 0.027915 0.581285 0.353823 0.232565
v 0.198532 -0.681669 -0.019343 0.577145 0.349189 0.228461
v 0.148225 -0.585973 0.024418 0.580600 0.352967 0.231172
v 0.158372 -0.658462 -0.026367 0.577946 0.350692 0.228848
v 0.242362 -0.527089 0.105640 0.588114 0.358224 0.234052
v 0.218247 -0.533116 0.217674 0.584410 0.355251 0.233251
v 0.209642 -0.543940 0.108952 0.585423 0.355872 0.234075
v 0.260253 -0.502530 0.146629 0.589064 0.359155 0.234152
v 0.196817 -0.547383 0.166363 0.584168 0.355510 0.231923
v 0.250802 -0.507179 0.202250 0.589025 0.358996 0.233283
v 0.325475 -0.713166 -0.091345 0.570247 0.344023 0.222477
v 0.296390 -0.742510 -0.243248 0.567693 0.342533 0.220444
v 0.279076 -0.770863 -0.095696 0.570427 0.343513 0.223529
v 0.354762 -0.670514 -0.147459 0.569073 0.342903 0.220864
v 0.263865 -0.790801 -0.163927 0.569762 0.343728 0.220709
v 0.345544 -0.677336 -0.222998 0.567977 0.343083 0.220741
v 0.348712 -0.468186 -0.046609 0.603053 0.368316 0.234643
v 0.359280 -0.334431 -0.082374 0.640709 0.393693 0.246900
v 0.360754 -0.483967 -0.093769 0.599454 0.367237 0.234475
v 0.350335 -0.402014 -0.022129 0.615820 0.378486 0.238559
v 0.362145 -0.408482 -0.113450 0.617192 0.376880 0.239009
v 0.355078 -0.337675 -0.039138 0.639134 0.392785 0.247054
v 0.323580 -0.443507 0.075140 0.603318 0.368821 0.235649
v 0.338972 -0.350575 0.128106 0.635855 0.390563 0.244984
v 0.315703 -0.442377 0.118697 0.603443 0.369684 0.235967
v 0.342066 -0.400677 0.059999 0.618822 0.379076 0.241029
v 0.328922 -0.403781 0.147391 0.619489 0.379330 0.240850
v 0.343690 -0.346622 0.085035 0.636669 0.391217 0.244988
v -0.090910 -0.555270 0.685275 0.558133 0.337490 0.217290
v -0.152176 -0.763355 0.666497 0.555647 0.334285 0.216027
v -0.062321 -0.580390 0.657874 0.557076 0.335217 0.216452
v -0.159301 -0.576554 0.696280 0.565983 0.343659 0.221956
v -0.087251 -0.659482 0.631075 0.556540 0.335164 0.217811
v -0.212378 -0.688973 0.702493 0.555513 0.332791 0.216070
v 0.092215 -0.554317 0.686390 0.559476 0.337718 0.217786
v 0.154167 -0.762700 0.668772 0.556036 0.334162 0.215969
v 0.062976 -0.580349 0.658555 0.557196 0.336551 0.217638
v 0.161110 -0.576661 0.698088 0.566137 0.343750 0.222300
v 0.086794 -0.659650 0.632347 0.557356 0.334733 0.216384
v 0.214864 -0.689185 0.701620 0.555322 0.334169 0.215660
v -0.003390 -0.265079 0.744627 0.665350 0.410062 0.255379
v -0.001712 -0.143160 0.769149 0.684652 0.423098 0.260908
v 0.036118 -0.232919 0.752115 0.677550 0.418398 0.259537
v -0.042963 -0.239163 0.750993 0.678444 0.419526 0.260192
v 0.034329 -0.168051 0.769112 0.685074 0.422523 0.260869
v -0.038461 -0.181218 0.771156 0.683223 0.422778 0.260983
v 0.130373 -0.369438 0.709854 0.627235 0.385396 0.242639
v 0.227180 -0.308149 0.682000 0.644976 0.396206 0.247875
v 0.182600 -0.417554 0.697151 0.617509 0.378361 0.239286
v 0.126921 -0.302141 0.721266 0.650388 0.400673 0.250769
v 0.237187 -0.386181 0.681795 0.625878 0.383699 0.242198
v 0.172088 -0.271599 0.709635 0.666737 0.410825 0.256121
v -0.134387 -0.372749 0.708045 0.628399 0.385443 0.242387
v -0.232117 -0.312700 0.679954 0.642612 0.395593 0.247484
v -0.184828 -0.419730 0.696112 0.617476 0.378003 0.239043
v -0.135404 -0.307766 0.717812 0.648035 0.398173 0.249079
v -0.238980 -0.388652 0.681608 0.624113 0.383163 0.241634
v -0.181723 -0.277665 0.703646 0.655480 0.403764 0.251717
v -0.038692 0.125966 0.295996 0.802330 0.581138 0.475035
v -0.063733 0.147415 0.217900 0.804399 0.581216 0.473634
v -0.026619 0.137845 0.257101 0.803921 0.581093 0.474384
v -0.064427 0.122282 0.298935 0.802600 0.580514 0.473842
v -0.038639 0.150114 0.214877 0.804952 0.581122 0.474186
v -0.078067 0.130233 0.263130 0.803644 0.581431 0.473344
v 0.035834 0.125616 0.297524 0.802510 0.581326 0.474906
v 0.060128 0.147680 0.213646 0.804979 0.581170 0.473588
v 0.023070 0.136996 0.257846 0.803121 0.581415 0.474188
v 0.061554 0.123290 0.296682 0.802902 0.581015 0.474142
v 0.034993 0.148623 0.214763 0.804368 0.581203 0.474566
v 0.074590 0.133090 0.256395 0.803934 0.580385 0.473461
v -0.000177 0.115417 0.464758 0.799031 0.579000 0.472739
v 0.000679 0.099489 0.540884 0.796303 0.573935 0.465849
v 0.028719 0.112662 0.481033 0.798900 0.577848 0.471969
v -0.028235 0.112754 0.480967 0.799020 0.578211 0.471986
v 0.031550 0.102879 0.518257 0.797215 0.574438 0.466674
v -0.030710 0.103859 0.518672 0.797627 0.575276 0.466800
v 0.067341 0.112109 0.393481 0.800872 0.580129 0.473555
v 0.125784 0.097482 0.399202 0.798298 0.576056 0.468456
v 0.085521 0.111076 0.363905 0.801586 0.579647 0.473161
v 0.076154 0.109169 0.428232 0.799197 0.578809 0.472485
v 0.114533 0.105096 0.365412 0.801209 0.578518 0.471282
v 0.105918 0.099884 0.431444 0.798312 0.575827 0.468275
v -0.068039 0.111978 0.394214 0.800433 0.579873 0.473361
v -0.125072 0.097480 0.397682 0.798528 0.576368 0.469135
v -0.086482 0.110525 0.364818 0.800905 0.580060 0.473029
v -0.075842 0.109389 0.428041 0.799751 0.578387 0.472335
v -0.114533 0.105096 0.365736 0.800802 0.578429 0.471823
v -0.105643 0.100624 0.431532 0.798549 0.575837 0.468803
v -0.048466 -0.250339 -0.382820 0.666888 0.410991 0.254800
v -0.092412 -0.334390 -0.334958 0.639286 0.393204 0.246297
v -0.035375 -0.296894 -0.362082 0.650510 0.400547 0.249602
v -0.078479 -0.236775 -0.366292 0.669548 0.412593 0.256708
v -0.055921 -0.341723 -0.338788 0.637466 0.391838 0.245573
v -0.102491 -0.276827 -0.347238 0.657271 0.404551 0.252044
v 0.046569 -0.250605 -0.382779 0.664999 0.410248 0.255554
v 0.091520 -0.335322 -0.335929 0.639550 0.392071 0.246132
v 0.033442 -0.296919 -0.361741 0.652525 0.400907 0.250627
v 0.077502 -0.238038 -0.371112 0.668854 0.412419 0.256428
v 0.054936 -0.341083 -0.338803 0.637290 0.391532 0.246180
v 0.100996 -0.278060 -0.350033 0.656524 0.404728 0.252285
v -0.002334 -0.034107 -0.420502 0.729401 0.453021 0.276577
v -0.001059 0.012156 -0.484218 0.741999 0.461662 0.280538
v 0.022315 -0.014040 -0.426337 0.735909 0.457731 0.279047
v -0.026844 -0.013792 -0.425675 0.736602 0.457743 0.278649
v 0.025603 0.010114 -0.457080 0.740285 0.460621 0.279037
v -0.029376 0.010553 -0.456992 0.740867 0.460749 0.280042
v 0.064905 -0.101793 -0.387697 0.709406 0.439331 0.269875
v 0.115824 -0.052560 -0.363215 0.723896 0.449395 0.274682
v 0.087810 -0.130396 -0.372866 0.700347 0.433502 0.266955
v 0.067967 -0.054372 -0.394435 0.723912 0.449100 0.274810
v 0.114118 -0.107336 -0.359216 0.708046 0.438806 0.269706
v 0.093882 -0.029411 -0.384902 0.731249 0.454212 0.276890
v -0.067633 -0.100730 -0.385503 0.709774 0.439905 0.270362
v -0.116840 -0.051878 -0.361659 0.724017 0.449271 0.274656
v -0.089738 -0.129998 -0.370764 0.700990 0.434114 0.266881
v -0.071107 -0.053987 -0.392655 0.723322 0.449018 0.274714
v -0.115405 -0.106500 -0.357376 0.707307 0.438685 0.269242
v -0.095282 -0.028036 -0.382688 0.731473 0.454363 0.277487
v -0.091009 0.543627 -0.654010 0.903228 0.569132 0.335062
v -0.157668 0.623774 -0.575578 0.915653 0.583043 0.343872
v -0.070301 0.608319 -0.629058 0.913598 0.580406 0.340399
v -0.147733 0.525704 -0.653957 0.898425 0.565448 0.332275
v -0.101337 0.642951 -0.579160 0.915413 0.584352 0.344194
v -0.183557 0.565366 -0.623630 0.907009 0.572752 0.336604
v 0.097314 0.541759 -0.649366 0.902766 0.568572 0.334236
v 0.166083 0.628358 -0.571746 0.913803 0.582592 0.344632
v 0.072919 0.605060 -0.626973 0.914232 0.580804 0.340359
v 0.158401 0.525897 -0.648337 0.898067 0.564741 0.332443
v 0.108987 0.646834 -0.582583 0.915744 0.584324 0.344314
v 0.202560 0.570322 -0.618996 0.908945 0.574548 0.337079
v 0.008233 0.275730 -0.780366 0.821736 0.514705 0.307847
v 0.009203 0.163765 -0.785238 0.788058 0.491630 0.295646
v 0.064121 0.250238 -0.815181 0.815196 0.509520 0.304776
v -0.045480 0.247179 -0.774774 0.812633 0.507711 0.304745
v 0.066664 0.189091 -0.825082 0.796524 0.497553 0.298396
v -0.045862 0.191927 -0.776114 0.796487 0.496932 0.299607
v 0.147308 0.362487 -0.726071 0.848223 0.532874 0.316382
v 0.254118 0.302949 -0.717180 0.830714 0.520718 0.310105
v 0.185760 0.396511 -0.695889 0.858842 0.539304 0.320090
v 0.163338 0.304893 -0.761848 0.831768 0.521227 0.310665
v 0.235247 0.365805 -0.687480 0.849605 0.532319 0.316241
v 0.224187 0.275578 -0.765262 0.823030 0.516298 0.307232
v -0.135707 0.363163 -0.723380 0.848714 0.532095 0.316586
v -0.244216 0.305272 -0.726040 0.831232 0.521957 0.310866
v -0.175295 0.397350 -0.699283 0.859502 0.538909 0.319180
v -0.148671 0.305182 -0.751489 0.830853 0.519748 0.310503
v -0.226177 0.367135 -0.694787 0.850063 0.533185 0.316373
v -0.213364 0.277911 -0.772315 0.823274 0.515030 0.308211
v 0.400119 0.033966 -0.230687 0.769303 0.495388 0.322431
v 0.369467 0.047437 -0.208068 0.774282 0.497181 0.324683
v 0.374981 0.049348 -0.263457 0.772284 0.495255 0.323133
v 0.409946 0.029868 -0.189154 0.770314 0.494404 0.324239
v 0.358798 0.059674 -0.254300 0.774388 0.499408 0.323106
v 0.397160 0.035508 -0.176795 0.771092 0.496840 0.325056
v 0.389455 0.015189 -0.196984 0.761113 0.487423 0.315445
v 0.354406 0.001738 -0.151896 0.740779 0.464941 0.291977
v 0.366235 0.017481 -0.210482 0.756451 0.481385 0.309057
v 0.398428 0.008799 -0.159994 0.761176 0.486695 0.316067
v 0.346671 0.006343 -0.187710 0.742790 0.466157 0.292700
v 0.382009 0.004249 -0.138077 0.753396 0.479777 0.308013
v 0.365252 0.044843 -0.310311 0.764822 0.488359 0.314700
v 0.309611 0.066220 -0.338057 0.748734 0.470399 0.291733
v 0.356851 0.050936 -0.287843 0.758631 0.482178 0.308064
v 0.349810 0.054722 -0.350221 0.764226 0.489344 0.313501
v 0.323908 0.058957 -0.298174 0.747703 0.469807 0.292452
v 0.324811 0.067900 -0.367757 0.760574 0.483146 0.307459
v 0.374017 0.036282 -0.347975 0.769172 0.491956 0.319190
v 0.327934 0.078650 -0.431120 0.776163 0.495833 0.318392
v 0.358791 0.054268 -0.347643 0.771695 0.495678 0.320115
v 0.353192 0.050725 -0.379464 0.769259 0.492608 0.317969
v 0.336715 0.073769 -0.389189 0.775910 0.496276 0.320334
v 0.333009 0.068070 -0.422253 0.770901 0.493779 0.317492
v 0.427357 0.017838 -0.152868 0.765403 0.492766 0.321936
v 0.448362 0.020734 -0.081330 0.764544 0.493551 0.325894
v 0.431872 0.020730 -0.138086 0.766708 0.493607 0.323633
v 0.432609 0.013728 -0.130819 0.764472 0.491652 0.321663
v 0.442696 0.020796 -0.100341 0.766470 0.494126 0.325780
v 0.442749 0.017208 -0.095978 0.763639 0.491271 0.323020
v 0.406452 0.010854 0.216180 0.755610 0.505241 0.366888
v 0.389013 0.018292 0.190176 0.769717 0.524322 0.398362
v 0.386241 0.009155 0.233203 0.759812 0.510502 0.375735
v 0.419590 0.016874 0.188481 0.756745 0.505603 0.368030
v 0.371500 0.018887 0.216730 0.768367 0.523607 0.397239
v 0.414048 0.020264 0.176787 0.762110 0.511261 0.375325
v 0.372698 -0.016931 0.227288 0.733534 0.470206 0.313129
v 0.359899 -0.068174 0.217199 0.716883 0.449351 0.282663
v 0.356474 -0.037119 0.251924 0.701863 0.437623 0.273178
v 0.381774 -0.014065 0.197845 0.739386 0.476128 0.318180
v 0.354584 -0.076162 0.251644 0.701182 0.436799 0.271353
v 0.372196 -0.025885 0.189996 0.734221 0.468409 0.305323
v 0.344180 -0.033609 0.318751 0.705152 0.443010 0.282694
v 0.327093 -0.088510 0.401287 0.692829 0.430392 0.265347
v 0.341322 -0.049092 0.319009 0.696111 0.432261 0.268558
v 0.331894 -0.037611 0.351623 0.704697 0.443254 0.281847
v 0.334627 -0.089088 0.361533 0.693315 0.429802 0.266569
v 0.322170 -0.057732 0.393089 0.695949 0.432158 0.268883
v 0.344146 -0.003589 0.299240 0.751988 0.502536 0.363638
v 0.298182 0.012054 0.337458 0.763936 0.519765 0.393459
v 0.340988 0.005335 0.286765 0.757087 0.507656 0.373150
v 0.326406 -0.009757 0.331268 0.748637 0.497410 0.359395
v 0.316343 0.013171 0.303657 0.766069 0.521526 0.395045
v 0.305117 -0.001459 0.353774 0.748390 0.498208 0.359888
v 0.426959 0.015210 0.165516 0.753960 0.500133 0.355726
v 0.436426 0.018744 0.108894 0.755513 0.499409 0.352772
v 0.433393 0.020647 0.151909 0.754215 0.501528 0.357783
v 0.419427 0.009364 0.154910 0.752340 0.496954 0.352848
v 0.437543 0.022131 0.124014 0.755850 0.500448 0.357456
v 0.429080 0.014142 0.124513 0.754078 0.497303 0.349167
v -0.396947 0.029423 -0.224670 0.769422 0.493480 0.321865
v -0.364908 0.051434 -0.201999 0.774254 0.496884 0.323621
v -0.373427 0.048455 -0.259300 0.771236 0.495017 0.321366
v -0.405971 0.019410 -0.180511 0.768987 0.494584 0.322390
v -0.354743 0.064828 -0.250839 0.774737 0.496133 0.322028
v -0.394219 0.026592 -0.167700 0.771319 0.496362 0.324340
v -0.386655 0.029270 -0.196185 0.761916 0.487489 0.314488
v -0.348017 0.014373 -0.153366 0.739810 0.463970 0.291452
v -0.362492 0.030413 -0.210491 0.758377 0.482591 0.309473
v -0.396304 0.028011 -0.161213 0.760476 0.486518 0.315800
v -0.342391 0.016290 -0.188210 0.742775 0.466856 0.291531
v -0.376993 0.023610 -0.140151 0.755908 0.482172 0.311412
v -0.363325 0.046336 -0.310918 0.763203 0.487254 0.313738
v -0.312442 0.063517 -0.337765 0.748631 0.468955 0.291375
v -0.350396 0.051627 -0.286996 0.759868 0.483614 0.309193
v -0.350037 0.053260 -0.351786 0.764828 0.486856 0.312815
v -0.322797 0.058427 -0.298353 0.747554 0.469572 0.291922
v -0.327288 0.065254 -0.369080 0.761213 0.483375 0.308077
v -0.370736 0.039007 -0.348609 0.769049 0.492772 0.317532
v -0.328308 0.077784 -0.432034 0.774976 0.494340 0.316419
v -0.358645 0.053982 -0.346790 0.770681 0.493796 0.318662
v -0.353270 0.050080 -0.381444 0.768902 0.491597 0.316718
v -0.337064 0.073459 -0.388895 0.775016 0.496477 0.318812
v -0.333510 0.066615 -0.424562 0.771232 0.491999 0.316062
v -0.429022 0.017169 -0.149739 0.764573 0.491340 0.320880
v -0.450756 0.020084 -0.080065 0.763264 0.491635 0.323764
v -0.432719 0.013268 -0.133630 0.765397 0.492104 0.322414
v -0.434103 0.023826 -0.131218 0.763544 0.490021 0.320481
v -0.444161 0.013732 -0.097085 0.764812 0.493271 0.324092
v -0.445789 0.025886 -0.096495 0.762212 0.490463 0.321669
v -0.401329 0.017387 0.218238 0.755810 0.502637 0.361986
v -0.376526 0.029000 0.185526 0.767017 0.520062 0.389946
v -0.375171 0.016388 0.230863 0.758007 0.505651 0.368985
v -0.416916 0.021521 0.189925 0.756129 0.502840 0.361696
v -0.361358 0.027049 0.213849 0.767350 0.519401 0.391105
v -0.407513 0.024679 0.175100 0.758744 0.506716 0.368435
v -0.368606 -0.012581 0.231283 0.732309 0.469471 0.311598
v -0.357236 -0.066270 0.220834 0.717510 0.449973 0.282718
v -0.352571 -0.038236 0.256238 0.701781 0.436945 0.272010
v -0.378724 -0.009655 0.202035 0.738359 0.474783 0.316450
v -0.351638 -0.076164 0.254777 0.700997 0.436390 0.270395
v -0.369256 -0.022093 0.194383 0.734661 0.468790 0.306475
v -0.340231 -0.035538 0.322462 0.705787 0.443378 0.281365
v -0.325108 -0.090357 0.402913 0.694783 0.430694 0.266643
v -0.337580 -0.053090 0.322450 0.699315 0.434676 0.270832
v -0.328396 -0.038224 0.354148 0.705055 0.441166 0.279263
v -0.332878 -0.092111 0.364474 0.694800 0.431689 0.267102
v -0.319523 -0.059145 0.394665 0.697124 0.433831 0.269762
v -0.339152 0.001210 0.300282 0.751407 0.499684 0.359999
v -0.292494 0.015076 0.336513 0.760497 0.512718 0.384303
v -0.334751 0.010872 0.286971 0.753855 0.503600 0.366693
v -0.321818 -0.006096 0.332828 0.749180 0.497392 0.357897
v -0.309835 0.018408 0.302657 0.762387 0.516341 0.385824
v -0.300755 0.000959 0.354049 0.747976 0.496207 0.357954
v -0.424472 0.017883 0.172250 0.753068 0.496740 0.352052
v -0.437346 0.020051 0.112069 0.755242 0.496521 0.348533
v -0.430517 0.022326 0.156803 0.755018 0.498353 0.353316
v -0.419439 0.013596 0.160479 0.752175 0.495648 0.348690
v -0.436781 0.023425 0.127827 0.754914 0.498357 0.352845
v -0.430995 0.016464 0.128861 0.753530 0.494527 0.346554
v -0.001537 0.517201 -0.140293 0.813874 0.582400 0.469074
v -0.015491 0.356238 -0.147409 0.812937 0.581726 0.469713
v -0.013889 0.497845 -0.154646 0.814297 0.581587 0.468403
v -0.018096 0.433414 -0.176687 0.813712 0.581403 0.467857
v 0.000767 0.471766 -0.158429 0.812712 0.582201 0.469847
v -0.005934 0.373691 -0.143816 0.812431 0.582229 0.470829
v -0.010749 0.525428 -0.143450 0.823035 0.583178 0.460757
v -0.066534 0.560265 -0.246970 0.897080 0.584654 0.371102
v -0.027404 0.519252 -0.150790 0.823573 0.582303 0.459118
v -0.047465 0.512593 -0.191735 0.840406 0.582781 0.438908
v -0.008799 0.519863 -0.174647 0.838754 0.583878 0.442725
v -0.036615 0.563003 -0.235663 0.893399 0.584882 0.377374
v 0.017690 0.519640 -0.140296 0.814673 0.582978 0.469616
v 0.021323 0.358151 -0.155928 0.812869 0.582380 0.470563
v 0.026440 0.505858 -0.147837 0.814032 0.582890 0.468895
v 0.029508 0.431308 -0.170641 0.813699 0.581250 0.469388
v 0.009324 0.467947 -0.160829 0.813376 0.582176 0.469711
v 0.010562 0.374007 -0.152166 0.811767 0.582344 0.470364
v 0.018078 0.523392 -0.142236 0.823101 0.582626 0.460762
v 0.061247 0.552732 -0.241099 0.891538 0.583737 0.378090
v 0.037743 0.517676 -0.151389 0.822947 0.583088 0.460464
v 0.050279 0.512646 -0.187725 0.839057 0.582794 0.441040
v 0.008763 0.519135 -0.172157 0.837855 0.584508 0.444500
v 0.033567 0.557997 -0.231332 0.892165 0.584351 0.378089
v -0.161231 0.169956 0.101322 0.806995 0.575710 0.464165
v -0.209689 0.126011 0.108162 0.803286 0.568164 0.455117
v -0.156238 0.173562 0.051758 0.808239 0.574953 0.462032
v -0.182604 0.153226 0.063981 0.807242 0.572102 0.458043
v -0.181964 0.139600 0.143654 0.805351 0.573397 0.462979
v -0.207976 0.120423 0.145869 0.802947 0.569500 0.457851
v -0.014037 0.207151 0.016242 0.808875 0.582039 0.472813
v 0.012274 0.204885 0.012093 0.808526 0.582593 0.472494
v -0.011697 0.197641 0.104548 0.807017 0.582077 0.473827
v 0.008202 0.190369 0.092219 0.807293 0.581874 0.472770
v -0.002438 0.224505 -0.068336 0.809565 0.582008 0.472112
v 0.003225 0.224033 -0.069548 0.810212 0.582206 0.472563
v -0.141112 0.131474 0.220850 0.804461 0.578637 0.469714
v -0.173887 0.098223 0.293671 0.800169 0.575068 0.466911
v -0.131283 0.121592 0.262372 0.803097 0.579034 0.471288
v -0.145515 0.108585 0.296422 0.801892 0.577794 0.470644
v -0.168284 0.120720 0.221277 0.803448 0.575901 0.467071
v -0.186818 0.101221 0.258797 0.801158 0.574124 0.465367
v -0.361420 0.510262 -0.395525 0.890629 0.560787 0.330875
v -0.254104 0.366333 -0.327419 0.839593 0.533512 0.324884
v -0.419761 0.504933 -0.352446 0.887913 0.561050 0.333281
v -0.268299 0.434082 -0.323290 0.843066 0.536809 0.328691
v -0.301682 0.444646 -0.411094 0.873317 0.549590 0.324974
v -0.268448 0.378341 -0.375740 0.841966 0.533395 0.321254
v -0.069259 0.712097 -0.416327 0.914272 0.588441 0.354264
v 0.069115 0.711681 -0.416789 0.914060 0.588580 0.354443
v -0.036100 0.702014 -0.472097 0.915094 0.587725 0.353347
v 0.036610 0.701232 -0.471915 0.914861 0.587675 0.352175
v -0.028138 0.665989 -0.350683 0.913518 0.588172 0.355964
v 0.026446 0.665612 -0.350008 0.914418 0.587526 0.355335
v -0.274729 0.496886 -0.544777 0.890909 0.560988 0.330900
v -0.277941 0.360596 -0.566146 0.847783 0.532627 0.316042
v -0.254613 0.479840 -0.587925 0.884325 0.556051 0.327940
v -0.261688 0.411948 -0.603029 0.863839 0.542437 0.320835
v -0.281781 0.436432 -0.505418 0.872834 0.548975 0.324588
v -0.280833 0.370013 -0.514662 0.848463 0.533373 0.317435
v -0.283439 0.091559 -0.062083 0.782255 0.513210 0.352461
v -0.298922 0.068951 0.017454 0.782435 0.530507 0.396805
v -0.249918 0.122346 -0.063740 0.787850 0.524279 0.372764
v -0.258199 0.109103 -0.025225 0.786888 0.533451 0.397622
v -0.327018 0.058942 -0.025046 0.776709 0.510368 0.352884
v -0.333762 0.052413 0.013413 0.777561 0.518589 0.373936
v -0.274166 0.173601 -0.331564 0.832222 0.528076 0.322159
v -0.299470 0.199606 -0.432495 0.831289 0.526617 0.319816
v -0.302698 0.135225 -0.335277 0.816999 0.519710 0.322736
v -0.309002 0.148168 -0.385116 0.818093 0.519895 0.320953
v -0.276498 0.244054 -0.378672 0.836515 0.529976 0.320364
v -0.286600 0.251621 -0.427804 0.835926 0.529254 0.318888
v -0.390675 0.024597 -0.072702 0.772965 0.501328 0.336363
v -0.441795 0.007915 -0.025419 0.767613 0.498748 0.336742
v -0.422444 0.004587 -0.077642 0.770409 0.498607 0.331545
v -0.435757 0.005400 -0.060439 0.768441 0.497365 0.331732
v -0.394064 0.026793 -0.038159 0.772325 0.503479 0.342077
v -0.428568 0.014968 -0.011409 0.769188 0.502273 0.342671
v -0.284411 0.062176 0.211002 0.781640 0.542167 0.424518
v -0.260780 0.058007 0.275478 0.780400 0.542199 0.425255
v -0.303555 0.047625 0.234945 0.776138 0.534229 0.413809
v -0.288919 0.045542 0.265385 0.774605 0.534015 0.413665
v -0.253841 0.076688 0.215760 0.789361 0.553552 0.439613
v -0.244475 0.073384 0.250440 0.788951 0.554428 0.441337
v -0.404767 0.037461 0.096760 0.769583 0.519165 0.386574
v -0.440107 0.030612 0.068958 0.761992 0.501253 0.351415
v -0.432130 0.033332 0.118964 0.762041 0.507173 0.367700
v -0.437887 0.031006 0.100381 0.760027 0.502620 0.357817
v -0.406111 0.039098 0.064332 0.772152 0.514647 0.372589
v -0.434224 0.036978 0.052486 0.766836 0.504582 0.352756
v 0.163354 0.169007 0.100400 0.807235 0.576760 0.465445
v 0.211899 0.124639 0.104419 0.802555 0.568847 0.455717
v 0.157782 0.172415 0.048517 0.808033 0.576141 0.463872
v 0.185012 0.151996 0.060439 0.807348 0.573835 0.460667
v 0.183677 0.138466 0.141940 0.805460 0.574796 0.463435
v 0.210209 0.118223 0.144203 0.802746 0.569913 0.458058
v 0.140781 0.132183 0.218004 0.804517 0.578858 0.470159
v 0.175767 0.097016 0.295573 0.799813 0.574565 0.465795
v 0.129632 0.122335 0.257841 0.803416 0.578705 0.471264
v 0.145620 0.108301 0.295698 0.801382 0.577853 0.470107
v 0.168992 0.120394 0.219802 0.804214 0.576901 0.467584
v 0.187740 0.100428 0.257362 0.801086 0.573036 0.463986
v 0.449950 0.569710 -0.338149 0.900528 0.574391 0.342987
v 0.239508 0.408311 -0.293377 0.837967 0.534272 0.328426
v 0.296300 0.492208 -0.301642 0.890399 0.570781 0.345091
v 0.235793 0.430887 -0.280148 0.841696 0.539969 0.337341
v 0.406671 0.494441 -0.370416 0.887185 0.560533 0.331424
v 0.267312 0.428630 -0.346571 0.843713 0.533069 0.321655
v 0.277810 0.504948 -0.507676 0.892529 0.561707 0.330898
v 0.279127 0.368422 -0.548196 0.849849 0.533065 0.317027
v 0.256123 0.482152 -0.560811 0.885266 0.556588 0.327936
v 0.264672 0.415038 -0.583779 0.863934 0.542931 0.321377
v 0.296383 0.459247 -0.478734 0.880957 0.553850 0.326503
v 0.281846 0.387125 -0.495393 0.854712 0.537935 0.320157
v 0.288127 0.087732 -0.059853 0.781194 0.518695 0.367387
v 0.302625 0.066843 0.015913 0.782657 0.534842 0.405994
v 0.254243 0.118094 -0.061267 0.786759 0.531497 0.391864
v 0.262294 0.105462 -0.024257 0.786161 0.537681 0.408209
v 0.332268 0.054248 -0.023145 0.777621 0.516601 0.367746
v 0.337075 0.050651 0.013126 0.779207 0.526690 0.390825
v 0.266928 0.176653 -0.325753 0.833137 0.529126 0.321272
v 0.296024 0.204307 -0.424388 0.833078 0.526981 0.319673
v 0.297376 0.134200 -0.333544 0.818129 0.520394 0.321956
v 0.305723 0.149054 -0.381906 0.819224 0.520342 0.321168
v 0.271614 0.258698 -0.366662 0.836775 0.529597 0.319052
v 0.283212 0.263769 -0.416170 0.836595 0.527814 0.318650
v 0.392515 0.032561 -0.080005 0.772643 0.502930 0.338200
v 0.444374 0.014689 -0.028691 0.767615 0.500297 0.338409
v 0.421200 0.023035 -0.090201 0.770754 0.500104 0.333183
v 0.441857 0.017107 -0.065587 0.768268 0.498817 0.333402
v 0.397829 0.032216 -0.041550 0.772637 0.505777 0.345916
v 0.425652 0.026557 -0.016735 0.770007 0.504286 0.345618
v 0.288250 0.059021 0.210664 0.780800 0.542274 0.423452
v 0.265494 0.054955 0.276661 0.778998 0.541367 0.423829
v 0.308665 0.043607 0.235254 0.776884 0.535641 0.415135
v 0.295975 0.041134 0.267254 0.773550 0.534330 0.413926
v 0.257547 0.073584 0.215524 0.788427 0.552121 0.436844
v 0.248171 0.070770 0.250516 0.786828 0.552623 0.438224
v 0.407334 0.035084 0.098575 0.772210 0.525427 0.396335
v 0.439902 0.032924 0.067568 0.762485 0.504960 0.359425
v 0.433045 0.032205 0.119432 0.762732 0.511669 0.374753
v 0.437916 0.031644 0.100399 0.759745 0.506979 0.365312
v 0.404608 0.039151 0.063726 0.773500 0.522423 0.388591
v 0.432740 0.041223 0.052536 0.767344 0.509872 0.363815
v -0.064605 -0.578332 0.129794 0.580483 0.352560 0.231780
v -0.108652 -0.592116 0.242701 0.579905 0.352526 0.231465
v -0.105024 -0.574836 0.121280 0.580295 0.352187 0.232676
v -0.126005 -0.582817 0.175273 0.579716 0.352113 0.233031
v -0.043727 -0.582329 0.189480 0.580546 0.353110 0.232040
v -0.065524 -0.586547 0.249732 0.579054 0.352382 0.232271
v -0.087851 -0.591434 -0.087632 0.578055 0.350956 0.228980
v -0.107418 -0.665346 -0.186396 0.570749 0.345213 0.222901
v -0.116318 -0.666815 -0.094971 0.577007 0.349842 0.227243
v -0.111661 -0.748839 -0.133789 0.570618 0.344389 0.222770
v -0.063618 -0.559501 -0.115608 0.578371 0.351142 0.228092
v -0.078042 -0.585031 -0.163932 0.577432 0.349885 0.227518
v 0.063780 -0.577157 0.130549 0.579916 0.352369 0.232771
v 0.106014 -0.582309 0.244908 0.580378 0.352858 0.232381
v 0.103175 -0.573291 0.121553 0.580861 0.353613 0.231932
v 0.124055 -0.581864 0.175404 0.581210 0.353395 0.231993
v 0.042286 -0.581369 0.190090 0.580489 0.352603 0.231918
v 0.064387 -0.583399 0.249576 0.579650 0.352475 0.231343
v 0.088324 -0.591960 -0.087867 0.577619 0.350666 0.229185
v 0.104988 -0.659832 -0.184821 0.569923 0.342390 0.220925
v 0.116296 -0.665174 -0.094050 0.577186 0.349896 0.228404
v 0.109735 -0.742409 -0.132494 0.570958 0.344235 0.223887
v 0.063810 -0.559812 -0.115893 0.578969 0.350338 0.228027
v 0.077268 -0.583135 -0.163715 0.577115 0.351119 0.227448
v -0.291106 -0.473349 0.336525 0.597208 0.364469 0.232118
v -0.326027 -0.368387 0.272490 0.630771 0.387442 0.243076
v -0.292224 -0.455366 0.276479 0.603580 0.370649 0.234508
v -0.313471 -0.409334 0.248221 0.617983 0.379504 0.240673
v -0.310337 -0.437977 0.363016 0.609654 0.372876 0.236504
v -0.323261 -0.379061 0.326420 0.626776 0.384861 0.242546
v -0.049287 -0.616101 0.442776 0.560522 0.338295 0.219535
v 0.049451 -0.616368 0.442414 0.560389 0.337460 0.219201
v -0.030444 -0.598711 0.506028 0.559620 0.337341 0.218067
v 0.030233 -0.598301 0.505988 0.559951 0.338037 0.217792
v -0.023163 -0.596154 0.379887 0.578387 0.351024 0.230731
v 0.023043 -0.596604 0.379844 0.577810 0.351210 0.232192
v -0.321989 -0.570598 0.543893 0.570481 0.345877 0.222854
v -0.322427 -0.401655 0.559938 0.618887 0.379402 0.239265
v -0.322440 -0.571938 0.619287 0.571963 0.346888 0.223371
v -0.319991 -0.470358 0.617844 0.596514 0.364498 0.232193
v -0.321251 -0.477584 0.489984 0.595682 0.363743 0.232788
v -0.325608 -0.408052 0.501345 0.618397 0.378415 0.239327
v -0.316125 -0.413306 -0.276232 0.616102 0.377508 0.239076
v -0.340920 -0.291056 -0.209688 0.653286 0.401843 0.250585
v -0.346121 -0.455482 -0.247001 0.602998 0.368755 0.234976
v -0.354491 -0.383613 -0.208297 0.624835 0.383465 0.241714
v -0.304086 -0.316120 -0.271358 0.645762 0.396549 0.248698
v -0.317968 -0.262692 -0.241704 0.661675 0.408368 0.253644
v -0.043995 -0.481770 -0.264007 0.586625 0.357098 0.229235
v 0.042969 -0.480482 -0.263803 0.587139 0.357540 0.230253
v -0.021483 -0.435704 -0.289750 0.604277 0.369876 0.235058
v 0.019752 -0.434792 -0.289505 0.604750 0.370750 0.234072
v -0.024282 -0.510818 -0.230393 0.582524 0.354379 0.229214
v 0.022655 -0.510554 -0.230259 0.582292 0.354645 0.229794
v -0.199074 -0.275063 -0.310879 0.657425 0.405326 0.252639
v -0.194412 -0.138148 -0.310953 0.698484 0.432444 0.266451
v -0.167058 -0.234062 -0.324481 0.670196 0.413530 0.256698
v -0.167409 -0.169098 -0.325598 0.689994 0.426832 0.263001
v -0.231603 -0.239242 -0.299851 0.668606 0.412846 0.255737
v -0.225497 -0.167681 -0.297879 0.689726 0.426767 0.262865
v -0.346103 -0.145137 -0.002890 0.697284 0.431694 0.265584
v -0.347837 -0.165411 0.072093 0.690260 0.426822 0.263249
v -0.349065 -0.212810 0.011218 0.676922 0.418140 0.258785
v -0.348482 -0.220870 0.050291 0.674912 0.416489 0.258307
v -0.343697 -0.088058 0.019962 0.714004 0.443158 0.272009
v -0.346523 -0.099151 0.056478 0.708498 0.438940 0.270639
v -0.289489 -0.066078 -0.202827 0.720255 0.446416 0.274271
v -0.253558 -0.026208 -0.253710 0.731306 0.454601 0.277798
v -0.289494 -0.014882 -0.211491 0.734263 0.456963 0.282003
v -0.279739 -0.003422 -0.244188 0.738132 0.459847 0.282851
v -0.284788 -0.110555 -0.232330 0.706723 0.437485 0.268924
v -0.261747 -0.087691 -0.255232 0.713613 0.442172 0.270932
v -0.365165 0.005879 -0.050934 0.734340 0.461021 0.289636
v -0.435849 0.037776 -0.024834 0.754343 0.484834 0.318087
v -0.392260 0.021206 -0.072179 0.753436 0.481858 0.313022
v -0.430534 0.033891 -0.059940 0.756041 0.485084 0.317450
v -0.369615 -0.000132 -0.016685 0.732269 0.459557 0.289402
v -0.402291 0.015667 -0.003572 0.750060 0.480478 0.313188
v -0.340938 -0.223991 0.317496 0.674003 0.414742 0.258171
v -0.334604 -0.228531 0.410788 0.672996 0.414412 0.256866
v -0.341844 -0.175722 0.324469 0.689594 0.426340 0.263422
v -0.337431 -0.178729 0.367682 0.688813 0.426662 0.262932
v -0.336059 -0.279756 0.355827 0.657536 0.404419 0.251719
v -0.334427 -0.282829 0.405944 0.657295 0.404445 0.252034
v -0.365636 -0.029147 0.120965 0.728610 0.458170 0.288417
v -0.411470 0.001557 0.075019 0.748081 0.481525 0.319595
v -0.382904 -0.012905 0.130507 0.741882 0.474899 0.311793
v -0.405319 -0.000876 0.107813 0.746295 0.480242 0.319100
v -0.367917 -0.021854 0.088051 0.729221 0.458803 0.288449
v -0.392861 -0.004436 0.064721 0.745023 0.477233 0.312748
v 0.290834 -0.474244 0.335319 0.597487 0.365202 0.232224
v 0.324139 -0.368982 0.272408 0.630020 0.386637 0.243537
v 0.291768 -0.456565 0.275037 0.603475 0.370151 0.235092
v 0.313207 -0.410866 0.247895 0.617110 0.379543 0.240068
v 0.309036 -0.438826 0.361791 0.609092 0.373207 0.236239
v 0.322286 -0.380091 0.325925 0.626825 0.384711 0.242263
v 0.321984 -0.572436 0.543459 0.569142 0.345445 0.222348
v 0.322643 -0.402150 0.559107 0.618269 0.379099 0.239471
v 0.322641 -0.573162 0.618012 0.570185 0.346237 0.223950
v 0.320287 -0.470813 0.616807 0.597276 0.364337 0.232029
v 0.320321 -0.478607 0.488721 0.596871 0.363930 0.232000
v 0.325949 -0.409196 0.500619 0.619383 0.378175 0.239187
v 0.317382 -0.416635 -0.276116 0.614360 0.377531 0.237855
v 0.341921 -0.292797 -0.208950 0.652757 0.401063 0.250665
v 0.346243 -0.459248 -0.246495 0.602418 0.368259 0.234650
v 0.354847 -0.386374 -0.207588 0.624300 0.382279 0.241753
v 0.305024 -0.318583 -0.270966 0.644701 0.396673 0.247707
v 0.319070 -0.264358 -0.241049 0.660786 0.406550 0.253569
v 0.198343 -0.276002 -0.310952 0.658209 0.404629 0.252449
v 0.194007 -0.138605 -0.311673 0.698834 0.432446 0.266356
v 0.166877 -0.235372 -0.325062 0.670165 0.413441 0.257100
v 0.166722 -0.170083 -0.326527 0.689856 0.426341 0.263818
v 0.231364 -0.240954 -0.299444 0.667512 0.412346 0.256371
v 0.224895 -0.168821 -0.297858 0.690620 0.426690 0.262933
v 0.347128 -0.147911 -0.001089 0.695790 0.430208 0.265331
v 0.348771 -0.168768 0.073232 0.689905 0.426601 0.263213
v 0.349540 -0.214799 0.012379 0.676242 0.417706 0.258863
v 0.348687 -0.223681 0.050970 0.673639 0.415878 0.257814
v 0.346188 -0.093489 0.021525 0.712194 0.441783 0.271385
v 0.348488 -0.104778 0.057058 0.707730 0.438951 0.270174
v 0.289539 -0.064057 -0.201730 0.720365 0.446949 0.274262
v 0.254457 -0.027362 -0.255804 0.730750 0.454785 0.277504
v 0.294385 -0.017497 -0.213116 0.732773 0.456109 0.282001
v 0.282415 -0.005365 -0.245911 0.737771 0.460114 0.283399
v 0.284512 -0.110991 -0.231842 0.706304 0.437513 0.268437
v 0.261975 -0.088687 -0.255783 0.712745 0.441716 0.271225
v 0.367708 -0.003227 -0.048147 0.733886 0.460585 0.289434
v 0.430639 0.024429 -0.028445 0.754538 0.485352 0.319106
v 0.396394 0.005248 -0.068870 0.750584 0.478294 0.308578
v 0.424236 0.015270 -0.057978 0.756503 0.485790 0.318070
v 0.371469 -0.006923 -0.014753 0.732194 0.460481 0.289706
v 0.402543 0.008823 -0.005908 0.745512 0.475906 0.308689
v 0.340785 -0.224340 0.316795 0.673219 0.415175 0.257866
v 0.335554 -0.228124 0.410059 0.671886 0.414793 0.256861
v 0.342592 -0.175606 0.322805 0.688461 0.425417 0.262866
v 0.338200 -0.177804 0.365927 0.687718 0.425215 0.263699
v 0.336477 -0.280209 0.355602 0.656888 0.405184 0.251858
v 0.334678 -0.283130 0.405554 0.656392 0.403691 0.251802
v 0.367749 -0.034223 0.118358 0.727318 0.457019 0.288811
v 0.411615 0.001901 0.072462 0.748218 0.481967 0.319958
v 0.384040 -0.017465 0.127117 0.738160 0.471394 0.307571
v 0.404943 -0.002929 0.104915 0.744270 0.479781 0.319751
v 0.369724 -0.027483 0.085883 0.728221 0.458360 0.288707
v 0.393983 -0.006656 0.061773 0.742280 0.473863 0.308561
v 0.119301 -0.057347 0.700130 0.725326 0.451748 0.275703
v 0.211092 -0.110235 0.676539 0.708649 0.440396 0.270414
v 0.113215 -0.110680 0.739347 0.715271 0.444541 0.273365
v 0.160474 -0.140505 0.722910 0.708265 0.439722 0.271087
v 0.161926 -0.032466 0.662177 0.724861 0.450936 0.275854
v 0.204208 -0.058446 0.648128 0.715952 0.445359 0.273226
v -0.123070 -0.065245 0.703171 0.722669 0.448509 0.274527
v -0.217832 -0.116535 0.673871 0.704092 0.436822 0.268385
v -0.122939 -0.126100 0.735338 0.711534 0.442171 0.271081
v -0.176405 -0.148747 0.716255 0.692488 0.428431 0.264079
v -0.164257 -0.037254 0.663299 0.721946 0.449112 0.275077
v -0.207138 -0.062974 0.647322 0.713065 0.443550 0.270809
v 0.108759 0.063709 0.582610 0.740903 0.467481 0.292169
v 0.159866 0.064957 0.502236 0.763883 0.514847 0.380065
v 0.100438 0.083698 0.540904 0.783332 0.552158 0.435696
v 0.125772 0.081460 0.503698 0.783354 0.552222 0.436845
v 0.147201 0.043442 0.584449 0.734226 0.460771 0.285050
v 0.172770 0.047292 0.540777 0.733291 0.461685 0.289187
v -0.107120 0.063533 0.584121 0.740546 0.466740 0.289630
v -0.158586 0.066128 0.502473 0.764766 0.515484 0.381336
v -0.099228 0.084203 0.541524 0.782568 0.550292 0.431642
v -0.124664 0.081596 0.504183 0.784295 0.553487 0.438275
v -0.145690 0.043340 0.586340 0.734904 0.461745 0.284387
v -0.171388 0.048259 0.541145 0.733786 0.461563 0.287830
v 0.278379 -0.048833 0.510550 0.701448 0.435925 0.269555
v 0.251650 0.005103 0.461805 0.716123 0.449582 0.283073
v 0.287631 -0.036636 0.458700 0.700147 0.436091 0.271594
v 0.276579 -0.011661 0.437880 0.707916 0.444373 0.280489
v 0.251986 -0.026259 0.540913 0.710011 0.442126 0.273480
v 0.237725 0.003349 0.511262 0.717922 0.448769 0.279495
v -0.277510 -0.048925 0.511214 0.703239 0.436728 0.269675
v -0.249059 0.006168 0.461050 0.716516 0.449064 0.281554
v -0.285573 -0.036963 0.458842 0.703059 0.437594 0.270778
v -0.274221 -0.010884 0.438091 0.708214 0.443171 0.279092
v -0.251338 -0.026921 0.541135 0.710923 0.441925 0.272322
v -0.235274 0.002433 0.510924 0.717652 0.448880 0.279478
v 0.109797 0.004510 -0.557050 0.746093 0.464597 0.282078
v 0.155993 0.010294 -0.471070 0.743709 0.462272 0.281553
v 0.095694 0.006438 -0.497904 0.743049 0.462751 0.280178
v 0.119010 0.006291 -0.459965 0.742447 0.461750 0.280999
v 0.154091 0.013715 -0.574561 0.748810 0.465964 0.282853
v 0.175055 0.018402 -0.524497 0.748095 0.466102 0.283485
v -0.103392 0.012341 -0.549837 0.746418 0.464309 0.282840
v -0.151921 0.008304 -0.469538 0.743219 0.462990 0.281170
v -0.092930 0.010768 -0.494560 0.743613 0.462862 0.280819
v -0.116789 0.006363 -0.457744 0.741633 0.461472 0.280727
v -0.144000 -0.002436 -0.570958 0.747417 0.465323 0.282678
v -0.168189 0.011032 -0.523467 0.746323 0.464794 0.283321
v 0.162911 0.066036 -0.753322 0.759496 0.472240 0.285994
v 0.273353 0.115947 -0.744624 0.774669 0.483247 0.292041
v 0.177671 0.120144 -0.798364 0.776311 0.484231 0.292630
v 0.237040 0.148985 -0.788165 0.784958 0.489586 0.295314
v 0.202087 0.046635 -0.705820 0.754731 0.470885 0.286149
v 0.253155 0.068055 -0.705514 0.764350 0.477423 0.288748
v -0.143971 0.076546 -0.728972 0.761793 0.475254 0.286702
v -0.258125 0.114782 -0.758987 0.773887 0.483251 0.291289
v -0.156017 0.127224 -0.768295 0.777492 0.485231 0.292717
v -0.219644 0.148664 -0.796431 0.784941 0.490188 0.295118
v -0.184359 0.038111 -0.707645 0.754293 0.470476 0.286247
v -0.236740 0.062145 -0.714621 0.760193 0.474264 0.286727
v 0.258740 0.050811 -0.467633 0.752239 0.471595 0.290758
v 0.288858 0.080346 -0.538324 0.769900 0.488124 0.306334
v 0.287731 0.064119 -0.454078 0.762703 0.482695 0.305065
v 0.298392 0.073567 -0.482953 0.768335 0.488440 0.309918
v 0.246384 0.048003 -0.520311 0.752733 0.471102 0.288260
v 0.265923 0.064420 -0.564721 0.764944 0.481637 0.299012
v -0.256869 0.045339 -0.469621 0.752315 0.470700 0.289487
v -0.286631 0.076225 -0.545132 0.768839 0.486654 0.305703
v -0.286988 0.058779 -0.456154 0.762439 0.483605 0.305899
v -0.297458 0.069312 -0.487190 0.767416 0.487026 0.308788
v -0.241453 0.041718 -0.523508 0.752765 0.470182 0.289426
v -0.261216 0.057896 -0.571700 0.763770 0.480745 0.298363
v -0.076948 0.374634 -0.151724 0.816407 0.574860 0.455902
v -0.096114 0.421135 -0.172096 0.818753 0.573353 0.451799
v -0.060456 0.423602 -0.155974 0.816613 0.577414 0.460189
v -0.081121 0.459704 -0.171189 0.818958 0.575214 0.454000
v -0.093479 0.284095 -0.134548 0.815633 0.572988 0.454434
v -0.066568 0.362918 -0.143688 0.815800 0.577725 0.460068
v -0.090118 0.260537 -0.121100 0.814770 0.574541 0.456267
v -0.128441 0.374355 -0.175903 0.820782 0.567007 0.438409
v -0.108668 0.454534 -0.188032 0.822355 0.571772 0.444358
v -0.149564 0.416855 -0.200842 0.826781 0.557698 0.412148
v -0.113985 0.287631 -0.144783 0.817182 0.571623 0.449493
v -0.151294 0.367073 -0.183536 0.825452 0.557219 0.410727
v -0.128394 0.267137 -0.143295 0.818517 0.566603 0.437115
v -0.111086 0.235699 -0.107428 0.814157 0.573922 0.454466
v -0.127598 0.237519 -0.119803 0.814806 0.570761 0.448893
v 0.079010 0.371004 -0.152331 0.815490 0.577518 0.461177
v 0.096319 0.411241 -0.168173 0.818070 0.577166 0.457819
v 0.064658 0.421438 -0.155139 0.815799 0.579806 0.462880
v 0.083620 0.452574 -0.167150 0.818656 0.578552 0.460385
v 0.096028 0.281335 -0.137046 0.814589 0.576780 0.459498
v 0.069766 0.360685 -0.144921 0.814486 0.578691 0.462622
v 0.092999 0.259792 -0.123847 0.814293 0.577210 0.461160
v 0.123343 0.360947 -0.170010 0.818895 0.574314 0.452015
v 0.104776 0.442973 -0.180214 0.820267 0.576392 0.455816
v 0.137836 0.399171 -0.187320 0.823938 0.567968 0.435451
v 0.115139 0.281026 -0.143010 0.816859 0.575401 0.454794
v 0.142488 0.349904 -0.176108 0.822955 0.566790 0.434467
v 0.130393 0.260034 -0.139822 0.816475 0.572424 0.450003
v 0.114770 0.234795 -0.108313 0.813967 0.576706 0.459410
v 0.132666 0.234621 -0.118004 0.814003 0.573386 0.454162
v -0.247851 -0.568305 0.026231 0.588533 0.359075 0.233176
v -0.277778 -0.641547 -0.017314 0.576170 0.349160 0.227209
v -0.216853 -0.584357 0.027489 0.581260 0.353679 0.232917
v -0.243733 -0.679968 -0.013794 0.574548 0.347687 0.225670
v -0.286866 -0.511547 0.058746 0.591201 0.360601 0.234033
v -0.225989 -0.549084 0.056650 0.585631 0.356687 0.234245
v -0.273577 -0.504294 0.098644 0.590443 0.360535 0.234483
v -0.331638 -0.585151 -0.038300 0.589602 0.358409 0.232338
v -0.285829 -0.714762 -0.041702 0.572763 0.345855 0.224735
v -0.343345 -0.625963 -0.084336 0.570664 0.345625 0.222192
v -0.322030 -0.494488 0.011958 0.597523 0.364011 0.234364
v -0.350353 -0.543854 -0.067964 0.596190 0.362119 0.232991
v -0.339252 -0.453448 -0.005053 0.603312 0.368773 0.234778
v -0.300980 -0.476256 0.088818 0.597759 0.365552 0.234242
v -0.331383 -0.445722 0.034594 0.603052 0.368631 0.236338
v 0.246287 -0.568455 0.027314 0.586260 0.357016 0.233442
v 0.276303 -0.640210 -0.016354 0.576567 0.350272 0.228471
v 0.215792 -0.584171 0.029061 0.582554 0.353478 0.232663
v 0.241418 -0.676278 -0.014167 0.576491 0.348870 0.228449
v 0.285662 -0.512183 0.059465 0.591600 0.360810 0.234307
v 0.224639 -0.548904 0.058083 0.586192 0.356598 0.233216
v 0.272747 -0.505017 0.099384 0.589912 0.360000 0.234296
v 0.330889 -0.585553 -0.037366 0.588720 0.358645 0.233161
v 0.284445 -0.714449 -0.040113 0.570892 0.344516 0.222656
v 0.342794 -0.626744 -0.083237 0.569783 0.343922 0.222773
v 0.321106 -0.495443 0.012531 0.597355 0.364886 0.234118
v 0.350100 -0.545178 -0.067245 0.595479 0.363927 0.232917
v 0.338213 -0.454558 -0.004445 0.602082 0.367826 0.235217
v 0.299891 -0.477708 0.089435 0.596340 0.364448 0.234477
v 0.329978 -0.446517 0.035195 0.602733 0.368233 0.235491
v -0.000302 -0.493159 0.688760 0.559140 0.338201 0.217057
v -0.074484 -0.448070 0.701379 0.568741 0.345483 0.221445
v -0.029949 -0.532734 0.674401 0.559047 0.337070 0.216950
v -0.114206 -0.502307 0.695350 0.568142 0.344635 0.221660
v 0.072864 -0.446707 0.702869 0.569150 0.344736 0.220497
v 0.030353 -0.532577 0.674425 0.559048 0.336775 0.217342
v 0.114356 -0.500962 0.696990 0.569459 0.345339 0.221288
v 0.039076 -0.353293 0.721650 0.610884 0.374660 0.235913
v -0.043430 -0.354986 0.721106 0.612103 0.375992 0.236509
v 0.038389 -0.295098 0.735447 0.650295 0.399970 0.249805
v -0.044550 -0.298040 0.735036 0.648977 0.399278 0.249453
v 0.126592 -0.436797 0.702771 0.606678 0.371677 0.235376
v 0.082511 -0.329196 0.723738 0.633885 0.389093 0.244067
v -0.128720 -0.438272 0.701942 0.606935 0.371950 0.235660
v -0.088353 -0.332770 0.722484 0.633201 0.389258 0.244026
v -0.001057 0.122377 0.326978 0.802478 0.581505 0.475054
v -0.034302 0.117419 0.358031 0.801100 0.580508 0.474563
v -0.013852 0.127640 0.294607 0.802899 0.581169 0.474420
v -0.049675 0.118955 0.330066 0.802406 0.580956 0.474629
v 0.032983 0.117841 0.357567 0.801402 0.581353 0.474947
v 0.010621 0.128129 0.294870 0.802964 0.582303 0.474965
v 0.047536 0.119240 0.331008 0.801910 0.581313 0.474174
v 0.021671 0.116769 0.410748 0.800724 0.580336 0.473882
v -0.022769 0.116361 0.410843 0.800908 0.580432 0.473697
v 0.025713 0.116556 0.444856 0.799888 0.580009 0.473509
v -0.025789 0.116403 0.444807 0.799802 0.579051 0.473232
v 0.058107 0.115353 0.361120 0.801931 0.580269 0.473990
v 0.047620 0.114846 0.420887 0.800510 0.579269 0.473099
v -0.059247 0.114991 0.361519 0.801537 0.579909 0.473867
v -0.048130 0.114419 0.420674 0.799942 0.579861 0.473024
v -0.001084 -0.212977 -0.392999 0.678634 0.419351 0.259606
v -0.038322 -0.163890 -0.392332 0.693447 0.428568 0.265483
v -0.016931 -0.254142 -0.381795 0.665479 0.409321 0.254808
v -0.057678 -0.198436 -0.381097 0.680631 0.420314 0.259486
v 0.034699 -0.164557 -0.393682 0.694071 0.429379 0.265294
v 0.014756 -0.254089 -0.381344 0.665541 0.410525 0.254249
v 0.055210 -0.199605 -0.383735 0.680946 0.419899 0.260083
v 0.019511 -0.095103 -0.403859 0.712749 0.441765 0.270341
v -0.023258 -0.095215 -0.402991 0.711546 0.441309 0.270353
v 0.020850 -0.054143 -0.411997 0.722720 0.448489 0.273791
v -0.025180 -0.053706 -0.411419 0.723264 0.448688 0.274298
v 0.061152 -0.149591 -0.384511 0.697330 0.430832 0.265412
v 0.043139 -0.076176 -0.400554 0.716788 0.444685 0.272228
v -0.063498 -0.149236 -0.382805 0.696883 0.430922 0.265761
v -0.046763 -0.075879 -0.399758 0.717361 0.444855 0.272588
v 0.003466 0.497763 -0.671548 0.888749 0.558374 0.329777
v -0.069856 0.439358 -0.695324 0.871015 0.547631 0.323809
v -0.029095 0.549739 -0.650302 0.904404 0.569687 0.334607
v -0.107843 0.481087 -0.675536 0.884652 0.555996 0.328156
v 0.079363 0.439191 -0.695040 0.872374 0.547721 0.324359
v 0.034233 0.549309 -0.649341 0.904065 0.569781 0.334777
v 0.116852 0.479960 -0.672070 0.883706 0.555926 0.327997
v 0.052485 0.354946 -0.741639 0.847103 0.530760 0.315524
v -0.039710 0.354902 -0.735314 0.846556 0.531424 0.315561
v 0.058618 0.304689 -0.777645 0.831562 0.520895 0.310641
v -0.043549 0.302256 -0.758996 0.830040 0.519931 0.310153
v 0.133058 0.420450 -0.697298 0.865979 0.543761 0.321814
v 0.105284 0.331365 -0.754295 0.839683 0.526559 0.313094
v -0.122482 0.421251 -0.698228 0.866289 0.543921 0.321969
v -0.091469 0.331484 -0.742463 0.838858 0.526158 0.313002
v 0.394482 0.026906 -0.275632 0.767920 0.493633 0.319440
v 0.409239 0.022953 -0.212546 0.766970 0.492979 0.320804
v 0.386865 0.037916 -0.271075 0.769708 0.494110 0.321243
v 0.410884 0.026713 -0.201639 0.768348 0.494205 0.322741
v 0.393751 0.021447 -0.255026 0.765194 0.490884 0.317804
v 0.407631 0.017077 -0.202366 0.766142 0.491324 0.320128
v 0.383281 0.023182 -0.233855 0.762252 0.487620 0.315536
v 0.406798 0.013141 -0.181791 0.764339 0.490427 0.319255
v 0.386155 0.025917 -0.303678 0.767852 0.492081 0.318483
v 0.378806 0.033729 -0.272576 0.762999 0.487918 0.314615
v 0.371251 0.036983 -0.329334 0.767304 0.490643 0.316755
v 0.380903 0.037010 -0.309723 0.768799 0.493613 0.320075
v 0.374314 0.033914 -0.341946 0.767900 0.491962 0.318470
v 0.419723 0.021682 -0.176066 0.767750 0.493019 0.322511
v 0.419353 0.014542 -0.167045 0.765049 0.491456 0.320162
v 0.384751 0.001126 0.252983 0.752708 0.501592 0.362197
v 0.411977 0.009795 0.209235 0.752398 0.500187 0.359437
v 0.389986 0.004353 0.243854 0.754767 0.503918 0.366430
v 0.417252 0.014358 0.198640 0.754331 0.502295 0.362260
v 0.370698 -0.014859 0.260783 0.742609 0.488172 0.338899
v 0.397119 -0.000816 0.213347 0.750933 0.497873 0.355018
v 0.363223 -0.022541 0.257237 0.712599 0.450448 0.290945
v 0.390600 -0.006534 0.205114 0.744968 0.488445 0.336800
v 0.361694 -0.011546 0.285175 0.749514 0.498112 0.357656
v 0.354105 -0.028197 0.287455 0.707596 0.446185 0.286478
v 0.345054 -0.022675 0.315543 0.738710 0.485852 0.341087
v 0.364702 0.001735 0.270193 0.754366 0.503633 0.366290
v 0.345189 -0.012118 0.308861 0.749502 0.499038 0.358627
v 0.423894 0.015208 0.181371 0.754485 0.500489 0.359127
v 0.408249 0.004029 0.184973 0.752074 0.497576 0.353787
v -0.398405 0.022600 -0.273913 0.767107 0.491755 0.318227
v -0.412016 0.015350 -0.208440 0.766052 0.491750 0.319169
v -0.387640 0.035202 -0.267377 0.769329 0.493150 0.319041
v -0.411564 0.017289 -0.195348 0.767118 0.492539 0.320464
v -0.388509 0.028026 -0.251822 0.764345 0.488655 0.317253
v -0.411779 0.017030 -0.199786 0.765163 0.489834 0.319391
v -0.378789 0.033027 -0.232615 0.761797 0.487222 0.314213
v -0.406244 0.025124 -0.180712 0.763580 0.489537 0.317831
v -0.385401 0.026344 -0.303312 0.766657 0.490162 0.317462
v -0.372546 0.040318 -0.270797 0.762346 0.486236 0.315752
v -0.372021 0.037298 -0.331429 0.765456 0.490221 0.315578
v -0.381910 0.037104 -0.308076 0.769341 0.492699 0.319389
v -0.371971 0.036549 -0.341229 0.767509 0.490953 0.317231
v -0.420793 0.013128 -0.170628 0.765971 0.491530 0.320814
v -0.420656 0.020598 -0.165559 0.764300 0.490867 0.319412
v -0.380603 0.008522 0.256432 0.752693 0.498978 0.357568
v -0.407559 0.014799 0.213976 0.753257 0.498553 0.355450
v -0.381098 0.011511 0.244215 0.754521 0.502355 0.361737
v -0.412820 0.018479 0.201481 0.753773 0.500440 0.358118
v -0.365622 -0.011018 0.265187 0.740205 0.482176 0.333490
v -0.394090 0.004605 0.217786 0.751091 0.495783 0.351699
v -0.358973 -0.019904 0.260625 0.710334 0.448725 0.286964
v -0.387289 0.000202 0.210257 0.742253 0.483016 0.331798
v -0.357091 -0.007917 0.288928 0.749898 0.497429 0.354562
v -0.349311 -0.027469 0.290871 0.707059 0.444582 0.282621
v -0.341363 -0.021076 0.318503 0.737627 0.482022 0.334273
v -0.359141 0.007683 0.271447 0.753670 0.500922 0.361596
v -0.340891 -0.008937 0.311135 0.749037 0.496778 0.355465
v -0.419893 0.018761 0.186247 0.752933 0.498841 0.355736
v -0.406499 0.009251 0.190398 0.751496 0.495589 0.349950
v 0.003022 0.559322 -0.104668 0.816072 0.582649 0.467436
v -0.001916 0.557402 -0.106596 0.818516 0.582497 0.465034
v -0.007944 0.547536 -0.114520 0.815845 0.581659 0.466944
v -0.019990 0.546209 -0.117579 0.817890 0.582019 0.464270
v 0.024654 0.559438 -0.107373 0.815822 0.582676 0.468311
v 0.024423 0.551553 -0.108943 0.819051 0.583696 0.466012
v 0.032993 0.558951 -0.109471 0.815713 0.582596 0.467745
v 0.041209 0.545084 -0.113187 0.818560 0.582856 0.465064
v 0.015547 0.558832 -0.107446 0.814855 0.582761 0.468642
v -0.003997 0.540356 -0.119730 0.814719 0.581926 0.467424
v 0.008296 0.524154 -0.134082 0.813871 0.582830 0.469236
v 0.007197 0.542234 -0.120297 0.820011 0.583044 0.463938
v -0.014064 0.538613 -0.126498 0.820025 0.582497 0.463415
v 0.000077 0.527621 -0.142304 0.823107 0.583787 0.461093
v 0.028807 0.553200 -0.113495 0.815125 0.582929 0.468399
v 0.010924 0.523591 -0.135092 0.814488 0.583058 0.469330
v 0.030949 0.534195 -0.124878 0.820441 0.583115 0.464167
v 0.007100 0.527582 -0.141029 0.822884 0.583162 0.461276
v -0.043141 0.232515 -0.101731 0.811577 0.580742 0.468965
v -0.100640 0.202434 0.012704 0.809410 0.578770 0.467314
v -0.045871 0.281873 -0.119883 0.812868 0.580356 0.467148
v -0.095931 0.211367 -0.036373 0.810564 0.578253 0.465510
v -0.051006 0.182709 0.098675 0.806901 0.581162 0.471782
v -0.098086 0.156944 0.176366 0.805561 0.579998 0.471571
v -0.047664 0.167424 0.162855 0.805369 0.581404 0.473867
v -0.089629 0.143379 0.222436 0.804926 0.580178 0.472691
v -0.023149 0.216715 -0.060387 0.809304 0.581580 0.471453
v -0.030271 0.322410 -0.136430 0.812730 0.580874 0.468632
v -0.011527 0.282921 -0.122201 0.811145 0.582022 0.471215
v -0.128775 0.169625 0.131212 0.806159 0.578579 0.469244
v -0.130076 0.191877 0.036617 0.808641 0.576727 0.464994
v -0.155695 0.157149 0.138859 0.805933 0.576413 0.466333
v -0.029939 0.188724 0.094069 0.807480 0.581771 0.473211
v -0.009626 0.223163 -0.067790 0.810182 0.582053 0.471643
v -0.114489 0.138758 0.220699 0.804696 0.579655 0.471558
v -0.149102 0.143424 0.179392 0.805106 0.577725 0.468282
v -0.180267 0.601100 -0.326212 0.911595 0.585784 0.355472
v -0.407953 0.629857 -0.404213 0.908722 0.579801 0.345021
v -0.165924 0.555116 -0.275922 0.902528 0.585115 0.361798
v -0.327068 0.593611 -0.315229 0.904523 0.577990 0.345866
v -0.196298 0.798525 -0.480733 0.915631 0.587564 0.353087
v -0.228040 0.608820 -0.530478 0.910182 0.578045 0.340685
v -0.138021 0.689309 -0.526116 0.916262 0.587558 0.350963
v -0.205723 0.589471 -0.573329 0.909605 0.576821 0.340532
v -0.138716 0.698691 -0.369604 0.914847 0.588879 0.356355
v -0.109001 0.557600 -0.262306 0.902848 0.583874 0.361133
v -0.081001 0.623034 -0.303614 0.911153 0.587748 0.357300
v -0.301121 0.569037 -0.471279 0.905137 0.572843 0.337688
v -0.464287 0.588082 -0.371003 0.904518 0.575081 0.340540
v -0.317828 0.507998 -0.441809 0.890581 0.560145 0.330012
v -0.110418 0.732673 -0.473829 0.915091 0.588827 0.353115
v -0.084912 0.687129 -0.360691 0.913639 0.588168 0.355276
v -0.248027 0.548163 -0.568063 0.905193 0.571586 0.336884
v -0.293881 0.506827 -0.496329 0.890578 0.561350 0.330377
v -0.221510 0.244426 -0.231751 0.836524 0.534282 0.329563
v -0.228987 0.150745 -0.145383 0.803431 0.521634 0.343264
v -0.209268 0.292713 -0.224016 0.837372 0.535678 0.333226
v -0.195565 0.184478 -0.144484 0.814173 0.529998 0.350510
v -0.294895 0.110491 -0.238777 0.804565 0.513843 0.325465
v -0.340518 0.063813 -0.152885 0.779162 0.502788 0.330494
v -0.328554 0.084115 -0.243575 0.784243 0.502374 0.323509
v -0.372095 0.042036 -0.158212 0.773757 0.497943 0.326533
v -0.245853 0.212536 -0.282056 0.836401 0.532080 0.325423
v -0.236668 0.332870 -0.274622 0.838510 0.534617 0.328879
v -0.256759 0.294676 -0.328686 0.838469 0.531862 0.323116
v -0.311181 0.079011 -0.106786 0.782531 0.508198 0.339796
v -0.238934 0.136483 -0.103403 0.794280 0.519955 0.352419
v -0.319188 0.067419 -0.064940 0.779308 0.508807 0.346235
v -0.296268 0.121166 -0.285741 0.814571 0.518869 0.322376
v -0.263109 0.231255 -0.330653 0.836978 0.531451 0.322331
v -0.382016 0.031593 -0.114015 0.773078 0.500120 0.331075
v -0.354780 0.047190 -0.069500 0.775898 0.505063 0.340946
v -0.238102 0.109640 0.075903 0.798049 0.558717 0.442334
v -0.268198 0.089649 0.047489 0.791324 0.547654 0.427530
v -0.206563 0.139581 0.032310 0.803313 0.564129 0.448018
v -0.232016 0.125191 0.004493 0.796709 0.553516 0.433043
v -0.322727 0.050292 0.171713 0.778079 0.534933 0.412503
v -0.364425 0.040307 0.134755 0.774369 0.527640 0.401675
v -0.345501 0.037638 0.195285 0.772080 0.527862 0.403469
v -0.394414 0.028203 0.159072 0.768043 0.520196 0.389531
v -0.265186 0.081427 0.147184 0.791318 0.552401 0.436766
v -0.209462 0.132206 0.070538 0.803257 0.566115 0.451538
v -0.235579 0.101048 0.146585 0.798853 0.563178 0.449506
v -0.338299 0.048955 0.080733 0.778935 0.532581 0.407000
v -0.264413 0.098538 0.011293 0.788584 0.541686 0.415825
v -0.338008 0.049539 0.048702 0.779913 0.528655 0.396152
v -0.314515 0.049789 0.203542 0.776514 0.534166 0.413030
v -0.260712 0.079239 0.181450 0.790729 0.552729 0.437627
v -0.400371 0.034643 0.128053 0.768658 0.520326 0.389315
v -0.372893 0.042317 0.073340 0.776613 0.526177 0.394629
v 0.047807 0.231389 -0.097557 0.810460 0.580812 0.470627
v 0.102547 0.202718 0.012321 0.809115 0.579701 0.468286
v 0.049401 0.278731 -0.117849 0.811839 0.580332 0.467460
v 0.097952 0.211351 -0.037042 0.810412 0.579168 0.466559
v 0.049870 0.182050 0.096780 0.807288 0.581499 0.473517
v 0.095214 0.160258 0.167887 0.805797 0.580345 0.471915
v 0.045179 0.164941 0.164277 0.806256 0.581462 0.473327
v 0.086605 0.145113 0.215153 0.804427 0.579998 0.473196
v 0.026690 0.217516 -0.059212 0.809179 0.582028 0.471288
v 0.035042 0.320721 -0.138019 0.812827 0.581270 0.470090
v 0.012846 0.280422 -0.128316 0.811087 0.582510 0.472268
v 0.027912 0.185625 0.090300 0.807097 0.582459 0.472830
v 0.008278 0.222309 -0.070558 0.809887 0.582330 0.472878
v 0.129949 0.170762 0.129958 0.806449 0.579128 0.469084
v 0.131635 0.190775 0.033930 0.808822 0.577867 0.466031
v 0.157281 0.157155 0.137578 0.806210 0.577405 0.467128
v 0.113461 0.140228 0.216137 0.804878 0.579852 0.471560
v 0.150350 0.143836 0.178309 0.805290 0.578119 0.469064
v 0.154340 0.585624 -0.310584 0.911463 0.586810 0.355889
v 0.279106 0.587549 -0.348554 0.909269 0.584043 0.353565
v 0.139667 0.538013 -0.261823 0.887662 0.580612 0.377007
v 0.232753 0.531027 -0.296296 0.906908 0.582894 0.354131
v 0.196902 0.797714 -0.482424 0.915405 0.588068 0.352967
v 0.218987 0.614546 -0.501834 0.912549 0.582573 0.344915
v 0.141136 0.692068 -0.525114 0.916436 0.587233 0.350997
v 0.207885 0.593099 -0.555703 0.911238 0.578294 0.340770
v 0.134370 0.695234 -0.365333 0.913908 0.588368 0.356238
v 0.097639 0.547033 -0.252728 0.889467 0.581769 0.377316
v 0.077219 0.618663 -0.299794 0.911835 0.586867 0.356576
v 0.111438 0.733431 -0.474448 0.915856 0.588509 0.353791
v 0.082618 0.684475 -0.360106 0.912454 0.588196 0.355875
v 0.329588 0.598535 -0.438460 0.907623 0.576464 0.339402
v 0.320044 0.550078 -0.326929 0.907407 0.583199 0.352667
v 0.443787 0.579119 -0.424606 0.904642 0.573841 0.337542
v 0.243296 0.548558 -0.533260 0.903107 0.569931 0.334750
v 0.326005 0.533059 -0.461055 0.897833 0.565408 0.332447
v 0.211544 0.242744 -0.213162 0.833598 0.536000 0.335981
v 0.230899 0.146288 -0.136978 0.799900 0.523424 0.352070
v 0.197137 0.284378 -0.203468 0.835367 0.538481 0.344247
v 0.199548 0.180355 -0.134212 0.810160 0.535218 0.368477
v 0.292503 0.106445 -0.237605 0.809912 0.517469 0.325117
v 0.344068 0.059588 -0.154923 0.779069 0.503919 0.332723
v 0.329493 0.079237 -0.245625 0.785083 0.503870 0.324200
v 0.378044 0.041671 -0.163736 0.773759 0.499461 0.328263
v 0.238905 0.220230 -0.268086 0.834480 0.531426 0.324889
v 0.220027 0.337616 -0.245663 0.837500 0.536506 0.334695
v 0.249846 0.321224 -0.306746 0.836199 0.531028 0.322623
v 0.314891 0.074340 -0.105518 0.780982 0.509398 0.344159
v 0.243474 0.132191 -0.097892 0.791308 0.524588 0.367818
v 0.324235 0.062962 -0.063456 0.778081 0.510946 0.350913
v 0.292337 0.120569 -0.285155 0.817277 0.520465 0.321275
v 0.256724 0.244954 -0.316803 0.836107 0.530274 0.321989
v 0.386823 0.035262 -0.120432 0.773380 0.500974 0.332845
v 0.361364 0.043196 -0.069791 0.775309 0.506778 0.345541
v 0.240203 0.107451 0.072832 0.795768 0.557701 0.441990
v 0.270930 0.087399 0.045477 0.788566 0.547013 0.427730
v 0.209045 0.137651 0.029023 0.803033 0.566869 0.451652
v 0.235664 0.122619 0.003279 0.794596 0.554032 0.435154
v 0.328096 0.046616 0.172276 0.778115 0.535761 0.414268
v 0.371328 0.036065 0.136790 0.773839 0.528776 0.403546
v 0.352648 0.031745 0.196107 0.772449 0.528564 0.405243
v 0.399981 0.024464 0.160534 0.770323 0.524624 0.397312
v 0.267987 0.078543 0.145532 0.789174 0.550821 0.434759
v 0.211395 0.130461 0.066621 0.802801 0.568027 0.454043
v 0.238165 0.098404 0.144850 0.796836 0.560329 0.447215
v 0.341811 0.047492 0.079501 0.778951 0.534596 0.410853
v 0.268163 0.095786 0.010591 0.787320 0.543478 0.420092
v 0.340599 0.047992 0.047566 0.779840 0.532793 0.404565
v 0.318614 0.045606 0.203000 0.777145 0.535111 0.415218
v 0.263746 0.076613 0.179971 0.788718 0.551012 0.435966
v 0.408855 0.029236 0.131922 0.771527 0.524349 0.396265
v 0.377123 0.037338 0.075371 0.776287 0.527835 0.400934
v -0.069672 -0.577089 0.035708 0.580234 0.352903 0.231761
v -0.083298 -0.581681 -0.030763 0.579710 0.351740 0.229879
v -0.112705 -0.578104 0.023100 0.579900 0.353054 0.231979
v -0.124592 -0.617176 -0.033702 0.579067 0.351176 0.229319
v 0.069633 -0.577958 0.037494 0.580952 0.352863 0.230699
v 0.084995 -0.582823 -0.029975 0.579380 0.351561 0.229833
v 0.112527 -0.579293 0.025263 0.580494 0.352920 0.231615
v 0.125493 -0.617836 -0.032523 0.578726 0.350951 0.228814
v 0.000034 -0.576882 0.082059 0.581075 0.353132 0.231820
v -0.086718 -0.573476 0.071545 0.580342 0.352584 0.231418
v -0.021996 -0.578990 0.134534 0.580276 0.352302 0.231424
v 0.000971 -0.553817 -0.051231 0.578437 0.351519 0.229027
v -0.108059 -0.611915 -0.061049 0.578829 0.350904 0.228910
v -0.033466 -0.548605 -0.079662 0.578746 0.351002 0.229461
v 0.086016 -0.572954 0.072429 0.580497 0.353151 0.232054
v 0.021398 -0.578844 0.135137 0.580532 0.352352 0.231384
v 0.108836 -0.612694 -0.060146 0.578253 0.351155 0.228586
v 0.035029 -0.549542 -0.079730 0.578386 0.350777 0.228598
v -0.169468 -0.563233 0.305981 0.579659 0.353030 0.230263
v -0.237430 -0.535904 0.337142 0.585810 0.356515 0.231097
v -0.183511 -0.553010 0.232362 0.584076 0.355767 0.232436
v -0.242449 -0.516043 0.266322 0.587423 0.357652 0.232335
v -0.127340 -0.752015 0.491838 0.557728 0.334875 0.217771
v -0.272893 -0.769970 0.536601 0.556321 0.334134 0.216116
v -0.095477 -0.762392 0.583917 0.556554 0.334609 0.215994
v -0.244132 -0.766222 0.646563 0.555386 0.332739 0.214367
v -0.110172 -0.584304 0.385516 0.577200 0.350496 0.230675
v -0.146284 -0.572178 0.240818 0.580083 0.353351 0.232035
v -0.087699 -0.586356 0.314787 0.578981 0.350847 0.231640
v -0.281327 -0.576225 0.436980 0.575098 0.349202 0.224978
v -0.267850 -0.498974 0.305778 0.591308 0.360959 0.231788
v -0.296300 -0.502059 0.400626 0.587390 0.358605 0.230055
v -0.076909 -0.667549 0.505446 0.558636 0.335692 0.217255
v -0.067988 -0.591572 0.382343 0.578465 0.351659 0.230433
v -0.310910 -0.691037 0.609468 0.556687 0.333450 0.215742
v -0.309131 -0.539243 0.468525 0.577077 0.351074 0.225702
v -0.194739 -0.729167 -0.280385 0.569064 0.342514 0.219802
v -0.282435 -0.578941 -0.300248 0.571046 0.344386 0.220786
v -0.224249 -0.782565 -0.230219 0.569356 0.342394 0.219642
v -0.319238 -0.639303 -0.276283 0.568305 0.342830 0.220030
v -0.104677 -0.443525 -0.295930 0.605269 0.370307 0.233847
v -0.157882 -0.372297 -0.311707 0.628163 0.385501 0.242276
v -0.079324 -0.389054 -0.315753 0.621651 0.381367 0.240962
v -0.129187 -0.321853 -0.327990 0.643200 0.395539 0.247591
v -0.111824 -0.566866 -0.256620 0.577033 0.349000 0.223820
v -0.143857 -0.758960 -0.217772 0.569515 0.342627 0.220163
v -0.091024 -0.593169 -0.215802 0.575371 0.348950 0.225006
v -0.235072 -0.405424 -0.297843 0.617939 0.379029 0.239765
v -0.322849 -0.522082 -0.280708 0.582656 0.355283 0.228105
v -0.274192 -0.365928 -0.288916 0.629466 0.386715 0.243042
v -0.062654 -0.439565 -0.292428 0.605396 0.369480 0.234339
v -0.068896 -0.531451 -0.239394 0.578943 0.352964 0.228823
v -0.164686 -0.302088 -0.320090 0.649616 0.400020 0.249784
v -0.234641 -0.318707 -0.298790 0.644744 0.395971 0.247785
v -0.355955 -0.244024 -0.136095 0.666707 0.411448 0.255538
v -0.352718 -0.192512 -0.066754 0.682256 0.421631 0.260497
v -0.362466 -0.325719 -0.127629 0.642614 0.395244 0.247202
v -0.355340 -0.265005 -0.054525 0.661009 0.407507 0.252850
v -0.310759 -0.036284 -0.148536 0.728669 0.452294 0.279437
v -0.332595 -0.009591 -0.098128 0.733413 0.458176 0.286019
v -0.322191 -0.002692 -0.165680 0.736692 0.460144 0.286546
v -0.353527 0.012458 -0.119038 0.738863 0.464253 0.291147
v -0.323188 -0.153990 -0.174740 0.694047 0.429286 0.264347
v -0.355860 -0.312383 -0.170467 0.645846 0.397474 0.248749
v -0.322223 -0.208498 -0.207048 0.677561 0.418696 0.258426
v -0.334501 -0.067119 -0.051232 0.719488 0.446679 0.275106
v -0.350290 -0.203296 -0.027717 0.679270 0.419339 0.259254
v -0.339211 -0.078002 -0.016030 0.716252 0.444080 0.273034
v -0.299010 -0.024737 -0.179391 0.731816 0.454713 0.281169
v -0.304489 -0.134947 -0.205117 0.700253 0.432861 0.267407
v -0.358856 0.010825 -0.085027 0.737286 0.463403 0.290257
v -0.338333 -0.017327 -0.030756 0.729602 0.455801 0.284797
v -0.338573 -0.305462 0.195830 0.649217 0.399192 0.249681
v -0.346077 -0.237742 0.130454 0.669814 0.412894 0.256552
v -0.333975 -0.353693 0.173217 0.635345 0.390055 0.245362
v -0.345429 -0.290918 0.108184 0.653891 0.402668 0.251405
v -0.348569 -0.161542 0.241723 0.692007 0.428234 0.263595
v -0.354928 -0.093341 0.177302 0.714848 0.445599 0.276113
v -0.350737 -0.117309 0.250215 0.700650 0.435420 0.269226
v -0.359819 -0.050867 0.186716 0.723938 0.455835 0.286579
v -0.339942 -0.264866 0.259840 0.660845 0.406886 0.254065
v -0.329529 -0.359875 0.221463 0.633219 0.389098 0.244403
v -0.332763 -0.321753 0.291985 0.643974 0.396118 0.247634
v -0.350829 -0.125531 0.128139 0.704325 0.436765 0.268491
v -0.347811 -0.228976 0.090034 0.672457 0.414758 0.257333
v -0.349282 -0.112537 0.091976 0.707585 0.438779 0.270091
v -0.345256 -0.169761 0.282654 0.690381 0.426299 0.263218
v -0.338474 -0.273017 0.307049 0.658349 0.405221 0.253073
v -0.363046 -0.036755 0.153697 0.726229 0.458032 0.287735
v -0.351960 -0.062245 0.109066 0.722550 0.452019 0.280123
v 0.170272 -0.565100 0.302006 0.580109 0.352501 0.230936
v 0.237508 -0.536022 0.333669 0.584894 0.355754 0.231401
v 0.183412 -0.556576 0.230090 0.583625 0.355564 0.233146
v 0.242876 -0.517332 0.264272 0.587732 0.358040 0.231649
v 0.129476 -0.754839 0.491439 0.557530 0.334621 0.216711
v 0.272442 -0.769820 0.535870 0.555708 0.333442 0.215301
v 0.095048 -0.762079 0.585690 0.555996 0.334783 0.216396
v 0.244317 -0.767308 0.644592 0.555983 0.333856 0.215314
v 0.111924 -0.583470 0.383780 0.577962 0.351450 0.231185
v 0.146167 -0.583062 0.235619 0.580988 0.352364 0.231673
v 0.087035 -0.584058 0.314490 0.578919 0.351850 0.231896
v 0.077480 -0.667858 0.506143 0.558280 0.336396 0.217811
v 0.067955 -0.591561 0.381695 0.578098 0.351108 0.230455
v 0.279845 -0.576071 0.435570 0.575933 0.349666 0.225199
v 0.267495 -0.499395 0.303629 0.589902 0.360799 0.231697
v 0.295231 -0.502889 0.398750 0.587268 0.358399 0.229153
v 0.310429 -0.692673 0.608993 0.556809 0.333667 0.214977
v 0.307783 -0.540114 0.466960 0.576997 0.350304 0.225930
v 0.190440 -0.727049 -0.280554 0.568160 0.342415 0.220351
v 0.282602 -0.582540 -0.300596 0.568073 0.343601 0.220549
v 0.222436 -0.782732 -0.230558 0.568805 0.343180 0.221459
v 0.318542 -0.644009 -0.276041 0.567277 0.341705 0.219881
v 0.103307 -0.443387 -0.295981 0.605529 0.370784 0.234840
v 0.157583 -0.372989 -0.311953 0.627181 0.385017 0.242388
v 0.077821 -0.389282 -0.315902 0.622971 0.381931 0.240394
v 0.127723 -0.322077 -0.328238 0.643669 0.395248 0.247618
v 0.109688 -0.563135 -0.255099 0.577920 0.350049 0.223856
v 0.135623 -0.751658 -0.216668 0.568148 0.343073 0.220456
v 0.089279 -0.589251 -0.214583 0.577602 0.349305 0.226108
v 0.061247 -0.438200 -0.291741 0.603384 0.368833 0.233647
v 0.066850 -0.529349 -0.238250 0.580741 0.352298 0.228812
v 0.234778 -0.406935 -0.297381 0.617912 0.378364 0.238965
v 0.322917 -0.526105 -0.280412 0.581103 0.354745 0.226579
v 0.274371 -0.368396 -0.288071 0.629519 0.386625 0.242741
v 0.164035 -0.303044 -0.320319 0.649476 0.399427 0.249134
v 0.234355 -0.320243 -0.299350 0.644553 0.396846 0.248202
v 0.356028 -0.245153 -0.135170 0.665941 0.410610 0.255341
v 0.353311 -0.193517 -0.065561 0.682078 0.421853 0.261191
v 0.362070 -0.327652 -0.127043 0.641058 0.394769 0.247452
v 0.356101 -0.267016 -0.053767 0.660290 0.406624 0.253589
v 0.313653 -0.033548 -0.147039 0.728632 0.452971 0.279573
v 0.336093 -0.010671 -0.095526 0.732890 0.457990 0.286068
v 0.327990 -0.006651 -0.164404 0.737144 0.460606 0.286616
v 0.359995 -0.001367 -0.116594 0.739666 0.463904 0.291071
v 0.324477 -0.154485 -0.173541 0.693795 0.429360 0.264596
v 0.356734 -0.314279 -0.169960 0.645859 0.397257 0.248094
v 0.322756 -0.209584 -0.206340 0.677841 0.418187 0.259146
v 0.335937 -0.067788 -0.048938 0.718430 0.445655 0.274491
v 0.351125 -0.205339 -0.026346 0.679113 0.419079 0.259659
v 0.340979 -0.080196 -0.013488 0.715076 0.444145 0.273180
v 0.303606 -0.026459 -0.178700 0.731488 0.455550 0.281476
v 0.305639 -0.134238 -0.204198 0.700188 0.434035 0.266216
v 0.364787 -0.002145 -0.082173 0.737900 0.464544 0.291238
v 0.341156 -0.022203 -0.026572 0.729219 0.455966 0.283881
v 0.338609 -0.307051 0.196102 0.648770 0.399354 0.249481
v 0.346102 -0.240273 0.130220 0.668821 0.412407 0.256504
v 0.333873 -0.355209 0.173370 0.634600 0.389834 0.244495
v 0.345286 -0.293391 0.109256 0.653197 0.401671 0.251193
v 0.347903 -0.162176 0.240239 0.690327 0.426843 0.263972
v 0.356620 -0.094952 0.174969 0.713642 0.445819 0.276098
v 0.351890 -0.117848 0.247377 0.700225 0.435689 0.269941
v 0.361898 -0.052994 0.182835 0.724720 0.455964 0.287573
v 0.339430 -0.266198 0.259417 0.660706 0.406614 0.253493
v 0.328199 -0.360745 0.221601 0.633095 0.388384 0.244281
v 0.332180 -0.322829 0.291612 0.643476 0.395934 0.247980
v 0.351587 -0.128796 0.127430 0.703382 0.436914 0.268951
v 0.347959 -0.231976 0.090148 0.670563 0.413418 0.256631
v 0.350215 -0.116325 0.092276 0.706116 0.437581 0.270029
v 0.346143 -0.170437 0.280826 0.688869 0.426549 0.263413
v 0.337451 -0.273792 0.306486 0.657995 0.405555 0.252486
v 0.365149 -0.040501 0.150132 0.725723 0.457474 0.287926
v 0.353495 -0.065216 0.108997 0.721058 0.450417 0.279491
v 0.038721 -0.056129 0.727758 0.726535 0.451781 0.275832
v -0.039412 -0.061995 0.731691 0.726222 0.451064 0.275806
v 0.035695 -0.107797 0.766055 0.686392 0.423682 0.260502
v -0.037716 -0.119604 0.777565 0.685904 0.422580 0.261229
v 0.037391 0.070183 0.603830 0.741274 0.466174 0.287564
v -0.035532 0.069960 0.604524 0.741196 0.466589 0.287834
v 0.034564 0.091245 0.559730 0.775229 0.531358 0.398804
v -0.033139 0.091228 0.559943 0.779543 0.540862 0.413532
v 0.079515 0.017185 0.661321 0.736526 0.459874 0.281202
v 0.075759 -0.081937 0.736025 0.722796 0.448753 0.274580
v 0.120141 -0.007101 0.665824 0.732314 0.456157 0.278518
v -0.078698 0.014697 0.663965 0.736533 0.459833 0.280761
v -0.077486 -0.096086 0.744074 0.718581 0.445524 0.273264
v -0.120608 -0.011503 0.668017 0.732473 0.456478 0.278910
v 0.071028 0.080066 0.574231 0.749260 0.479384 0.312505
v 0.115765 0.032957 0.625232 0.735946 0.460919 0.282232
v -0.069270 0.079900 0.574963 0.747740 0.477409 0.309025
v -0.114666 0.031557 0.627432 0.736395 0.461196 0.282673
v 0.295927 -0.301252 0.605769 0.644800 0.397433 0.248343
v 0.261370 -0.200925 0.650069 0.678877 0.419264 0.259635
v 0.275511 -0.345798 0.650608 0.637730 0.391702 0.245796
v 0.219053 -0.236822 0.686126 0.672085 0.414340 0.257437
v 0.329216 -0.168027 0.455793 0.690702 0.427189 0.264526
v 0.311426 -0.105931 0.491616 0.691973 0.428668 0.265046
v 0.330958 -0.128502 0.407450 0.691810 0.428607 0.265027
v 0.315460 -0.080907 0.439674 0.692890 0.429375 0.266193
v 0.323854 -0.272050 0.507058 0.662953 0.408878 0.254831
v 0.308201 -0.379848 0.610104 0.626147 0.384128 0.241826
v 0.325337 -0.338805 0.505617 0.639563 0.392897 0.246345
v 0.334231 -0.175713 0.410373 0.688598 0.426094 0.263125
v 0.331565 -0.281377 0.456463 0.657218 0.404315 0.252044
v 0.281262 -0.110286 0.589427 0.694710 0.430376 0.265043
v 0.214629 -0.170256 0.688559 0.692251 0.428258 0.264780
v 0.245055 -0.085103 0.623098 0.708890 0.439995 0.270806
v 0.299333 -0.067556 0.476595 0.693967 0.430189 0.265186
v 0.266169 -0.064232 0.567313 0.703718 0.436960 0.268906
v -0.295795 -0.302923 0.604159 0.642122 0.394946 0.247027
v -0.263950 -0.205386 0.645659 0.680334 0.419864 0.260250
v -0.276669 -0.348165 0.649594 0.638364 0.392006 0.245801
v -0.227137 -0.242901 0.682038 0.666193 0.410541 0.255038
v -0.328743 -0.169052 0.456697 0.691236 0.427276 0.264080
v -0.311472 -0.106538 0.492469 0.693513 0.429518 0.264745
v -0.329876 -0.130427 0.409479 0.694630 0.430342 0.265369
v -0.314306 -0.082165 0.440904 0.695068 0.431286 0.266291
v -0.323885 -0.272546 0.507218 0.662831 0.408312 0.254056
v -0.308235 -0.380487 0.610808 0.624753 0.382852 0.241421
v -0.324774 -0.338589 0.506062 0.639866 0.392766 0.245687
v -0.333796 -0.176549 0.411921 0.689683 0.426893 0.263734
v -0.330878 -0.280993 0.457141 0.657600 0.403656 0.251934
v -0.282407 -0.111740 0.588784 0.695735 0.430883 0.265517
v -0.223594 -0.176806 0.683443 0.685945 0.423849 0.261981
v -0.247860 -0.087804 0.622422 0.704359 0.438005 0.269279
v -0.298312 -0.067826 0.477598 0.696211 0.431140 0.266259
v -0.266922 -0.065133 0.566867 0.704164 0.437368 0.268756
v 0.174205 0.084042 0.360928 0.792670 0.564629 0.454264
v 0.167948 0.074237 0.427600 0.784907 0.553288 0.439171
v 0.144108 0.095822 0.364384 0.798810 0.575758 0.467318
v 0.136863 0.088558 0.432107 0.791939 0.564683 0.454339
v 0.262508 0.039641 0.333349 0.773105 0.533555 0.413430
v 0.255754 0.025606 0.393450 0.747898 0.500066 0.364556
v 0.290715 0.024590 0.319618 0.766366 0.525073 0.400971
v 0.281667 0.010655 0.374613 0.749038 0.497666 0.359312
v 0.220106 0.069184 0.318414 0.785806 0.553275 0.438893
v 0.161104 0.095845 0.331255 0.799918 0.574802 0.467326
v 0.205044 0.083956 0.290517 0.793556 0.564682 0.454060
v 0.280010 0.039188 0.299621 0.773048 0.534390 0.413997
v 0.235335 0.069208 0.284203 0.785958 0.552990 0.438695
v 0.211097 0.044100 0.450411 0.770495 0.531237 0.409849
v 0.147766 0.077287 0.465727 0.784582 0.552758 0.438472
v 0.193760 0.047136 0.495036 0.732004 0.463188 0.295201
v 0.265753 0.008305 0.416433 0.739345 0.487790 0.344254
v 0.224508 0.026106 0.480857 0.725611 0.457146 0.289594
v -0.172410 0.085406 0.360226 0.794016 0.566632 0.456526
v -0.166031 0.075215 0.426842 0.784805 0.554624 0.440931
v -0.143256 0.096932 0.364675 0.799045 0.575741 0.468641
v -0.135672 0.089002 0.431289 0.792119 0.567628 0.457877
v -0.256839 0.043573 0.331719 0.772823 0.533138 0.412187
v -0.251810 0.027567 0.391784 0.749667 0.499774 0.363584
v -0.283500 0.029851 0.317758 0.768501 0.524640 0.399909
v -0.277196 0.013006 0.373867 0.749563 0.497598 0.359533
v -0.216747 0.071976 0.317449 0.786896 0.555028 0.442306
v -0.159528 0.097051 0.329291 0.799500 0.576260 0.467770
v -0.202735 0.085814 0.289847 0.794559 0.566905 0.456382
v -0.273004 0.044216 0.297381 0.774535 0.533934 0.412496
v -0.231410 0.071961 0.283608 0.788190 0.554772 0.441828
v -0.208849 0.046306 0.449554 0.769275 0.530307 0.407804
v -0.146263 0.078070 0.465404 0.784762 0.554676 0.441130
v -0.191814 0.048356 0.494645 0.732791 0.462785 0.293876
v -0.262603 0.009907 0.415504 0.737979 0.483143 0.338704
v -0.222030 0.027742 0.480565 0.727310 0.458272 0.289418
v 0.037515 0.011579 -0.567050 0.745357 0.463887 0.281043
v -0.033971 0.021571 -0.561874 0.745627 0.463751 0.282172
v 0.031576 0.010924 -0.509357 0.743196 0.462177 0.281440
v -0.031271 0.014641 -0.507435 0.742852 0.462133 0.280478
v 0.057817 0.081742 -0.747623 0.763985 0.475465 0.287390
v -0.043025 0.094414 -0.722452 0.767681 0.478555 0.288870
v 0.063417 0.130298 -0.796493 0.778403 0.485199 0.292523
v -0.044754 0.139619 -0.757867 0.779460 0.486739 0.293151
v 0.089512 0.004414 -0.669057 0.750081 0.466439 0.282768
v 0.068533 0.005522 -0.534450 0.744594 0.463140 0.281822
v 0.126468 0.004666 -0.623455 0.748573 0.466950 0.282743
v -0.080716 0.041733 -0.642849 0.751597 0.467773 0.284316
v -0.065769 0.015960 -0.529111 0.744658 0.463047 0.281038
v -0.115422 0.020191 -0.610307 0.748563 0.465254 0.283154
v 0.115695 0.092566 -0.794579 0.768069 0.478966 0.289367
v 0.145328 0.025297 -0.693115 0.751686 0.468262 0.283408
v -0.096239 0.111511 -0.741168 0.772734 0.482465 0.291108
v -0.129154 0.042433 -0.671992 0.752745 0.469123 0.284997
v 0.164604 -0.050221 -0.327714 0.724518 0.449845 0.275021
v 0.157081 -0.004768 -0.386066 0.738015 0.458993 0.279871
v 0.140204 -0.080262 -0.344507 0.715848 0.443784 0.271802
v 0.123516 -0.012900 -0.380772 0.735985 0.457570 0.278716
v 0.254527 0.017320 -0.311726 0.741333 0.461598 0.282607
v 0.257875 0.042253 -0.384947 0.747350 0.468907 0.288762
v 0.287282 0.043265 -0.305514 0.744093 0.465992 0.287439
v 0.291949 0.063953 -0.378980 0.749691 0.470376 0.291388
v 0.211687 -0.042029 -0.293422 0.727884 0.451790 0.275450
v 0.165506 -0.108557 -0.326843 0.707466 0.437890 0.269577
v 0.216895 -0.102920 -0.294449 0.709076 0.439478 0.269181
v 0.269076 0.007461 -0.278441 0.739436 0.461089 0.283111
v 0.236859 -0.066178 -0.275790 0.719990 0.446916 0.273271
v 0.208461 0.021643 -0.431460 0.745780 0.464879 0.284159
v 0.139408 0.001896 -0.423310 0.740051 0.459803 0.279470
v 0.193036 0.020284 -0.476270 0.747162 0.466249 0.283244
v 0.273754 0.055062 -0.420808 0.751380 0.470626 0.290632
v 0.227123 0.034730 -0.476062 0.751456 0.469382 0.287279
v -0.164668 -0.049142 -0.326414 0.725139 0.449593 0.275019
v -0.156566 -0.004300 -0.383975 0.738537 0.458761 0.279083
v -0.140853 -0.079665 -0.343455 0.716273 0.443889 0.272578
v -0.123847 -0.011943 -0.379090 0.736392 0.458267 0.278510
v -0.256135 0.015017 -0.311389 0.740478 0.461866 0.283885
v -0.259053 0.036571 -0.385190 0.747272 0.468414 0.289537
v -0.289082 0.038661 -0.305343 0.747138 0.467395 0.288546
v -0.295263 0.058706 -0.379304 0.748441 0.469983 0.290720
v -0.212956 -0.042003 -0.292496 0.727480 0.451379 0.275410
v -0.166298 -0.108050 -0.325919 0.707758 0.438080 0.269515
v -0.217890 -0.101953 -0.293785 0.709327 0.439209 0.269561
v -0.269119 0.007126 -0.277321 0.739515 0.461519 0.284566
v -0.237830 -0.064922 -0.275010 0.720507 0.447066 0.273335
v -0.206488 0.018393 -0.431253 0.745892 0.464516 0.283689
v -0.136901 0.002081 -0.420435 0.740352 0.460568 0.280207
v -0.188362 0.016325 -0.476166 0.745377 0.465402 0.282869
v -0.274823 0.049641 -0.422067 0.750267 0.469854 0.290335
v -0.223597 0.029462 -0.476859 0.750831 0.467785 0.286746
v 0.295542 0.286972 -0.627328 0.825380 0.516586 0.308869
v 0.307417 0.202166 -0.709412 0.800534 0.499590 0.300285
v 0.273120 0.327794 -0.664263 0.839268 0.526012 0.313088
v 0.275418 0.240134 -0.748115 0.812118 0.507686 0.303893
v 0.312179 0.155085 -0.479445 0.815292 0.516382 0.317712
v 0.310563 0.113986 -0.523002 0.782214 0.497159 0.313318
v 0.321443 0.113694 -0.432634 0.787140 0.502750 0.320615
v 0.317939 0.087844 -0.470116 0.775559 0.494295 0.316602
v 0.297117 0.254884 -0.521100 0.828467 0.521468 0.314058
v 0.276577 0.349378 -0.605309 0.844738 0.530463 0.314865
v 0.287357 0.317446 -0.509108 0.835810 0.526147 0.316865
v 0.310818 0.155383 -0.430036 0.817442 0.519962 0.321318
v 0.291891 0.262365 -0.467288 0.834411 0.527394 0.317982
v 0.305529 0.121512 -0.637415 0.780781 0.489719 0.299205
v 0.283149 0.176119 -0.761033 0.792573 0.495006 0.296836
v 0.286808 0.096459 -0.680887 0.771666 0.482765 0.293235
v 0.305401 0.088819 -0.505992 0.773618 0.492025 0.312239
v 0.286339 0.087910 -0.605439 0.772152 0.485898 0.300249
v -0.295657 0.288024 -0.640820 0.825660 0.517322 0.308499
v -0.302502 0.204995 -0.724729 0.801433 0.501395 0.300634
v -0.266718 0.329705 -0.674846 0.838693 0.526007 0.312772
v -0.263601 0.242782 -0.761298 0.812348 0.509205 0.305054
v -0.312652 0.155891 -0.485498 0.813192 0.514294 0.316285
v -0.310566 0.114180 -0.529093 0.782879 0.497031 0.312303
v -0.322286 0.113481 -0.435113 0.787694 0.501362 0.319482
v -0.318613 0.088527 -0.472933 0.775127 0.493444 0.314500
v -0.298005 0.250583 -0.533179 0.826723 0.519714 0.313275
v -0.274348 0.347719 -0.619921 0.844202 0.529335 0.314570
v -0.287571 0.308463 -0.523923 0.834517 0.525747 0.316046
v -0.312558 0.154674 -0.434790 0.816192 0.518709 0.321293
v -0.293880 0.254405 -0.478758 0.834162 0.526717 0.317579
v -0.305217 0.120135 -0.651907 0.779238 0.488247 0.297933
v -0.269610 0.177866 -0.777267 0.792782 0.495774 0.298266
v -0.281360 0.091675 -0.699654 0.770204 0.480341 0.291898
v -0.305131 0.086820 -0.511269 0.773050 0.491348 0.311849
v -0.282090 0.083209 -0.616129 0.770011 0.484162 0.298123
v 0.454199 0.018775 -0.031273 0.764799 0.496520 0.333179
v 0.458258 0.031564 -0.034268 0.761155 0.492462 0.328107
v 0.451136 0.020370 -0.065221 0.765413 0.495514 0.329296
v 0.452066 0.024783 -0.063471 0.762249 0.491894 0.325377
v 0.443765 0.023011 0.064030 0.759730 0.500174 0.349698
v 0.439364 0.014896 0.064049 0.756494 0.493913 0.339219
v 0.440118 0.022844 0.094691 0.758186 0.500690 0.354763
v 0.432839 0.013268 0.095715 0.754454 0.495054 0.344829
v 0.446437 0.022851 0.017837 0.763800 0.500327 0.344606
v 0.449129 0.016940 -0.047466 0.766406 0.497670 0.333514
v 0.441283 0.023880 0.002160 0.766436 0.502164 0.345201
v 0.441166 0.027419 0.081630 0.760183 0.503696 0.357827
v 0.440802 0.031075 0.034955 0.764943 0.503513 0.350753
v 0.442630 0.024191 0.016332 0.755708 0.489245 0.328191
v 0.452876 0.030486 -0.046969 0.759332 0.489938 0.323832
v 0.439508 0.035487 -0.000799 0.752088 0.483984 0.319821
v 0.425705 0.008201 0.083624 0.751574 0.488255 0.332700
v 0.420379 0.012180 0.037761 0.750208 0.482958 0.320080
v -0.452008 0.014334 -0.029267 0.763555 0.494719 0.330826
v -0.451990 0.023533 -0.030177 0.760571 0.490928 0.325877
v -0.450964 0.013475 -0.062749 0.764771 0.493529 0.327212
v -0.451932 0.025282 -0.063470 0.761479 0.490694 0.323419
v -0.442884 0.020863 0.066419 0.759689 0.497811 0.345033
v -0.438991 0.012505 0.066557 0.756385 0.492862 0.337244
v -0.440059 0.022463 0.097622 0.756728 0.498231 0.349684
v -0.433414 0.013770 0.098477 0.755413 0.493795 0.341595
v -0.445192 0.018557 0.020170 0.763362 0.498614 0.341896
v -0.447808 0.009045 -0.043599 0.766273 0.496179 0.331426
v -0.442823 0.016075 0.005678 0.766445 0.500738 0.342374
v -0.441061 0.026179 0.083266 0.759744 0.499805 0.351090
v -0.440178 0.026071 0.036276 0.764252 0.500872 0.346294
v -0.442937 0.017611 0.020358 0.754672 0.487208 0.324916
v -0.446382 0.031255 -0.045315 0.758671 0.488436 0.321897
v -0.434615 0.027097 0.007843 0.752128 0.483769 0.318537
v -0.425740 0.007303 0.086184 0.750740 0.486559 0.328400
v -0.419646 0.009344 0.041787 0.750417 0.482929 0.319239
v -0.037860 0.475609 -0.159303 0.814827 0.580282 0.465455
v -0.042590 0.399233 -0.149748 0.814590 0.579665 0.465408
v -0.062517 0.508322 -0.162646 0.820684 0.580087 0.458716
v -0.094003 0.504095 -0.196432 0.826989 0.577071 0.447020
v -0.027743 0.464229 -0.166352 0.814232 0.580937 0.467485
v -0.056217 0.512170 -0.171155 0.824082 0.581330 0.455892
v -0.119218 0.206400 -0.049271 0.810862 0.575224 0.459956
v -0.146304 0.188970 -0.029809 0.810602 0.572658 0.456185
v -0.151240 0.180149 0.008460 0.808918 0.573719 0.459073
v -0.222553 0.468978 -0.274440 0.852157 0.547834 0.343351
v -0.210519 0.402821 -0.243960 0.838470 0.538827 0.338850
v -0.268161 0.457613 -0.304668 0.852239 0.545781 0.337824
v -0.179397 0.195719 -0.107649 0.813495 0.551473 0.407607
v -0.188500 0.176693 -0.072700 0.806611 0.557721 0.429900
v -0.218157 0.151180 -0.067022 0.797283 0.540537 0.401484
v 0.046117 0.473697 -0.152984 0.815498 0.581469 0.466814
v 0.050063 0.396317 -0.144173 0.814137 0.580466 0.466715
v 0.071791 0.503153 -0.160270 0.820197 0.581594 0.462067
v 0.093765 0.496771 -0.190516 0.825361 0.579488 0.454270
v 0.037377 0.463681 -0.157280 0.813662 0.581557 0.468185
v 0.065213 0.510513 -0.171101 0.823153 0.581912 0.459891
v 0.122118 0.206002 -0.051728 0.811028 0.577596 0.462887
v 0.149469 0.188281 -0.031777 0.809744 0.575345 0.460693
v 0.153629 0.179053 0.005106 0.808927 0.575548 0.461796
v 0.188925 0.440772 -0.237619 0.844934 0.551754 0.369390
v 0.184201 0.385074 -0.214261 0.835610 0.546027 0.364542
v 0.216749 0.441014 -0.261798 0.845464 0.544856 0.347400
v 0.183997 0.190877 -0.102790 0.810161 0.559191 0.427629
v 0.193116 0.173392 -0.070460 0.806188 0.563140 0.440702
v 0.222392 0.147377 -0.064082 0.795722 0.546641 0.415662
v -0.159530 -0.561620 0.055509 0.580347 0.353168 0.233469
v -0.177615 -0.555606 0.111278 0.581019 0.353875 0.233266
v -0.176962 -0.748964 -0.044160 0.573789 0.347043 0.225365
v -0.214248 -0.791379 -0.095218 0.569687 0.344888 0.222201
v -0.142636 -0.566772 0.115089 0.579740 0.353269 0.233305
v -0.155210 -0.738405 -0.097094 0.574060 0.346385 0.226102
v -0.280221 -0.475334 0.184972 0.597229 0.364496 0.233656
v -0.306649 -0.440363 0.166659 0.603723 0.370360 0.235680
v -0.298396 -0.444879 0.219520 0.604418 0.370189 0.237064
v -0.367358 -0.590356 -0.188082 0.570614 0.344291 0.222022
v -0.366390 -0.490899 -0.148153 0.595004 0.362373 0.231386
v -0.365253 -0.485938 -0.203729 0.593930 0.362962 0.231627
v -0.351517 -0.337986 0.001829 0.640061 0.393558 0.245859
v -0.347989 -0.341279 0.042891 0.638620 0.392139 0.246682
v -0.349593 -0.278335 0.026733 0.657078 0.404883 0.252912
v 0.158161 -0.561934 0.055729 0.580481 0.353770 0.231789
v 0.175897 -0.556711 0.112015 0.581790 0.353861 0.232422
v 0.176915 -0.745035 -0.042699 0.573452 0.347605 0.226079
v 0.211831 -0.791131 -0.094548 0.569961 0.344418 0.222417
v 0.141068 -0.567364 0.115106 0.580079 0.353205 0.232492
v 0.154087 -0.736083 -0.096235 0.573010 0.346230 0.225408
v 0.279622 -0.476419 0.185127 0.596615 0.364390 0.234304
v 0.305939 -0.442060 0.166743 0.603733 0.369497 0.236300
v 0.297271 -0.446207 0.218853 0.603979 0.369525 0.235669
v 0.366959 -0.592187 -0.187763 0.568446 0.342763 0.222569
v 0.366086 -0.492969 -0.147825 0.593279 0.362420 0.230959
v 0.365649 -0.489456 -0.203865 0.594374 0.362067 0.230664
v 0.350475 -0.339433 0.002838 0.638653 0.392377 0.245650
v 0.347216 -0.342649 0.043787 0.638662 0.392731 0.246534
v 0.350019 -0.280511 0.027616 0.656386 0.404275 0.252414
v -0.034782 -0.572862 0.614215 0.558024 0.335802 0.217279
v 0.034928 -0.572528 0.614516 0.556914 0.335506 0.216396
v -0.236699 -0.573280 0.698432 0.566695 0.344109 0.222310
v -0.242958 -0.474982 0.689108 0.596020 0.364301 0.231919
v 0.000436 -0.563575 0.562022 0.557669 0.334453 0.216998
v -0.293908 -0.534415 0.667904 0.577987 0.352024 0.225827
v 0.239166 -0.573551 0.697933 0.566795 0.344280 0.221906
v 0.243710 -0.474084 0.688600 0.596964 0.364643 0.232324
v 0.294935 -0.534538 0.666965 0.577653 0.352319 0.226196
v 0.071119 -0.200580 0.763461 0.685195 0.422906 0.261785
v 0.117090 -0.235140 0.742751 0.684711 0.423458 0.262991
v -0.081497 -0.214948 0.756874 0.684730 0.423484 0.261782
v -0.131902 -0.245150 0.728775 0.679843 0.419720 0.260284
v 0.091770 -0.168353 0.795811 0.691039 0.428262 0.264472
v -0.125575 -0.185362 0.743675 0.686854 0.425157 0.263044
v -0.014392 0.151098 0.215662 0.804459 0.581518 0.474644
v 0.010053 0.149279 0.219261 0.805479 0.581600 0.474213
v -0.090977 0.119814 0.299469 0.802804 0.580733 0.473757
v -0.103006 0.111888 0.332713 0.801465 0.579273 0.472345
v -0.002319 0.173082 0.164242 0.806217 0.581649 0.474068
v -0.118375 0.115855 0.298510 0.801887 0.578937 0.472365
v 0.089049 0.120600 0.296222 0.803539 0.580275 0.473724
v 0.102375 0.111850 0.332385 0.801731 0.580183 0.473258
v 0.117008 0.116166 0.296036 0.802579 0.579416 0.471884
v 0.059544 0.105902 0.493273 0.797424 0.575585 0.468382
v 0.084048 0.104402 0.464027 0.797264 0.575817 0.467973
v -0.058951 0.106356 0.493293 0.797665 0.576146 0.468604
v -0.084135 0.105406 0.464804 0.797567 0.576166 0.469023
v 0.092064 0.095557 0.500906 0.790083 0.564756 0.452617
v -0.091350 0.096031 0.501392 0.792426 0.567180 0.456611
v -0.019189 -0.343627 -0.338914 0.636894 0.391245 0.245706
v 0.017382 -0.343762 -0.339068 0.637885 0.391652 0.245893
v -0.108621 -0.218894 -0.353242 0.675033 0.417128 0.258186
v -0.112948 -0.161385 -0.354924 0.691741 0.427553 0.264100
v -0.000526 -0.389839 -0.314716 0.621494 0.381203 0.240788
v -0.138995 -0.196662 -0.339424 0.682417 0.420945 0.260312
v 0.107916 -0.220431 -0.354382 0.674872 0.416954 0.258546
v 0.111809 -0.162285 -0.356960 0.691648 0.427470 0.264104
v 0.137696 -0.197647 -0.340233 0.680475 0.421176 0.260569
v 0.049948 0.001977 -0.431901 0.739428 0.460067 0.279344
v 0.072472 -0.011431 -0.408311 0.735698 0.457408 0.279143
v -0.053413 0.002334 -0.431387 0.739858 0.459596 0.279610
v -0.074835 -0.010433 -0.406592 0.738189 0.458892 0.279499
v 0.082539 0.006556 -0.444860 0.740876 0.460293 0.280267
v -0.083320 0.007877 -0.442880 0.740470 0.460735 0.280071
v -0.037873 0.659205 -0.588088 0.915488 0.583807 0.344947
v 0.036316 0.648056 -0.579625 0.914778 0.584472 0.344645
v -0.200421 0.500903 -0.651337 0.889865 0.560119 0.329824
v -0.211084 0.431720 -0.670630 0.868904 0.546371 0.322881
v 0.000090 0.689107 -0.530845 0.915778 0.586892 0.350187
v -0.241764 0.463867 -0.638739 0.878872 0.553303 0.326461
v 0.215405 0.502994 -0.644593 0.891238 0.560519 0.330576
v 0.223625 0.433508 -0.665284 0.870356 0.546668 0.322752
v 0.245955 0.461651 -0.620334 0.878423 0.551901 0.325811
v 0.125039 0.217688 -0.823033 0.805616 0.504082 0.301608
v 0.181206 0.247209 -0.803568 0.814801 0.509512 0.304631
v -0.102083 0.218362 -0.774556 0.804176 0.502284 0.301529
v -0.159346 0.246650 -0.776950 0.812994 0.508564 0.304491
v 0.185786 0.183166 -0.816419 0.795008 0.496128 0.298610
v -0.162270 0.186459 -0.785536 0.794539 0.496883 0.298580
v 0.348910 0.071416 -0.300292 0.774978 0.496964 0.322606
v 0.343820 0.072535 -0.345436 0.775355 0.496894 0.321580
v 0.424253 0.024464 -0.146619 0.769216 0.495831 0.325384
v 0.434435 0.021610 -0.122133 0.767800 0.494828 0.325848
v 0.324390 0.103855 -0.340180 0.787032 0.503108 0.322819
v 0.433992 0.021754 -0.105344 0.768709 0.497086 0.328845
v 0.339618 0.018098 -0.223027 0.743876 0.467238 0.292476
v 0.332057 0.035911 -0.260060 0.745673 0.468636 0.292923
v 0.412026 0.003859 -0.123994 0.759637 0.486436 0.316254
v 0.432169 0.008991 -0.109542 0.762642 0.489656 0.320625
v 0.311599 0.009348 -0.235384 0.741515 0.463916 0.288352
v 0.424542 0.004026 -0.088179 0.758091 0.486037 0.316833
v 0.331551 0.063087 -0.391648 0.766078 0.488635 0.313329
v 0.333943 0.062120 -0.409178 0.768256 0.490390 0.316126
v 0.312820 0.068726 -0.434327 0.766078 0.488418 0.312102
v 0.354633 0.017500 0.244298 0.767582 0.523693 0.396745
v 0.335398 0.015866 0.273040 0.766205 0.522185 0.395759
v 0.428922 0.023403 0.158931 0.758806 0.506760 0.367772
v 0.435764 0.025050 0.140574 0.756593 0.502990 0.362332
v 0.324927 0.028429 0.255643 0.770078 0.527532 0.404262
v 0.435360 0.028939 0.130549 0.760170 0.506046 0.366669
v 0.347839 -0.082082 0.286251 0.696247 0.432000 0.267544
v 0.341596 -0.086875 0.323259 0.694588 0.431174 0.267120
v 0.390487 -0.010100 0.167380 0.741186 0.477736 0.319110
v 0.409390 0.002121 0.145227 0.748473 0.486979 0.334810
v 0.342249 -0.129665 0.324852 0.693786 0.430749 0.265756
v 0.397430 -0.006715 0.136316 0.742925 0.478767 0.319730
v 0.317242 -0.033937 0.381937 0.704325 0.441571 0.281858
v 0.310800 -0.016148 0.368906 0.738309 0.484633 0.342322
v 0.298296 -0.025208 0.410850 0.706256 0.443376 0.280851
v -0.349150 0.071778 -0.297791 0.774538 0.496200 0.320856
v -0.343629 0.073191 -0.343345 0.775839 0.495667 0.320138
v -0.419051 0.006361 -0.135822 0.769559 0.494445 0.324515
v -0.432235 0.007616 -0.115488 0.766787 0.493848 0.324440
v -0.326212 0.102338 -0.339242 0.785546 0.503377 0.322193
v -0.428438 0.005243 -0.096891 0.768447 0.496288 0.327363
v -0.336047 0.025030 -0.223669 0.743319 0.467533 0.292308
v -0.329280 0.042000 -0.260501 0.747105 0.468771 0.291582
v -0.405275 0.027058 -0.126019 0.758952 0.486258 0.316157
v -0.431401 0.028855 -0.112148 0.761542 0.488797 0.319588
v -0.308003 0.014208 -0.234601 0.740030 0.462166 0.286847
v -0.415395 0.028014 -0.092474 0.757770 0.485789 0.316769
v -0.333873 0.060074 -0.393524 0.764521 0.488131 0.311718
v -0.334741 0.059640 -0.411211 0.768108 0.489450 0.314709
v -0.313185 0.063850 -0.436675 0.766093 0.487261 0.310850
v -0.344620 0.024693 0.242459 0.766570 0.519549 0.390398
v -0.327740 0.021805 0.271875 0.764054 0.517181 0.388755
v -0.426930 0.025726 0.160413 0.757536 0.502669 0.362098
v -0.433376 0.025882 0.143880 0.755923 0.500695 0.356386
v -0.317408 0.034319 0.254825 0.770569 0.527596 0.403221
v -0.433881 0.029444 0.131106 0.757660 0.502890 0.360483
v -0.345606 -0.083535 0.289892 0.699107 0.433807 0.268812
v -0.339433 -0.088575 0.326290 0.696085 0.432580 0.267433
v -0.388583 -0.006658 0.171919 0.742094 0.477577 0.318343
v -0.409319 0.005506 0.150074 0.748684 0.485833 0.329460
v -0.340991 -0.130783 0.327139 0.695909 0.432258 0.267944
v -0.397598 -0.003207 0.140063 0.744145 0.479004 0.318630
v -0.314098 -0.034255 0.383916 0.704201 0.440700 0.278504
v -0.307807 -0.014913 0.370302 0.735633 0.481792 0.335834
v -0.295890 -0.025136 0.412182 0.705860 0.441036 0.278472
v 0.000040 0.378671 -0.142336 0.811935 0.582586 0.471250
v 0.005045 0.379138 -0.143402 0.812012 0.582885 0.471629
v 0.001226 0.289900 -0.123891 0.811337 0.582498 0.471290
v -0.012952 0.567795 -0.229002 0.892732 0.584881 0.377313
v 0.010478 0.564321 -0.226753 0.892790 0.584597 0.377777
v -0.001051 0.620307 -0.273783 0.912766 0.588316 0.356769
v -0.203431 0.113625 0.183560 0.802531 0.571259 0.460554
v -0.196769 0.106094 0.222530 0.802247 0.572639 0.463290
v -0.225338 0.091029 0.220914 0.797642 0.565279 0.454250
v -0.276924 0.379801 -0.419571 0.847251 0.534068 0.318896
v -0.280830 0.375825 -0.465607 0.848227 0.533791 0.317710
v -0.278522 0.312002 -0.423110 0.838522 0.528635 0.319396
v -0.365988 0.044007 0.003924 0.773590 0.508304 0.353549
v -0.398214 0.032487 -0.004358 0.771137 0.504838 0.346708
v -0.402218 0.037219 0.029650 0.771131 0.506701 0.352875
v 0.205070 0.112147 0.181620 0.802550 0.571087 0.460078
v 0.197742 0.105802 0.219396 0.801957 0.572195 0.462493
v 0.227694 0.088583 0.219312 0.795974 0.563399 0.451128
v 0.278361 0.429291 -0.400309 0.854399 0.537814 0.321042
v 0.279810 0.409478 -0.447357 0.854599 0.538209 0.320176
v 0.276474 0.338374 -0.407627 0.837779 0.528197 0.318487
v 0.369550 0.042986 0.004134 0.775611 0.515900 0.367882
v 0.399572 0.037157 -0.006087 0.772258 0.507643 0.351044
v 0.401863 0.039953 0.028462 0.773420 0.514299 0.367340
v -0.021918 -0.585817 0.251833 0.579998 0.352835 0.231552
v 0.021219 -0.585056 0.252075 0.579850 0.352055 0.231039
v -0.000462 -0.589444 0.315866 0.579632 0.351440 0.231481
v -0.032205 -0.534122 -0.149203 0.578409 0.350787 0.229175
v 0.032214 -0.534195 -0.149393 0.577936 0.351570 0.227424
v -0.000343 -0.525167 -0.190617 0.578823 0.351617 0.228729
v -0.323156 -0.391854 0.383069 0.622423 0.381813 0.240776
v -0.324954 -0.402783 0.441767 0.619188 0.379492 0.239330
v -0.330222 -0.338577 0.396876 0.639134 0.392082 0.246534
v -0.293794 -0.228123 -0.269938 0.670635 0.414463 0.257163
v -0.262239 -0.195086 -0.288841 0.681432 0.421224 0.260588
v -0.278111 -0.152558 -0.263181 0.693290 0.429403 0.264269
v -0.346355 -0.034605 0.041162 0.727459 0.453701 0.283517
v -0.371043 -0.005755 0.018800 0.732302 0.459359 0.289112
v -0.369787 -0.013295 0.054102 0.730585 0.458968 0.289136
v 0.322258 -0.392598 0.381970 0.622395 0.381982 0.241030
v 0.324317 -0.403811 0.440529 0.618587 0.379517 0.239620
v 0.329824 -0.339069 0.396593 0.638480 0.392056 0.246510
v 0.294157 -0.230570 -0.269201 0.672879 0.413194 0.256926
v 0.263239 -0.197007 -0.289273 0.680197 0.420856 0.260417
v 0.278168 -0.154501 -0.263014 0.693116 0.428724 0.264598
v 0.349015 -0.041625 0.042491 0.723641 0.452023 0.281770
v 0.373177 -0.012731 0.018643 0.731643 0.458909 0.289474
v 0.372116 -0.017820 0.052576 0.730094 0.458925 0.289329
v 0.196480 -0.013242 0.616819 0.723537 0.450404 0.276348
v 0.184893 0.020889 0.578562 0.730149 0.457121 0.282154
v 0.220797 -0.002015 0.564376 0.719540 0.449252 0.278344
v -0.197031 -0.015107 0.617583 0.720743 0.450586 0.275683
v -0.184080 0.020892 0.580038 0.730867 0.458127 0.281979
v -0.219951 -0.002525 0.564804 0.718830 0.449020 0.276265
v 0.198015 0.027102 -0.583652 0.751746 0.468910 0.284621
v 0.228878 0.036039 -0.651239 0.753487 0.470247 0.285674
v 0.236391 0.044673 -0.580596 0.754411 0.471578 0.287943
v -0.187452 0.013095 -0.585061 0.751362 0.468135 0.284950
v -0.210929 0.028220 -0.653161 0.753919 0.470145 0.285984
v -0.226860 0.036422 -0.584988 0.754232 0.470432 0.286261
f 1 647 644
f 1 644 643
f 1 643 645
f 1 645 646
f 1 646 647
f 2 649 652
f 6 672 670
f 12 702 699
f 11 696 695
f 8 679 681
f 4 662 659
f 4 659 658
f 4 658 660
f 4 660 661
f 4 661 662
f 5 666 665
f 3 654 657
f 7 673 677
f 9 685 686
f 10 692 688
f 12 701 698
f 6 669 668
f 2 650 648
f 8 682 678
f 11 697 693
f 6 671 669
f 12 700 701
f 11 694 697
f 8 680 682
f 2 651 650
f 10 690 689
f 5 663 664
f 3 655 653
f 7 676 674
f 9 687 684
f 10 691 690
f 5 667 663
f 3 656 655
f 7 675 676
f 9 683 687
f 6 668 672
f 2 648 649
f 8 678 679
f 11 693 696
f 12 698 702
f 10 688 691
f 5 665 667
f 3 657 656
f 7 677 675
f 9 686 683
f 5 664 666
f 3 653 654
f 7 674 673
f 9 684 685
f 10 689 692
f 6 670 671
f 12 699 700
f 11 695 694
f 8 681 680
f 2 652 651
f 35 837 838
f 18 735 736
f 19 742 741
f 40 868 867
f 42 880 879
f 34 832 831
f 33 827 828
f 25 778 780
f 36 844 846
f 20 749 747
f 32 819 820
f 23 765 767
f 24 773 771
f 37 850 849
f 41 876 875
f 34 833 834
f 33 826 825
f 25 779 777
f 36 845 843
f 20 748 750
f 17 729 727
f 14 711 709
f 13 706 703
f 15 718 715
f 16 724 721
f 18 737 733
f 35 839 835
f 42 882 878
f 40 870 866
f 19 744 740
f 30 807 805
f 27 789 787
f 22 762 758
f 28 797 793
f 29 802 799
f 32 821 817
f 23 766 763
f 24 774 770
f 37 852 848
f 41 874 872
f 35 838 836
f 18 736 734
f 19 741 739
f 40 867 865
f 42 879 877
f 34 831 829
f 33 828 824
f 25 780 776
f 36 846 842
f 20 747 745
f 32 820 818
f 23 767 764
f 24 771 769
f 37 849 847
f 41 875 871
f 34 834 830
f 33 825 823
f 25 777 775
f 36 843 841
f 20 750 746
f 14 714 710
f 13 707 704
f 15 719 716
f 16 725 722
f 17 732 728
f 21 755 752
f 31 814 811
f 26 784 781
f 38 857 853
f 39 862 860
f 27 792 788
f 22 759 757
f 28 796 794
f 29 803 800
f 30 810 806
f 31 815 812
f 26 785 782
f 38 856 854
f 39 863 859
f 21 754 751
f 14 712 714
f 13 705 707
f 15 717 719
f 16 723 725
f 17 730 732
f 21 753 755
f 31 816 814
f 26 786 784
f 38 858 857
f 39 861 862
f 27 791 792
f 22 761 759
f 28 795 796
f 29 801 803
f 30 808 810
f 31 813 815
f 26 783 785
f 38 855 856
f 39 864 863
f 21 756 754
f 14 709 712
f 13 703 705
f 15 715 717
f 16 721 723
f 17 727 730
f 21 751 753
f 31 812 816
f 26 782 786
f 38 854 858
f 39 859 861
f 27 787 791
f 22 758 761
f 28 793 795
f 29 799 801
f 30 805 808
f 31 811 813
f 26 781 783
f 38 853 855
f 39 860 864
f 21 752 756
f 17 728 731
f 14 710 713
f 13 704 708
f 15 716 720
f 16 722 726
f 18 734 738
f 35 836 840
f 42 877 881
f 40 865 869
f 19 739 743
f 30 806 809
f 27 788 790
f 22 757 760
f 28 794 798
f 29 800 804
f 32 818 822
f 23 764 768
f 24 769 772
f 37 847 851
f 41 871 873
f 35 835 837
f 18 733 735
f 19 740 742
f 40 866 868
f 42 878 880
f 34 830 832
f 33 823 827
f 25 775 778
f 36 841 844
f 20 746 749
f 32 817 819
f 23 763 765
f 24 770 773
f 37 848 850
f 41 872 876
f 34 829 833
f 33 824 826
f 25 776 779
f 36 842 845
f 20 745 748
f 17 731 729
f 14 713 711
f 13 708 706
f 15 720 718
f 16 726 724
f 18 738 737
f 35 840 839
f 42 881 882
f 40 869 870
f 19 743 744
f 30 809 807
f 27 790 789
f 22 760 762
f 28 798 797
f 29 804 802
f 32 822 821
f 23 768 766
f 24 772 774
f 37 851 852
f 41 873 874
f 107 1269 1270
f 103 1245 1246
f 104 1252 1251
f 110 1288 1287
f 113 1306 1305
f 118 1336 1335
f 154 1551 1552
f 141 1473 1474
f 162 1599 1600
f 121 1354 1353
f 142 1479 1480
f 129 1401 1402
f 130 1408 1407
f 144 1492 1491
f 146 1504 1503
f 151 1533 1534
f 131 1414 1413
f 136 1444 1443
f 161 1594 1593
f 126 1383 1384
f 116 1323 1324
f 108 1275 1276
f 106 1263 1264
f 112 1299 1300
f 115 1317 1318
f 119 1341 1342
f 156 1564 1563
f 139 1462 1461
f 160 1588 1587
f 120 1347 1348
f 149 1521 1522
f 132 1420 1419
f 128 1395 1396
f 145 1497 1498
f 148 1515 1516
f 155 1557 1558
f 133 1425 1426
f 134 1431 1432
f 157 1570 1569
f 124 1372 1371
f 109 1282 1281
f 105 1258 1257
f 111 1294 1293
f 114 1312 1311
f 117 1330 1329
f 125 1378 1377
f 152 1540 1539
f 137 1449 1450
f 158 1575 1576
f 123 1365 1366
f 143 1486 1485
f 127 1390 1389
f 135 1437 1438
f 147 1510 1509
f 150 1528 1527
f 153 1546 1545
f 140 1468 1467
f 138 1455 1456
f 159 1581 1582
f 122 1359 1360
f 107 1272 1271
f 103 1248 1247
f 104 1253 1254
f 110 1289 1290
f 113 1307 1308
f 118 1337 1338
f 154 1554 1553
f 141 1476 1475
f 162 1602 1601
f 121 1355 1356
f 142 1482 1481
f 129 1404 1403
f 130 1409 1410
f 144 1493 1494
f 146 1505 1506
f 151 1536 1535
f 131 1415 1416
f 136 1445 1446
f 161 1595 1596
f 126 1386 1385
f 47 909 907
f 44 891 889
f 43 886 883
f 45 898 895
f 46 904 901
f 49 922 919
f 72 1060 1057
f 102 1240 1237
f 96 1204 1201
f 79 1102 1099
f 62 999 997
f 59 981 979
f 58 976 973
f 60 988 985
f 61 994 991
f 66 1024 1021
f 54 952 949
f 73 1066 1063
f 85 1138 1135
f 92 1179 1177
f 101 1233 1231
f 69 1041 1039
f 50 927 925
f 82 1119 1117
f 97 1209 1207
f 71 1053 1051
f 100 1228 1225
f 94 1192 1189
f 80 1108 1105
f 51 933 931
f 90 1167 1165
f 63 1005 1003
f 55 957 955
f 76 1083 1081
f 87 1150 1147
f 91 1174 1171
f 67 1029 1027
f 56 963 961
f 75 1077 1075
f 83 1126 1123
f 68 1036 1033
f 48 915 913
f 78 1095 1093
f 93 1185 1183
f 98 1216 1213
f 88 1155 1153
f 65 1018 1015
f 57 970 967
f 77 1090 1087
f 86 1143 1141
f 64 1012 1009
f 53 945 943
f 74 1071 1069
f 84 1131 1129
f 89 1162 1159
f 70 1047 1045
f 99 1221 1219
f 95 1197 1195
f 81 1114 1111
f 52 940 937
f 109 1284 1280
f 105 1260 1256
f 111 1296 1292
f 114 1314 1310
f 117 1332 1328
f 125 1380 1376
f 152 1542 1538
f 137 1451 1447
f 158 1577 1573
f 123 1367 1363
f 143 1488 1484
f 127 1392 1388
f 135 1439 1435
f 147 1512 1508
f 150 1530 1526
f 153 1548 1544
f 140 1470 1466
f 138 1457 1453
f 159 1583 1579
f 122 1361 1357
f 107 1270 1268
f 103 1246 1244
f 104 1251 1249
f 110 1287 1285
f 113 1305 1303
f 118 1335 1333
f 154 1552 1550
f 141 1474 1472
f 162 1600 1598
f 121 1353 1351
f 142 1480 1478
f 129 1402 1400
f 130 1407 1405
f 144 1491 1489
f 146 1503 1501
f 151 1534 1532
f 131 1413 1411
f 136 1443 1441
f 161 1593 1591
f 126 1384 1382
f 116 1324 1322
f 108 1276 1274
f 106 1264 1262
f 112 1300 1298
f 115 1318 1316
f 119 1342 1340
f 156 1563 1561
f 139 1461 1459
f 160 1587 1585
f 120 1348 1346
f 149 1522 1520
f 132 1419 1417
f 128 1396 1394
f 145 1498 1496
f 148 1516 1514
f 155 1558 1556
f 133 1426 1424
f 134 1432 1430
f 157 1569 1567
f 124 1371 1369
f 109 1281 1279
f 105 1257 1255
f 111 1293 1291
f 114 1311 1309
f 117 1329 1327
f 125 1377 1375
f 152 1539 1537
f 137 1450 1448
f 158 1576 1574
f 123 1366 1364
f 143 1485 1483
f 127 1389 1387
f 135 1438 1436
f 147 1509 1507
f 150 1527 1525
f 153 1545 1543
f 140 1467 1465
f 138 1456 1454
f 159 1582 1580
f 122 1360 1358
f 107 1271 1267
f 103 1247 1243
f 104 1254 1250
f 110 1290 1286
f 113 1308 1304
f 118 1338 1334
f 154 1553 1549
f 141 1475 1471
f 162 1601 1597
f 121 1356 1352
f 142 1481 1477
f 129 1403 1399
f 130 1410 1406
f 144 1494 1490
f 146 1506 1502
f 151 1535 1531
f 131 1416 1412
f 136 1446 1442
f 161 1596 1592
f 126 1385 1381
f 44 894 890
f 43 887 884
f 45 899 896
f 46 905 902
f 47 912 908
f 52 941 938
f 70 1050 1046
f 99 1224 1220
f 95 1200 1196
f 81 1115 1112
f 59 984 980
f 58 977 974
f 60 989 986
f 61 995 992
f 62 1002 998
f 65 1019 1016
f 57 971 968
f 77 1091 1088
f 86 1146 1142
f 88 1158 1154
f 98 1217 1214
f 68 1037 1034
f 48 918 914
f 78 1098 1094
f 93 1188 1184
f 69 1044 1040
f 101 1236 1232
f 97 1212 1208
f 82 1122 1118
f 50 930 926
f 89 1163 1160
f 64 1013 1010
f 53 948 944
f 74 1074 1070
f 84 1134 1130
f 90 1170 1166
f 63 1008 1004
f 55 960 956
f 76 1086 1082
f 87 1151 1148
f 72 1061 1058
f 49 923 920
f 79 1103 1100
f 96 1205 1202
f 102 1241 1238
f 91 1175 1172
f 67 1032 1028
f 56 966 962
f 75 1080 1076
f 83 1127 1124
f 66 1025 1022
f 54 953 950
f 73 1067 1064
f 85 1139 1136
f 92 1182 1178
f 71 1056 1052
f 100 1229 1226
f 94 1193 1190
f 80 1109 1106
f 51 936 932
f 116 1325 1321
f 108 1277 1273
f 106 1265 1261
f 112 1301 1297
f 115 1319 1315
f 119 1343 1339
f 156 1566 1562
f 139 1464 1460
f 160 1590 1586
f 120 1349 1345
f 149 1523 1519
f 132 1422 1418
f 128 1397 1393
f 145 1499 1495
f 148 1517 1513
f 155 1559 1555
f 133 1427 1423
f 134 1433 1429
f 157 1572 1568
f 124 1374 1370
f 44 892 894
f 43 885 887
f 45 897 899
f 46 903 905
f 47 910 912
f 52 939 941
f 70 1048 1050
f 99 1222 1224
f 95 1198 1200
f 81 1113 1115
f 59 982 984
f 58 975 977
f 60 987 989
f 61 993 995
f 62 1000 1002
f 65 1017 1019
f 57 969 971
f 77 1089 1091
f 86 1144 1146
f 88 1156 1158
f 98 1215 1217
f 68 1035 1037
f 48 916 918
f 78 1096 1098
f 93 1186 1188
f 69 1042 1044
f 101 1234 1236
f 97 1210 1212
f 82 1120 1122
f 50 928 930
f 89 1161 1163
f 64 1011 1013
f 53 946 948
f 74 1072 1074
f 84 1132 1134
f 90 1168 1170
f 63 1006 1008
f 55 958 960
f 76 1084 1086
f 87 1149 1151
f 72 1059 1061
f 49 921 923
f 79 1101 1103
f 96 1203 1205
f 102 1239 1241
f 91 1173 1175
f 67 1030 1032
f 56 964 966
f 75 1078 1080
f 83 1125 1127
f 66 1023 1025
f 54 951 953
f 73 1065 1067
f 85 1137 1139
f 92 1180 1182
f 71 1054 1056
f 100 1227 1229
f 94 1191 1193
f 80 1107 1109
f 51 934 936
f 116 1326 1325
f 108 1278 1277
f 106 1266 1265
f 112 1302 1301
f 115 1320 1319
f 119 1344 1343
f 156 1565 1566
f 139 1463 1464
f 160 1589 1590
f 120 1350 1349
f 149 1524 1523
f 132 1421 1422
f 128 1398 1397
f 145 1500 1499
f 148 1518 1517
f 155 1560 1559
f 133 1428 1427
f 134 1434 1433
f 157 1571 1572
f 124 1373 1374
f 44 889 892
f 43 883 885
f 45 895 897
f 46 901 903
f 47 907 910
f 52 937 939
f 70 1045 1048
f 99 1219 1222
f 95 1195 1198
f 81 1111 1113
f 59 979 982
f 58 973 975
f 60 985 987
f 61 991 993
f 62 997 1000
f 65 1015 1017
f 57 967 969
f 77 1087 1089
f 86 1141 1144
f 88 1153 1156
f 98 1213 1215
f 68 1033 1035
f 48 913 916
f 78 1093 1096
f 93 1183 1186
f 69 1039 1042
f 101 1231 1234
f 97 1207 1210
f 82 1117 1120
f 50 925 928
f 89 1159 1161
f 64 1009 1011
f 53 943 946
f 74 1069 1072
f 84 1129 1132
f 90 1165 1168
f 63 1003 1006
f 55 955 958
f 76 1081 1084
f 87 1147 1149
f 72 1057 1059
f 49 919 921
f 79 1099 1101
f 96 1201 1203
f 102 1237 1239
f 91 1171 1173
f 67 1027 1030
f 56 961 964
f 75 1075 1078
f 83 1123 1125
f 66 1021 1023
f 54 949 951
f 73 1063 1065
f 85 1135 1137
f 92 1177 1180
f 71 1051 1054
f 100 1225 1227
f 94 1189 1191
f 80 1105 1107
f 51 931 934
f 116 1322 1326
f 108 1274 1278
f 106 1262 1266
f 112 1298 1302
f 115 1316 1320
f 119 1340 1344
f 156 1561 1565
f 139 1459 1463
f 160 1585 1589
f 120 1346 1350
f 149 1520 1524
f 132 1417 1421
f 128 1394 1398
f 145 1496 1500
f 148 1514 1518
f 155 1556 1560
f 133 1424 1428
f 134 1430 1434
f 157 1567 1571
f 124 1369 1373
f 47 908 911
f 44 890 893
f 43 884 888
f 45 896 900
f 46 902 906
f 49 920 924
f 72 1058 1062
f 102 1238 1242
f 96 1202 1206
f 79 1100 1104
f 62 998 1001
f 59 980 983
f 58 974 978
f 60 986 990
f 61 992 996
f 66 1022 1026
f 54 950 954
f 73 1064 1068
f 85 1136 1140
f 92 1178 1181
f 101 1232 1235
f 69 1040 1043
f 50 926 929
f 82 1118 1121
f 97 1208 1211
f 71 1052 1055
f 100 1226 1230
f 94 1190 1194
f 80 1106 1110
f 51 932 935
f 90 1166 1169
f 63 1004 1007
f 55 956 959
f 76 1082 1085
f 87 1148 1152
f 91 1172 1176
f 67 1028 1031
f 56 962 965
f 75 1076 1079
f 83 1124 1128
f 68 1034 1038
f 48 914 917
f 78 1094 1097
f 93 1184 1187
f 98 1214 1218
f 88 1154 1157
f 65 1016 1020
f 57 968 972
f 77 1088 1092
f 86 1142 1145
f 64 1010 1014
f 53 944 947
f 74 1070 1073
f 84 1130 1133
f 89 1160 1164
f 70 1046 1049
f 99 1220 1223
f 95 1196 1199
f 81 1112 1116
f 52 938 942
f 109 1279 1283
f 105 1255 1259
f 111 1291 1295
f 114 1309 1313
f 117 1327 1331
f 125 1375 1379
f 152 1537 1541
f 137 1448 1452
f 158 1574 1578
f 123 1364 1368
f 143 1483 1487
f 127 1387 1391
f 135 1436 1440
f 147 1507 1511
f 150 1525 1529
f 153 1543 1547
f 140 1465 1469
f 138 1454 1458
f 159 1580 1584
f 122 1358 1362
f 107 1267 1269
f 103 1243 1245
f 104 1250 1252
f 110 1286 1288
f 113 1304 1306
f 118 1334 1336
f 154 1549 1551
f 141 1471 1473
f 162 1597 1599
f 121 1352 1354
f 142 1477 1479
f 129 1399 1401
f 130 1406 1408
f 144 1490 1492
f 146 1502 1504
f 151 1531 1533
f 131 1412 1414
f 136 1442 1444
f 161 1592 1594
f 126 1381 1383
f 116 1321 1323
f 108 1273 1275
f 106 1261 1263
f 112 1297 1299
f 115 1315 1317
f 119 1339 1341
f 156 1562 1564
f 139 1460 1462
f 160 1586 1588
f 120 1345 1347
f 149 1519 1521
f 132 1418 1420
f 128 1393 1395
f 145 1495 1497
f 148 1513 1515
f 155 1555 1557
f 133 1423 1425
f 134 1429 1431
f 157 1568 1570
f 124 1370 1372
f 109 1280 1282
f 105 1256 1258
f 111 1292 1294
f 114 1310 1312
f 117 1328 1330
f 125 1376 1378
f 152 1538 1540
f 137 1447 1449
f 158 1573 1575
f 123 1363 1365
f 143 1484 1486
f 127 1388 1390
f 135 1435 1437
f 147 1508 1510
f 150 1526 1528
f 153 1544 1546
f 140 1466 1468
f 138 1453 1455
f 159 1579 1581
f 122 1357 1359
f 107 1268 1272
f 103 1244 1248
f 104 1249 1253
f 110 1285 1289
f 113 1303 1307
f 118 1333 1337
f 154 1550 1554
f 141 1472 1476
f 162 1598 1602
f 121 1351 1355
f 142 1478 1482
f 129 1400 1404
f 130 1405 1409
f 144 1489 1493
f 146 1501 1505
f 151 1532 1536
f 131 1411 1415
f 136 1441 1445
f 161 1591 1595
f 126 1382 1386
f 47 911 909
f 44 893 891
f 43 888 886
f 45 900 898
f 46 906 904
f 49 924 922
f 72 1062 1060
f 102 1242 1240
f 96 1206 1204
f 79 1104 1102
f 62 1001 999
f 59 983 981
f 58 978 976
f 60 990 988
f 61 996 994
f 66 1026 1024
f 54 954 952
f 73 1068 1066
f 85 1140 1138
f 92 1181 1179
f 101 1235 1233
f 69 1043 1041
f 50 929 927
f 82 1121 1119
f 97 1211 1209
f 71 1055 1053
f 100 1230 1228
f 94 1194 1192
f 80 1110 1108
f 51 935 933
f 90 1169 1167
f 63 1007 1005
f 55 959 957
f 76 1085 1083
f 87 1152 1150
f 91 1176 1174
f 67 1031 1029
f 56 965 963
f 75 1079 1077
f 83 1128 1126
f 68 1038 1036
f 48 917 915
f 78 1097 1095
f 93 1187 1185
f 98 1218 1216
f 88 1157 1155
f 65 1020 1018
f 57 972 970
f 77 1092 1090
f 86 1145 1143
f 64 1014 1012
f 53 947 945
f 74 1073 1071
f 84 1133 1131
f 89 1164 1162
f 70 1049 1047
f 99 1223 1221
f 95 1199 1197
f 81 1116 1114
f 52 942 940
f 109 1283 1284
f 105 1259 1260
f 111 1295 1296
f 114 1313 1314
f 117 1331 1332
f 125 1379 1380
f 152 1541 1542
f 137 1452 1451
f 158 1578 1577
f 123 1368 1367
f 143 1487 1488
f 127 1391 1392
f 135 1440 1439
f 147 1511 1512
f 150 1529 1530
f 153 1547 1548
f 140 1469 1470
f 138 1458 1457
f 159 1584 1583
f 122 1362 1361
f 407 1609 1616
f 403 1605 1608
f 404 1611 1606
f 410 1614 1612
f 413 1617 1615
f 422 1631 1624
f 486 1688 1692
f 573 1775 1782
f 561 1763 1765
f 512 1719 1714
f 452 1654 1661
f 448 1650 1653
f 449 1656 1651
f 455 1659 1657
f 458 1662 1660
f 470 1672 1675
f 437 1646 1639
f 494 1706 1696
f 531 1735 1733
f 539 1741 1751
f 568 1770 1779
f 478 1680 1683
f 419 1621 1626
f 509 1711 1721
f 554 1756 1766
f 482 1684 1689
f 576 1780 1778
f 558 1767 1760
f 516 1722 1718
f 425 1627 1629
f 542 1744 1747
f 463 1668 1665
f 434 1636 1641
f 497 1699 1704
f 528 1730 1737
f 546 1748 1750
f 464 1666 1676
f 440 1642 1644
f 500 1705 1702
f 524 1736 1726
f 479 1691 1681
f 418 1623 1620
f 508 1713 1710
f 553 1764 1755
f 569 1781 1771
f 538 1749 1740
f 471 1677 1673
f 443 1645 1647
f 501 1703 1707
f 523 1725 1734
f 467 1674 1669
f 433 1638 1635
f 493 1695 1698
f 527 1732 1729
f 543 1752 1745
f 485 1690 1687
f 572 1777 1774
f 557 1759 1762
f 515 1717 1720
f 428 1630 1632
f 591 2191 2189
f 587 1885 1883
f 588 1901 1903
f 594 2279 2281
f 597 2315 2317
f 600 2171 2173
f 634 2160 2158
f 619 2016 2012
f 639 2214 2210
f 602 1919 1924
f 624 2137 2135
f 608 1978 1973
f 610 1991 1996
f 627 2225 2227
f 630 2302 2304
f 635 2178 2176
f 615 2153 2155
f 617 2009 2014
f 637 2207 2212
f 604 1926 1922
f 416 1857 1864
f 408 1803 1810
f 406 1786 1795
f 412 1822 1831
f 415 1840 1849
f 424 1876 1887
f 492 2182 2193
f 582 2312 2321
f 565 2276 2285
f 514 1898 1907
f 461 2091 2098
f 453 2037 2044
f 451 1952 1961
f 457 2056 2067
f 460 2074 2083
f 475 2128 2139
f 439 1966 1975
f 496 1988 1997
f 533 2222 2231
f 551 2293 2298
f 579 2185 2190
f 483 1879 1884
f 426 1893 1900
f 521 2271 2278
f 566 2307 2314
f 489 2163 2170
f 578 2150 2159
f 560 2006 2015
f 518 2204 2213
f 429 1911 1918
f 547 2131 2136
f 465 1969 1977
f 441 1983 1990
f 504 2217 2224
f 537 2290 2301
f 550 2168 2177
f 476 2145 2152
f 444 2001 2008
f 502 2199 2206
f 526 1916 1925
f 481 1808 1817
f 420 1789 1797
f 510 1825 1833
f 555 1843 1851
f 571 1862 1871
f 540 1933 1941
f 473 2110 2119
f 447 2020 2029
f 507 2236 2247
f 534 2257 2262
f 469 2042 2051
f 435 1947 1954
f 498 2059 2064
f 529 2077 2085
f 545 2096 2105
f 487 2113 2121
f 574 2023 2031
f 562 2239 2244
f 520 2254 2265
f 432 1930 1939
f 589 1818 1814
f 583 1798 1793
f 586 1834 1829
f 593 1852 1847
f 596 1872 1868
f 599 1942 1937
f 633 2120 2124
f 620 2030 2034
f 640 2248 2250
f 603 2263 2261
f 622 2052 2050
f 607 1955 1960
f 612 2065 2063
f 626 2086 2081
f 629 2106 2102
f 631 2122 2117
f 614 2032 2027
f 618 2245 2243
f 641 2266 2268
f 605 1940 1944
f 409 1813 1804
f 405 1792 1785
f 411 1828 1821
f 414 1846 1839
f 417 1867 1858
f 431 1936 1929
f 488 2123 2114
f 575 2033 2024
f 563 2249 2240
f 519 2260 2253
f 454 2049 2038
f 450 1959 1951
f 456 2062 2055
f 459 2080 2073
f 462 2101 2092
f 472 2116 2109
f 446 2026 2019
f 506 2242 2235
f 535 2267 2258
f 541 1943 1934
f 570 1869 1861
f 480 1815 1807
f 421 1799 1790
f 511 1835 1826
f 556 1853 1844
f 484 1889 1880
f 580 2195 2186
f 567 2319 2308
f 522 2283 2272
f 427 1905 1894
f 544 2103 2095
f 468 2046 2041
f 436 1957 1948
f 499 2069 2060
f 530 2087 2078
f 548 2141 2132
f 466 1979 1970
f 442 1993 1984
f 505 2229 2218
f 536 2296 2289
f 491 2188 2181
f 423 1882 1875
f 513 1902 1897
f 564 2280 2275
f 581 2316 2311
f 549 2172 2167
f 477 2157 2146
f 445 2011 2002
f 503 2209 2200
f 525 1923 1915
f 474 2134 2127
f 438 1972 1965
f 495 1995 1987
f 532 2226 2221
f 552 2303 2294
f 490 2175 2164
f 577 2154 2149
f 559 2013 2005
f 517 2211 2203
f 430 1921 1912
f 590 1865 1870
f 584 1811 1816
f 585 1796 1800
f 592 1832 1836
f 595 1850 1854
f 598 1888 1890
f 636 2194 2196
f 621 2322 2320
f 642 2286 2284
f 601 1908 1906
f 623 2099 2104
f 611 2045 2047
f 609 1962 1958
f 625 2068 2070
f 628 2084 2088
f 632 2140 2142
f 613 1976 1980
f 616 1998 1994
f 638 2232 2230
f 606 2299 2297
f 407 2330 2329
f 403 2324 2323
f 404 2325 2326
f 410 2332 2333
f 413 2335 2336
f 422 2344 2345
f 486 2410 2409
f 573 2497 2496
f 561 2486 2485
f 512 2434 2435
f 452 2375 2374
f 448 2369 2368
f 449 2370 2371
f 455 2377 2378
f 458 2380 2381
f 470 2393 2392
f 437 2359 2360
f 494 2415 2416
f 531 2455 2456
f 539 2461 2460
f 568 2489 2488
f 478 2399 2398
f 419 2341 2340
f 509 2431 2430
f 554 2476 2475
f 482 2405 2404
f 576 2500 2501
f 558 2481 2482
f 516 2439 2440
f 425 2348 2347
f 542 2465 2464
f 463 2383 2384
f 434 2356 2355
f 497 2420 2419
f 528 2452 2451
f 546 2471 2470
f 464 2386 2385
f 440 2363 2362
f 500 2422 2423
f 524 2445 2446
f 479 2400 2401
f 418 2338 2339
f 508 2428 2429
f 553 2473 2474
f 569 2490 2491
f 538 2458 2459
f 471 2394 2395
f 443 2366 2365
f 501 2425 2424
f 523 2444 2443
f 467 2389 2390
f 433 2353 2354
f 493 2414 2413
f 527 2449 2450
f 543 2466 2467
f 485 2407 2408
f 572 2494 2495
f 557 2480 2479
f 515 2438 2437
f 428 2351 2350
f 591 2510 2511
f 587 2504 2505
f 588 2508 2507
f 594 2514 2513
f 597 2517 2516
f 600 2520 2519
f 634 2554 2556
f 619 2539 2540
f 639 2560 2561
f 602 2523 2521
f 624 2543 2544
f 608 2527 2529
f 610 2532 2530
f 627 2547 2546
f 630 2550 2549
f 635 2552 2553
f 615 2535 2534
f 617 2538 2536
f 637 2558 2557
f 604 2524 2525
f 167 1607 647
f 164 1603 644
f 163 1604 643
f 165 1610 645
f 166 1613 646
f 169 1622 649
f 192 1686 672
f 222 1773 702
f 216 1761 696
f 199 1712 679
f 182 1652 662
f 179 1648 659
f 178 1649 658
f 180 1655 660
f 181 1658 661
f 186 1670 666
f 174 1637 654
f 193 1694 673
f 205 1731 685
f 212 1739 692
f 221 1768 701
f 189 1678 669
f 170 1619 650
f 202 1709 682
f 217 1754 697
f 191 1682 671
f 220 1776 700
f 214 1758 694
f 200 1716 680
f 171 1625 651
f 210 1742 690
f 183 1663 663
f 175 1634 655
f 196 1697 676
f 207 1728 687
f 211 1746 691
f 187 1664 667
f 176 1640 656
f 195 1700 675
f 203 1724 683
f 188 1679 668
f 168 1618 648
f 198 1708 678
f 213 1753 693
f 218 1769 698
f 208 1738 688
f 185 1671 665
f 177 1643 657
f 197 1701 677
f 206 1723 686
f 184 1667 664
f 173 1633 653
f 194 1693 674
f 204 1727 684
f 209 1743 689
f 190 1685 670
f 219 1772 699
f 215 1757 695
f 201 1715 681
f 172 1628 652
f 357 2187 837
f 255 1881 735
f 262 1899 742
f 388 2277 868
f 400 2313 880
f 352 2169 832
f 347 2156 827
f 298 2010 778
f 364 2208 844
f 269 1917 749
f 339 2133 819
f 285 1971 765
f 293 1989 773
f 370 2223 850
f 396 2300 876
f 353 2174 833
f 346 2151 826
f 299 2007 779
f 365 2205 845
f 268 1920 748
f 249 1855 729
f 231 1801 711
f 226 1784 706
f 238 1820 718
f 244 1838 724
f 257 1874 737
f 359 2180 839
f 402 2310 882
f 390 2274 870
f 264 1896 744
f 327 2089 807
f 309 2035 789
f 282 1950 762
f 317 2054 797
f 322 2072 802
f 341 2126 821
f 286 1964 766
f 294 1986 774
f 372 2220 852
f 394 2291 874
f 358 2183 838
f 256 1877 736
f 261 1891 741
f 387 2269 867
f 399 2305 879
f 351 2161 831
f 348 2148 828
f 300 2004 780
f 366 2202 846
f 267 1909 747
f 340 2129 820
f 287 1967 767
f 291 1981 771
f 369 2215 849
f 395 2288 875
f 354 2166 834
f 345 2143 825
f 297 1999 777
f 363 2197 843
f 270 1914 750
f 234 1806 714
f 227 1787 707
f 239 1823 719
f 245 1841 725
f 252 1860 732
f 275 1931 755
f 334 2108 814
f 304 2018 784
f 377 2234 857
f 382 2255 862
f 312 2040 792
f 279 1945 759
f 316 2057 796
f 323 2075 803
f 330 2094 810
f 335 2111 815
f 305 2021 785
f 376 2237 856
f 383 2252 863
f 274 1928 754
f 232 1812 712
f 225 1791 705
f 237 1827 717
f 243 1845 723
f 250 1866 730
f 273 1935 753
f 336 2118 816
f 306 2028 786
f 378 2246 858
f 381 2259 861
f 311 2048 791
f 281 1953 761
f 315 2061 795
f 321 2079 801
f 328 2100 808
f 333 2115 813
f 303 2025 783
f 375 2241 855
f 384 2264 864
f 276 1938 756
f 229 1802 709
f 223 1783 703
f 235 1819 715
f 241 1837 721
f 247 1856 727
f 271 1927 751
f 332 2112 812
f 302 2022 782
f 374 2238 854
f 379 2251 859
f 307 2036 787
f 278 1949 758
f 313 2053 793
f 319 2071 799
f 325 2090 805
f 331 2107 811
f 301 2017 781
f 373 2233 853
f 380 2256 860
f 272 1932 752
f 248 1859 728
f 230 1805 710
f 224 1788 704
f 236 1824 716
f 242 1842 722
f 254 1878 734
f 356 2184 836
f 397 2306 877
f 385 2270 865
f 259 1892 739
f 326 2093 806
f 308 2039 788
f 277 1946 757
f 314 2058 794
f 320 2076 800
f 338 2130 818
f 284 1968 764
f 289 1982 769
f 367 2216 847
f 391 2287 871
f 355 2179 835
f 253 1873 733
f 260 1895 740
f 386 2273 866
f 398 2309 878
f 350 2165 830
f 343 2144 823
f 295 2000 775
f 361 2198 841
f 266 1913 746
f 337 2125 817
f 283 1963 763
f 290 1985 770
f 368 2219 848
f 392 2292 872
f 349 2162 829
f 344 2147 824
f 296 2003 776
f 362 2201 842
f 265 1910 745
f 251 1863 731
f 233 1809 713
f 228 1794 708
f 240 1830 720
f 246 1848 726
f 258 1886 738
f 360 2192 840
f 401 2318 881
f 389 2282 869
f 263 1904 743
f 329 2097 809
f 310 2043 790
f 280 1956 760
f 318 2066 798
f 324 2082 804
f 342 2138 822
f 288 1974 768
f 292 1992 772
f 371 2228 851
f 393 2295 873
f 409 2331 1269
f 405 2327 1245
f 411 2328 1252
f 414 2334 1288
f 417 2337 1306
f 431 2346 1336
f 488 2412 1551
f 575 2499 1473
f 563 2487 1599
f 519 2436 1354
f 454 2376 1479
f 450 2372 1401
f 456 2373 1408
f 459 2379 1492
f 462 2382 1504
f 472 2396 1533
f 446 2361 1414
f 506 2418 1444
f 535 2457 1594
f 541 2463 1383
f 570 2492 1323
f 480 2402 1275
f 421 2343 1263
f 511 2433 1299
f 556 2478 1317
f 484 2406 1341
f 580 2502 1564
f 567 2484 1462
f 522 2442 1588
f 427 2349 1347
f 544 2468 1521
f 468 2387 1420
f 436 2358 1395
f 499 2421 1497
f 530 2454 1515
f 548 2472 1557
f 466 2388 1425
f 442 2364 1431
f 505 2426 1570
f 536 2448 1372
f 491 2403 1282
f 423 2342 1258
f 513 2432 1294
f 564 2477 1312
f 581 2493 1330
f 549 2462 1378
f 477 2397 1540
f 445 2367 1449
f 503 2427 1575
f 525 2447 1365
f 474 2391 1486
f 438 2357 1390
f 495 2417 1437
f 532 2453 1510
f 552 2469 1528
f 490 2411 1546
f 577 2498 1468
f 559 2483 1455
f 517 2441 1581
f 430 2352 1359
f 590 2509 1272
f 584 2503 1248
f 585 2506 1253
f 592 2512 1289
f 595 2515 1307
f 598 2518 1337
f 636 2555 1554
f 621 2541 1476
f 642 2562 1602
f 601 2522 1355
f 623 2542 1482
f 611 2528 1404
f 609 2531 1409
f 625 2545 1493
f 628 2548 1505
f 632 2551 1536
f 613 2533 1415
f 616 2537 1445
f 638 2559 1595
f 606 2526 1386
f 407 1616 909
f 403 1608 891
f 404 1606 886
f 410 1612 898
f 413 1615 904
f 422 1624 922
f 486 1692 1060
f 573 1782 1240
f 561 1765 1204
f 512 1714 1102
f 452 1661 999
f 448 1653 981
f 449 1651 976
f 455 1657 988
f 458 1660 994
f 470 1675 1024
f 437 1639 952
f 494 1696 1066
f 531 1733 1138
f 539 1751 1179
f 568 1779 1233
f 478 1683 1041
f 419 1626 927
f 509 1721 1119
f 554 1766 1209
f 482 1689 1053
f 576 1778 1228
f 558 1760 1192
f 516 1718 1108
f 425 1629 933
f 542 1747 1167
f 463 1665 1005
f 434 1641 957
f 497 1704 1083
f 528 1737 1150
f 546 1750 1174
f 464 1676 1029
f 440 1644 963
f 500 1702 1077
f 524 1726 1126
f 479 1681 1036
f 418 1620 915
f 508 1710 1095
f 553 1755 1185
f 569 1771 1216
f 538 1740 1155
f 471 1673 1018
f 443 1647 970
f 501 1707 1090
f 523 1734 1143
f 467 1669 1012
f 433 1635 945
f 493 1698 1071
f 527 1729 1131
f 543 1745 1162
f 485 1687 1047
f 572 1774 1221
f 557 1762 1197
f 515 1720 1114
f 428 1632 940
f 591 2189 1284
f 587 1883 1260
f 588 1903 1296
f 594 2281 1314
f 597 2317 1332
f 600 2173 1380
f 634 2158 1542
f 619 2012 1451
f 639 2210 1577
f 602 1924 1367
f 624 2135 1488
f 608 1973 1392
f 610 1996 1439
f 627 2227 1512
f 630 2304 1530
f 635 2176 1548
f 615 2155 1470
f 617 2014 1457
f 637 2212 1583
f 604 1922 1361
f 416 1864 1270
f 408 1810 1246
f 406 1795 1251
f 412 1831 1287
f 415 1849 1305
f 424 1887 1335
f 492 2193 1552
f 582 2321 1474
f 565 2285 1600
f 514 1907 1353
f 461 2098 1480
f 453 2044 1402
f 451 1961 1407
f 457 2067 1491
f 460 2083 1503
f 475 2139 1534
f 439 1975 1413
f 496 1997 1443
f 533 2231 1593
f 551 2298 1384
f 579 2190 1324
f 483 1884 1276
f 426 1900 1264
f 521 2278 1300
f 566 2314 1318
f 489 2170 1342
f 578 2159 1563
f 560 2015 1461
f 518 2213 1587
f 429 1918 1348
f 547 2136 1522
f 465 1977 1419
f 441 1990 1396
f 504 2224 1498
f 537 2301 1516
f 550 2177 1558
f 476 2152 1426
f 444 2008 1432
f 502 2206 1569
f 526 1925 1371
f 481 1817 1281
f 420 1797 1257
f 510 1833 1293
f 555 1851 1311
f 571 1871 1329
f 540 1941 1377
f 473 2119 1539
f 447 2029 1450
f 507 2247 1576
f 534 2262 1366
f 469 2051 1485
f 435 1954 1389
f 498 2064 1438
f 529 2085 1509
f 545 2105 1527
f 487 2121 1545
f 574 2031 1467
f 562 2244 1456
f 520 2265 1582
f 432 1939 1360
f 589 1814 1271
f 583 1793 1247
f 586 1829 1254
f 593 1847 1290
f 596 1868 1308
f 599 1937 1338
f 633 2124 1553
f 620 2034 1475
f 640 2250 1601
f 603 2261 1356
f 622 2050 1481
f 607 1960 1403
f 612 2063 1410
f 626 2081 1494
f 629 2102 1506
f 631 2117 1535
f 614 2027 1416
f 618 2243 1446
f 641 2268 1596
f 605 1944 1385
f 409 1804 894
f 405 1785 887
f 411 1821 899
f 414 1839 905
f 417 1858 912
f 431 1929 941
f 488 2114 1050
f 575 2024 1224
f 563 2240 1200
f 519 2253 1115
f 454 2038 984
f 450 1951 977
f 456 2055 989
f 459 2073 995
f 462 2092 1002
f 472 2109 1019
f 446 2019 971
f 506 2235 1091
f 535 2258 1146
f 541 1934 1158
f 570 1861 1217
f 480 1807 1037
f 421 1790 918
f 511 1826 1098
f 556 1844 1188
f 484 1880 1044
f 580 2186 1236
f 567 2308 1212
f 522 2272 1122
f 427 1894 930
f 544 2095 1163
f 468 2041 1013
f 436 1948 948
f 499 2060 1074
f 530 2078 1134
f 548 2132 1170
f 466 1970 1008
f 442 1984 960
f 505 2218 1086
f 536 2289 1151
f 491 2181 1061
f 423 1875 923
f 513 1897 1103
f 564 2275 1205
f 581 2311 1241
f 549 2167 1175
f 477 2146 1032
f 445 2002 966
f 503 2200 1080
f 525 1915 1127
f 474 2127 1025
f 438 1965 953
f 495 1987 1067
f 532 2221 1139
f 552 2294 1182
f 490 2164 1056
f 577 2149 1229
f 559 2005 1193
f 517 2203 1109
f 430 1912 936
f 590 1870 1325
f 584 1816 1277
f 585 1800 1265
f 592 1836 1301
f 595 1854 1319
f 598 1890 1343
f 636 2196 1566
f 621 2320 1464
f 642 2284 1590
f 601 1906 1349
f 623 2104 1523
f 611 2047 1422
f 609 1958 1397
f 625 2070 1499
f 628 2088 1517
f 632 2142 1559
f 613 1980 1427
f 616 1994 1433
f 638 2230 1572
f 606 2297 1374
f 407 2329 892
f 403 2323 885
f 404 2326 897
f 410 2333 903
f 413 2336 910
f 422 2345 939
f 486 2409 1048
f 573 2496 1222
f 561 2485 1198
f 512 2435 1113
f 452 2374 982
f 448 2368 975
f 449 2371 987
f 455 2378 993
f 458 2381 1000
f 470 2392 1017
f 437 2360 969
f 494 2416 1089
f 531 2456 1144
f 539 2460 1156
f 568 2488 1215
f 478 2398 1035
f 419 2340 916
f 509 2430 1096
f 554 2475 1186
f 482 2404 1042
f 576 2501 1234
f 558 2482 1210
f 516 2440 1120
f 425 2347 928
f 542 2464 1161
f 463 2384 1011
f 434 2355 946
f 497 2419 1072
f 528 2451 1132
f 546 2470 1168
f 464 2385 1006
f 440 2362 958
f 500 2423 1084
f 524 2446 1149
f 479 2401 1059
f 418 2339 921
f 508 2429 1101
f 553 2474 1203
f 569 2491 1239
f 538 2459 1173
f 471 2395 1030
f 443 2365 964
f 501 2424 1078
f 523 2443 1125
f 467 2390 1023
f 433 2354 951
f 493 2413 1065
f 527 2450 1137
f 543 2467 1180
f 485 2408 1054
f 572 2495 1227
f 557 2479 1191
f 515 2437 1107
f 428 2350 934
f 591 2511 1326
f 587 2505 1278
f 588 2507 1266
f 594 2513 1302
f 597 2516 1320
f 600 2519 1344
f 634 2556 1565
f 619 2540 1463
f 639 2561 1589
f 602 2521 1350
f 624 2544 1524
f 608 2529 1421
f 610 2530 1398
f 627 2546 1500
f 630 2549 1518
f 635 2553 1560
f 615 2534 1428
f 617 2536 1434
f 637 2557 1571
f 604 2525 1373
f 164 1609 889
f 163 1605 883
f 165 1611 895
f 166 1614 901
f 167 1617 907
f 172 1631 937
f 190 1688 1045
f 219 1775 1219
f 215 1763 1195
f 201 1719 1111
f 179 1654 979
f 178 1650 973
f 180 1656 985
f 181 1659 991
f 182 1662 997
f 185 1672 1015
f 177 1646 967
f 197 1706 1087
f 206 1735 1141
f 208 1741 1153
f 218 1770 1213
f 188 1680 1033
f 168 1621 913
f 198 1711 1093
f 213 1756 1183
f 189 1684 1039
f 221 1780 1231
f 217 1767 1207
f 202 1722 1117
f 170 1627 925
f 209 1744 1159
f 184 1668 1009
f 173 1636 943
f 194 1699 1069
f 204 1730 1129
f 210 1748 1165
f 183 1666 1003
f 175 1642 955
f 196 1705 1081
f 207 1736 1147
f 192 1691 1057
f 169 1623 919
f 199 1713 1099
f 216 1764 1201
f 222 1781 1237
f 211 1749 1171
f 187 1677 1027
f 176 1645 961
f 195 1703 1075
f 203 1725 1123
f 186 1674 1021
f 174 1638 949
f 193 1695 1063
f 205 1732 1135
f 212 1752 1177
f 191 1690 1051
f 220 1777 1225
f 214 1759 1189
f 200 1717 1105
f 171 1630 931
f 358 2191 1322
f 256 1885 1274
f 261 1901 1262
f 387 2279 1298
f 399 2315 1316
f 351 2171 1340
f 348 2160 1561
f 300 2016 1459
f 366 2214 1585
f 267 1919 1346
f 340 2137 1520
f 287 1978 1417
f 291 1991 1394
f 369 2225 1496
f 395 2302 1514
f 354 2178 1556
f 345 2153 1424
f 297 2009 1430
f 363 2207 1567
f 270 1926 1369
f 247 1857 908
f 229 1803 890
f 223 1786 884
f 235 1822 896
f 241 1840 902
f 253 1876 920
f 355 2182 1058
f 398 2312 1238
f 386 2276 1202
f 260 1898 1100
f 325 2091 998
f 307 2037 980
f 278 1952 974
f 313 2056 986
f 319 2074 992
f 337 2128 1022
f 283 1966 950
f 290 1988 1064
f 368 2222 1136
f 392 2293 1178
f 356 2185 1232
f 254 1879 1040
f 259 1893 926
f 385 2271 1118
f 397 2307 1208
f 349 2163 1052
f 344 2150 1226
f 296 2006 1190
f 362 2204 1106
f 265 1911 932
f 338 2131 1166
f 284 1969 1004
f 289 1983 956
f 367 2217 1082
f 391 2290 1148
f 350 2168 1172
f 343 2145 1028
f 295 2001 962
f 361 2199 1076
f 266 1916 1124
f 230 1808 1034
f 224 1789 914
f 236 1825 1094
f 242 1843 1184
f 248 1862 1214
f 272 1933 1154
f 331 2110 1016
f 301 2020 968
f 373 2236 1088
f 380 2257 1142
f 308 2042 1010
f 277 1947 944
f 314 2059 1070
f 320 2077 1130
f 326 2096 1160
f 332 2113 1046
f 302 2023 1220
f 374 2239 1196
f 379 2254 1112
f 271 1930 938
f 234 1818 1279
f 227 1798 1255
f 239 1834 1291
f 245 1852 1309
f 252 1872 1327
f 275 1942 1375
f 334 2120 1537
f 304 2030 1448
f 377 2248 1574
f 382 2263 1364
f 312 2052 1483
f 279 1955 1387
f 316 2065 1436
f 323 2086 1507
f 330 2106 1525
f 335 2122 1543
f 305 2032 1465
f 376 2245 1454
f 383 2266 1580
f 274 1940 1358
f 232 1813 1267
f 225 1792 1243
f 237 1828 1250
f 243 1846 1286
f 250 1867 1304
f 273 1936 1334
f 336 2123 1549
f 306 2033 1471
f 378 2249 1597
f 381 2260 1352
f 311 2049 1477
f 281 1959 1399
f 315 2062 1406
f 321 2080 1490
f 328 2101 1502
f 333 2116 1531
f 303 2026 1412
f 375 2242 1442
f 384 2267 1592
f 276 1943 1381
f 251 1869 1321
f 233 1815 1273
f 228 1799 1261
f 240 1835 1297
f 246 1853 1315
f 258 1889 1339
f 360 2195 1562
f 401 2319 1460
f 389 2283 1586
f 263 1905 1345
f 329 2103 1519
f 310 2046 1418
f 280 1957 1393
f 318 2069 1495
f 324 2087 1513
f 342 2141 1555
f 288 1979 1423
f 292 1993 1429
f 371 2229 1568
f 393 2296 1370
f 357 2188 1280
f 255 1882 1256
f 262 1902 1292
f 388 2280 1310
f 400 2316 1328
f 352 2172 1376
f 347 2157 1538
f 298 2011 1447
f 364 2209 1573
f 269 1923 1363
f 339 2134 1484
f 285 1972 1388
f 293 1995 1435
f 370 2226 1508
f 396 2303 1526
f 353 2175 1544
f 346 2154 1466
f 299 2013 1453
f 365 2211 1579
f 268 1921 1357
f 249 1865 1268
f 231 1811 1244
f 226 1796 1249
f 238 1832 1285
f 244 1850 1303
f 257 1888 1333
f 359 2194 1550
f 402 2322 1472
f 390 2286 1598
f 264 1908 1351
f 327 2099 1478
f 309 2045 1400
f 282 1962 1405
f 317 2068 1489
f 322 2084 1501
f 341 2140 1532
f 286 1976 1411
f 294 1998 1441
f 372 2232 1591
f 394 2299 1382
f 416 2330 911
f 408 2324 893
f 406 2325 888
f 412 2332 900
f 415 2335 906
f 424 2344 924
f 492 2410 1062
f 582 2497 1242
f 565 2486 1206
f 514 2434 1104
f 461 2375 1001
f 453 2369 983
f 451 2370 978
f 457 2377 990
f 460 2380 996
f 475 2393 1026
f 439 2359 954
f 496 2415 1068
f 533 2455 1140
f 551 2461 1181
f 579 2489 1235
f 483 2399 1043
f 426 2341 929
f 521 2431 1121
f 566 2476 1211
f 489 2405 1055
f 578 2500 1230
f 560 2481 1194
f 518 2439 1110
f 429 2348 935
f 547 2465 1169
f 465 2383 1007
f 441 2356 959
f 504 2420 1085
f 537 2452 1152
f 550 2471 1176
f 476 2386 1031
f 444 2363 965
f 502 2422 1079
f 526 2445 1128
f 481 2400 1038
f 420 2338 917
f 510 2428 1097
f 555 2473 1187
f 571 2490 1218
f 540 2458 1157
f 473 2394 1020
f 447 2366 972
f 507 2425 1092
f 534 2444 1145
f 469 2389 1014
f 435 2353 947
f 498 2414 1073
f 529 2449 1133
f 545 2466 1164
f 487 2407 1049
f 574 2494 1223
f 562 2480 1199
f 520 2438 1116
f 432 2351 942
f 589 2510 1283
f 583 2504 1259
f 586 2508 1295
f 593 2514 1313
f 596 2517 1331
f 599 2520 1379
f 633 2554 1541
f 620 2539 1452
f 640 2560 1578
f 603 2523 1368
f 622 2543 1487
f 607 2527 1391
f 612 2532 1440
f 626 2547 1511
f 629 2550 1529
f 631 2552 1547
f 614 2535 1469
f 618 2538 1458
f 641 2558 1584
f 605 2524 1362
f 164 1607 1609
f 163 1603 1605
f 165 1604 1611
f 166 1610 1614
f 167 1613 1617
f 172 1622 1631
f 190 1686 1688
f 219 1773 1775
f 215 1761 1763
f 201 1712 1719
f 179 1652 1654
f 178 1648 1650
f 180 1649 1656
f 181 1655 1659
f 182 1658 1662
f 185 1670 1672
f 177 1637 1646
f 197 1694 1706
f 206 1731 1735
f 208 1739 1741
f 218 1768 1770
f 188 1678 1680
f 168 1619 1621
f 198 1709 1711
f 213 1754 1756
f 189 1682 1684
f 221 1776 1780
f 217 1758 1767
f 202 1716 1722
f 170 1625 1627
f 209 1742 1744
f 184 1663 1668
f 173 1634 1636
f 194 1697 1699
f 204 1728 1730
f 210 1746 1748
f 183 1664 1666
f 175 1640 1642
f 196 1700 1705
f 207 1724 1736
f 192 1679 1691
f 169 1618 1623
f 199 1708 1713
f 216 1753 1764
f 222 1769 1781
f 211 1738 1749
f 187 1671 1677
f 176 1643 1645
f 195 1701 1703
f 203 1723 1725
f 186 1667 1674
f 174 1633 1638
f 193 1693 1695
f 205 1727 1732
f 212 1743 1752
f 191 1685 1690
f 220 1772 1777
f 214 1757 1759
f 200 1715 1717
f 171 1628 1630
f 358 2187 2191
f 256 1881 1885
f 261 1899 1901
f 387 2277 2279
f 399 2313 2315
f 351 2169 2171
f 348 2156 2160
f 300 2010 2016
f 366 2208 2214
f 267 1917 1919
f 340 2133 2137
f 287 1971 1978
f 291 1989 1991
f 369 2223 2225
f 395 2300 2302
f 354 2174 2178
f 345 2151 2153
f 297 2007 2009
f 363 2205 2207
f 270 1920 1926
f 247 1855 1857
f 229 1801 1803
f 223 1784 1786
f 235 1820 1822
f 241 1838 1840
f 253 1874 1876
f 355 2180 2182
f 398 2310 2312
f 386 2274 2276
f 260 1896 1898
f 325 2089 2091
f 307 2035 2037
f 278 1950 1952
f 313 2054 2056
f 319 2072 2074
f 337 2126 2128
f 283 1964 1966
f 290 1986 1988
f 368 2220 2222
f 392 2291 2293
f 356 2183 2185
f 254 1877 1879
f 259 1891 1893
f 385 2269 2271
f 397 2305 2307
f 349 2161 2163
f 344 2148 2150
f 296 2004 2006
f 362 2202 2204
f 265 1909 1911
f 338 2129 2131
f 284 1967 1969
f 289 1981 1983
f 367 2215 2217
f 391 2288 2290
f 350 2166 2168
f 343 2143 2145
f 295 1999 2001
f 361 2197 2199
f 266 1914 1916
f 230 1806 1808
f 224 1787 1789
f 236 1823 1825
f 242 1841 1843
f 248 1860 1862
f 272 1931 1933
f 331 2108 2110
f 301 2018 2020
f 373 2234 2236
f 380 2255 2257
f 308 2040 2042
f 277 1945 1947
f 314 2057 2059
f 320 2075 2077
f 326 2094 2096
f 332 2111 2113
f 302 2021 2023
f 374 2237 2239
f 379 2252 2254
f 271 1928 1930
f 234 1812 1818
f 227 1791 1798
f 239 1827 1834
f 245 1845 1852
f 252 1866 1872
f 275 1935 1942
f 334 2118 2120
f 304 2028 2030
f 377 2246 2248
f 382 2259 2263
f 312 2048 2052
f 279 1953 1955
f 316 2061 2065
f 323 2079 2086
f 330 2100 2106
f 335 2115 2122
f 305 2025 2032
f 376 2241 2245
f 383 2264 2266
f 274 1938 1940
f 232 1802 1813
f 225 1783 1792
f 237 1819 1828
f 243 1837 1846
f 250 1856 1867
f 273 1927 1936
f 336 2112 2123
f 306 2022 2033
f 378 2238 2249
f 381 2251 2260
f 311 2036 2049
f 281 1949 1959
f 315 2053 2062
f 321 2071 2080
f 328 2090 2101
f 333 2107 2116
f 303 2017 2026
f 375 2233 2242
f 384 2256 2267
f 276 1932 1943
f 251 1859 1869
f 233 1805 1815
f 228 1788 1799
f 240 1824 1835
f 246 1842 1853
f 258 1878 1889
f 360 2184 2195
f 401 2306 2319
f 389 2270 2283
f 263 1892 1905
f 329 2093 2103
f 310 2039 2046
f 280 1946 1957
f 318 2058 2069
f 324 2076 2087
f 342 2130 2141
f 288 1968 1979
f 292 1982 1993
f 371 2216 2229
f 393 2287 2296
f 357 2179 2188
f 255 1873 1882
f 262 1895 1902
f 388 2273 2280
f 400 2309 2316
f 352 2165 2172
f 347 2144 2157
f 298 2000 2011
f 364 2198 2209
f 269 1913 1923
f 339 2125 2134
f 285 1963 1972
f 293 1985 1995
f 370 2219 2226
f 396 2292 2303
f 353 2162 2175
f 346 2147 2154
f 299 2003 2013
f 365 2201 2211
f 268 1910 1921
f 249 1863 1865
f 231 1809 1811
f 226 1794 1796
f 238 1830 1832
f 244 1848 1850
f 257 1886 1888
f 359 2192 2194
f 402 2318 2322
f 390 2282 2286
f 264 1904 1908
f 327 2097 2099
f 309 2043 2045
f 282 1956 1962
f 317 2066 2068
f 322 2082 2084
f 341 2138 2140
f 286 1974 1976
f 294 1992 1998
f 372 2228 2232
f 394 2295 2299
f 416 2331 2330
f 408 2327 2324
f 406 2328 2325
f 412 2334 2332
f 415 2337 2335
f 424 2346 2344
f 492 2412 2410
f 582 2499 2497
f 565 2487 2486
f 514 2436 2434
f 461 2376 2375
f 453 2372 2369
f 451 2373 2370
f 457 2379 2377
f 460 2382 2380
f 475 2396 2393
f 439 2361 2359
f 496 2418 2415
f 533 2457 2455
f 551 2463 2461
f 579 2492 2489
f 483 2402 2399
f 426 2343 2341
f 521 2433 2431
f 566 2478 2476
f 489 2406 2405
f 578 2502 2500
f 560 2484 2481
f 518 2442 2439
f 429 2349 2348
f 547 2468 2465
f 465 2387 2383
f 441 2358 2356
f 504 2421 2420
f 537 2454 2452
f 550 2472 2471
f 476 2388 2386
f 444 2364 2363
f 502 2426 2422
f 526 2448 2445
f 481 2403 2400
f 420 2342 2338
f 510 2432 2428
f 555 2477 2473
f 571 2493 2490
f 540 2462 2458
f 473 2397 2394
f 447 2367 2366
f 507 2427 2425
f 534 2447 2444
f 469 2391 2389
f 435 2357 2353
f 498 2417 2414
f 529 2453 2449
f 545 2469 2466
f 487 2411 2407
f 574 2498 2494
f 562 2483 2480
f 520 2441 2438
f 432 2352 2351
f 589 2509 2510
f 583 2503 2504
f 586 2506 2508
f 593 2512 2514
f 596 2515 2517
f 599 2518 2520
f 633 2555 2554
f 620 2541 2539
f 640 2562 2560
f 603 2522 2523
f 622 2542 2543
f 607 2528 2527
f 612 2531 2532
f 626 2545 2547
f 629 2548 2550
f 631 2551 2552
f 614 2533 2535
f 618 2537 2538
f 641 2559 2558
f 605 2526 2524
f 164 644 1607
f 163 643 1603
f 165 645 1604
f 166 646 1610
f 167 647 1613
f 172 652 1622
f 190 670 1686
f 219 699 1773
f 215 695 1761
f 201 681 1712
f 179 659 1652
f 178 658 1648
f 180 660 1649
f 181 661 1655
f 182 662 1658
f 185 665 1670
f 177 657 1637
f 197 677 1694
f 206 686 1731
f 208 688 1739
f 218 698 1768
f 188 668 1678
f 168 648 1619
f 198 678 1709
f 213 693 1754
f 189 669 1682
f 221 701 1776
f 217 697 1758
f 202 682 1716
f 170 650 1625
f 209 689 1742
f 184 664 1663
f 173 653 1634
f 194 674 1697
f 204 684 1728
f 210 690 1746
f 183 663 1664
f 175 655 1640
f 196 676 1700
f 207 687 1724
f 192 672 1679
f 169 649 1618
f 199 679 1708
f 216 696 1753
f 222 702 1769
f 211 691 1738
f 187 667 1671
f 176 656 1643
f 195 675 1701
f 203 683 1723
f 186 666 1667
f 174 654 1633
f 193 673 1693
f 205 685 1727
f 212 692 1743
f 191 671 1685
f 220 700 1772
f 214 694 1757
f 200 680 1715
f 171 651 1628
f 358 838 2187
f 256 736 1881
f 261 741 1899
f 387 867 2277
f 399 879 2313
f 351 831 2169
f 348 828 2156
f 300 780 2010
f 366 846 2208
f 267 747 1917
f 340 820 2133
f 287 767 1971
f 291 771 1989
f 369 849 2223
f 395 875 2300
f 354 834 2174
f 345 825 2151
f 297 777 2007
f 363 843 2205
f 270 750 1920
f 247 727 1855
f 229 709 1801
f 223 703 1784
f 235 715 1820
f 241 721 1838
f 253 733 1874
f 355 835 2180
f 398 878 2310
f 386 866 2274
f 260 740 1896
f 325 805 2089
f 307 787 2035
f 278 758 1950
f 313 793 2054
f 319 799 2072
f 337 817 2126
f 283 763 1964
f 290 770 1986
f 368 848 2220
f 392 872 2291
f 356 836 2183
f 254 734 1877
f 259 739 1891
f 385 865 2269
f 397 877 2305
f 349 829 2161
f 344 824 2148
f 296 776 2004
f 362 842 2202
f 265 745 1909
f 338 818 2129
f 284 764 1967
f 289 769 1981
f 367 847 2215
f 391 871 2288
f 350 830 2166
f 343 823 2143
f 295 775 1999
f 361 841 2197
f 266 746 1914
f 230 710 1806
f 224 704 1787
f 236 716 1823
f 242 722 1841
f 248 728 1860
f 272 752 1931
f 331 811 2108
f 301 781 2018
f 373 853 2234
f 380 860 2255
f 308 788 2040
f 277 757 1945
f 314 794 2057
f 320 800 2075
f 326 806 2094
f 332 812 2111
f 302 782 2021
f 374 854 2237
f 379 859 2252
f 271 751 1928
f 234 714 1812
f 227 707 1791
f 239 719 1827
f 245 725 1845
f 252 732 1866
f 275 755 1935
f 334 814 2118
f 304 784 2028
f 377 857 2246
f 382 862 2259
f 312 792 2048
f 279 759 1953
f 316 796 2061
f 323 803 2079
f 330 810 2100
f 335 815 2115
f 305 785 2025
f 376 856 2241
f 383 863 2264
f 274 754 1938
f 232 712 1802
f 225 705 1783
f 237 717 1819
f 243 723 1837
f 250 730 1856
f 273 753 1927
f 336 816 2112
f 306 786 2022
f 378 858 2238
f 381 861 2251
f 311 791 2036
f 281 761 1949
f 315 795 2053
f 321 801 2071
f 328 808 2090
f 333 813 2107
f 303 783 2017
f 375 855 2233
f 384 864 2256
f 276 756 1932
f 251 731 1859
f 233 713 1805
f 228 708 1788
f 240 720 1824
f 246 726 1842
f 258 738 1878
f 360 840 2184
f 401 881 2306
f 389 869 2270
f 263 743 1892
f 329 809 2093
f 310 790 2039
f 280 760 1946
f 318 798 2058
f 324 804 2076
f 342 822 2130
f 288 768 1968
f 292 772 1982
f 371 851 2216
f 393 873 2287
f 357 837 2179
f 255 735 1873
f 262 742 1895
f 388 868 2273
f 400 880 2309
f 352 832 2165
f 347 827 2144
f 298 778 2000
f 364 844 2198
f 269 749 1913
f 339 819 2125
f 285 765 1963
f 293 773 1985
f 370 850 2219
f 396 876 2292
f 353 833 2162
f 346 826 2147
f 299 779 2003
f 365 845 2201
f 268 748 1910
f 249 729 1863
f 231 711 1809
f 226 706 1794
f 238 718 1830
f 244 724 1848
f 257 737 1886
f 359 839 2192
f 402 882 2318
f 390 870 2282
f 264 744 1904
f 327 807 2097
f 309 789 2043
f 282 762 1956
f 317 797 2066
f 322 802 2082
f 341 821 2138
f 286 766 1974
f 294 774 1992
f 372 852 2228
f 394 874 2295
f 416 1270 2331
f 408 1246 2327
f 406 1251 2328
f 412 1287 2334
f 415 1305 2337
f 424 1335 2346
f 492 1552 2412
f 582 1474 2499
f 565 1600 2487
f 514 1353 2436
f 461 1480 2376
f 453 1402 2372
f 451 1407 2373
f 457 1491 2379
f 460 1503 2382
f 475 1534 2396
f 439 1413 2361
f 496 1443 2418
f 533 1593 2457
f 551 1384 2463
f 579 1324 2492
f 483 1276 2402
f 426 1264 2343
f 521 1300 2433
f 566 1318 2478
f 489 1342 2406
f 578 1563 2502
f 560 1461 2484
f 518 1587 2442
f 429 1348 2349
f 547 1522 2468
f 465 1419 2387
f 441 1396 2358
f 504 1498 2421
f 537 1516 2454
f 550 1558 2472
f 476 1426 2388
f 444 1432 2364
f 502 1569 2426
f 526 1371 2448
f 481 1281 2403
f 420 1257 2342
f 510 1293 2432
f 555 1311 2477
f 571 1329 2493
f 540 1377 2462
f 473 1539 2397
f 447 1450 2367
f 507 1576 2427
f 534 1366 2447
f 469 1485 2391
f 435 1389 2357
f 498 1438 2417
f 529 1509 2453
f 545 1527 2469
f 487 1545 2411
f 574 1467 2498
f 562 1456 2483
f 520 1582 2441
f 432 1360 2352
f 589 1271 2509
f 583 1247 2503
f 586 1254 2506
f 593 1290 2512
f 596 1308 2515
f 599 1338 2518
f 633 1553 2555
f 620 1475 2541
f 640 1601 2562
f 603 1356 2522
f 622 1481 2542
f 607 1403 2528
f 612 1410 2531
f 626 1494 2545
f 629 1506 2548
f 631 1535 2551
f 614 1416 2533
f 618 1446 2537
f 641 1596 2559
f 605 1385 2526
f 167 907 1616
f 164 889 1608
f 163 883 1606
f 165 895 1612
f 166 901 1615
f 169 919 1624
f 192 1057 1692
f 222 1237 1782
f 216 1201 1765
f 199 1099 1714
f 182 997 1661
f 179 979 1653
f 178 973 1651
f 180 985 1657
f 181 991 1660
f 186 1021 1675
f 174 949 1639
f 193 1063 1696
f 205 1135 1733
f 212 1177 1751
f 221 1231 1779
f 189 1039 1683
f 170 925 1626
f 202 1117 1721
f 217 1207 1766
f 191 1051 1689
f 220 1225 1778
f 214 1189 1760
f 200 1105 1718
f 171 931 1629
f 210 1165 1747
f 183 1003 1665
f 175 955 1641
f 196 1081 1704
f 207 1147 1737
f 211 1171 1750
f 187 1027 1676
f 176 961 1644
f 195 1075 1702
f 203 1123 1726
f 188 1033 1681
f 168 913 1620
f 198 1093 1710
f 213 1183 1755
f 218 1213 1771
f 208 1153 1740
f 185 1015 1673
f 177 967 1647
f 197 1087 1707
f 206 1141 1734
f 184 1009 1669
f 173 943 1635
f 194 1069 1698
f 204 1129 1729
f 209 1159 1745
f 190 1045 1687
f 219 1219 1774
f 215 1195 1762
f 201 1111 1720
f 172 937 1632
f 357 1280 2189
f 255 1256 1883
f 262 1292 1903
f 388 1310 2281
f 400 1328 2317
f 352 1376 2173
f 347 1538 2158
f 298 1447 2012
f 364 1573 2210
f 269 1363 1924
f 339 1484 2135
f 285 1388 1973
f 293 1435 1996
f 370 1508 2227
f 396 1526 2304
f 353 1544 2176
f 346 1466 2155
f 299 1453 2014
f 365 1579 2212
f 268 1357 1922
f 249 1268 1864
f 231 1244 1810
f 226 1249 1795
f 238 1285 1831
f 244 1303 1849
f 257 1333 1887
f 359 1550 2193
f 402 1472 2321
f 390 1598 2285
f 264 1351 1907
f 327 1478 2098
f 309 1400 2044
f 282 1405 1961
f 317 1489 2067
f 322 1501 2083
f 341 1532 2139
f 286 1411 1975
f 294 1441 1997
f 372 1591 2231
f 394 1382 2298
f 358 1322 2190
f 256 1274 1884
f 261 1262 1900
f 387 1298 2278
f 399 1316 2314
f 351 1340 2170
f 348 1561 2159
f 300 1459 2015
f 366 1585 2213
f 267 1346 1918
f 340 1520 2136
f 287 1417 1977
f 291 1394 1990
f 369 1496 2224
f 395 1514 2301
f 354 1556 2177
f 345 1424 2152
f 297 1430 2008
f 363 1567 2206
f 270 1369 1925
f 234 1279 1817
f 227 1255 1797
f 239 1291 1833
f 245 1309 1851
f 252 1327 1871
f 275 1375 1941
f 334 1537 2119
f 304 1448 2029
f 377 1574 2247
f 382 1364 2262
f 312 1483 2051
f 279 1387 1954
f 316 1436 2064
f 323 1507 2085
f 330 1525 2105
f 335 1543 2121
f 305 1465 2031
f 376 1454 2244
f 383 1580 2265
f 274 1358 1939
f 232 1267 1814
f 225 1243 1793
f 237 1250 1829
f 243 1286 1847
f 250 1304 1868
f 273 1334 1937
f 336 1549 2124
f 306 1471 2034
f 378 1597 2250
f 381 1352 2261
f 311 1477 2050
f 281 1399 1960
f 315 1406 2063
f 321 1490 2081
f 328 1502 2102
f 333 1531 2117
f 303 1412 2027
f 375 1442 2243
f 384 1592 2268
f 276 1381 1944
f 229 890 1804
f 223 884 1785
f 235 896 1821
f 241 902 1839
f 247 908 1858
f 271 938 1929
f 332 1046 2114
f 302 1220 2024
f 374 1196 2240
f 379 1112 2253
f 307 980 2038
f 278 974 1951
f 313 986 2055
f 319 992 2073
f 325 998 2092
f 331 1016 2109
f 301 968 2019
f 373 1088 2235
f 380 1142 2258
f 272 1154 1934
f 248 1214 1861
f 230 1034 1807
f 224 914 1790
f 236 1094 1826
f 242 1184 1844
f 254 1040 1880
f 356 1232 2186
f 397 1208 2308
f 385 1118 2272
f 259 926 1894
f 326 1160 2095
f 308 1010 2041
f 277 944 1948
f 314 1070 2060
f 320 1130 2078
f 338 1166 2132
f 284 1004 1970
f 289 956 1984
f 367 1082 2218
f 391 1148 2289
f 355 1058 2181
f 253 920 1875
f 260 1100 1897
f 386 1202 2275
f 398 1238 2311
f 350 1172 2167
f 343 1028 2146
f 295 962 2002
f 361 1076 2200
f 266 1124 1915
f 337 1022 2127
f 283 950 1965
f 290 1064 1987
f 368 1136 2221
f 392 1178 2294
f 349 1052 2164
f 344 1226 2149
f 296 1190 2005
f 362 1106 2203
f 265 932 1912
f 251 1321 1870
f 233 1273 1816
f 228 1261 1800
f 240 1297 1836
f 246 1315 1854
f 258 1339 1890
f 360 1562 2196
f 401 1460 2320
f 389 1586 2284
f 263 1345 1906
f 329 1519 2104
f 310 1418 2047
f 280 1393 1958
f 318 1495 2070
f 324 1513 2088
f 342 1555 2142
f 288 1423 1980
f 292 1429 1994
f 371 1568 2230
f 393 1370 2297
f 409 894 2329
f 405 887 2323
f 411 899 2326
f 414 905 2333
f 417 912 2336
f 431 941 2345
f 488 1050 2409
f 575 1224 2496
f 563 1200 2485
f 519 1115 2435
f 454 984 2374
f 450 977 2368
f 456 989 2371
f 459 995 2378
f 462 1002 2381
f 472 1019 2392
f 446 971 2360
f 506 1091 2416
f 535 1146 2456
f 541 1158 2460
f 570 1217 2488
f 480 1037 2398
f 421 918 2340
f 511 1098 2430
f 556 1188 2475
f 484 1044 2404
f 580 1236 2501
f 567 1212 2482
f 522 1122 2440
f 427 930 2347
f 544 1163 2464
f 468 1013 2384
f 436 948 2355
f 499 1074 2419
f 530 1134 2451
f 548 1170 2470
f 466 1008 2385
f 442 960 2362
f 505 1086 2423
f 536 1151 2446
f 491 1061 2401
f 423 923 2339
f 513 1103 2429
f 564 1205 2474
f 581 1241 2491
f 549 1175 2459
f 477 1032 2395
f 445 966 2365
f 503 1080 2424
f 525 1127 2443
f 474 1025 2390
f 438 953 2354
f 495 1067 2413
f 532 1139 2450
f 552 1182 2467
f 490 1056 2408
f 577 1229 2495
f 559 1193 2479
f 517 1109 2437
f 430 936 2350
f 590 1325 2511
f 584 1277 2505
f 585 1265 2507
f 592 1301 2513
f 595 1319 2516
f 598 1343 2519
f 636 1566 2556
f 621 1464 2540
f 642 1590 2561
f 601 1349 2521
f 623 1523 2544
f 611 1422 2529
f 609 1397 2530
f 625 1499 2546
f 628 1517 2549
f 632 1559 2553
f 613 1427 2534
f 616 1433 2536
f 638 1572 2557
f 606 1374 2525
f 407 892 1609
f 403 885 1605
f 404 897 1611
f 410 903 1614
f 413 910 1617
f 422 939 1631
f 486 1048 1688
f 573 1222 1775
f 561 1198 1763
f 512 1113 1719
f 452 982 1654
f 448 975 1650
f 449 987 1656
f 455 993 1659
f 458 1000 1662
f 470 1017 1672
f 437 969 1646
f 494 1089 1706
f 531 1144 1735
f 539 1156 1741
f 568 1215 1770
f 478 1035 1680
f 419 916 1621
f 509 1096 1711
f 554 1186 1756
f 482 1042 1684
f 576 1234 1780
f 558 1210 1767
f 516 1120 1722
f 425 928 1627
f 542 1161 1744
f 463 1011 1668
f 434 946 1636
f 497 1072 1699
f 528 1132 1730
f 546 1168 1748
f 464 1006 1666
f 440 958 1642
f 500 1084 1705
f 524 1149 1736
f 479 1059 1691
f 418 921 1623
f 508 1101 1713
f 553 1203 1764
f 569 1239 1781
f 538 1173 1749
f 471 1030 1677
f 443 964 1645
f 501 1078 1703
f 523 1125 1725
f 467 1023 1674
f 433 951 1638
f 493 1065 1695
f 527 1137 1732
f 543 1180 1752
f 485 1054 1690
f 572 1227 1777
f 557 1191 1759
f 515 1107 1717
f 428 934 1630
f 591 1326 2191
f 587 1278 1885
f 588 1266 1901
f 594 1302 2279
f 597 1320 2315
f 600 1344 2171
f 634 1565 2160
f 619 1463 2016
f 639 1589 2214
f 602 1350 1919
f 624 1524 2137
f 608 1421 1978
f 610 1398 1991
f 627 1500 2225
f 630 1518 2302
f 635 1560 2178
f 615 1428 2153
f 617 1434 2009
f 637 1571 2207
f 604 1373 1926
f 416 911 1857
f 408 893 1803
f 406 888 1786
f 412 900 1822
f 415 906 1840
f 424 924 1876
f 492 1062 2182
f 582 1242 2312
f 565 1206 2276
f 514 1104 1898
f 461 1001 2091
f 453 983 2037
f 451 978 1952
f 457 990 2056
f 460 996 2074
f 475 1026 2128
f 439 954 1966
f 496 1068 1988
f 533 1140 2222
f 551 1181 2293
f 579 1235 2185
f 483 1043 1879
f 426 929 1893
f 521 1121 2271
f 566 1211 2307
f 489 1055 2163
f 578 1230 2150
f 560 1194 2006
f 518 1110 2204
f 429 935 1911
f 547 1169 2131
f 465 1007 1969
f 441 959 1983
f 504 1085 2217
f 537 1152 2290
f 550 1176 2168
f 476 1031 2145
f 444 965 2001
f 502 1079 2199
f 526 1128 1916
f 481 1038 1808
f 420 917 1789
f 510 1097 1825
f 555 1187 1843
f 571 1218 1862
f 540 1157 1933
f 473 1020 2110
f 447 972 2020
f 507 1092 2236
f 534 1145 2257
f 469 1014 2042
f 435 947 1947
f 498 1073 2059
f 529 1133 2077
f 545 1164 2096
f 487 1049 2113
f 574 1223 2023
f 562 1199 2239
f 520 1116 2254
f 432 942 1930
f 589 1283 1818
f 583 1259 1798
f 586 1295 1834
f 593 1313 1852
f 596 1331 1872
f 599 1379 1942
f 633 1541 2120
f 620 1452 2030
f 640 1578 2248
f 603 1368 2263
f 622 1487 2052
f 607 1391 1955
f 612 1440 2065
f 626 1511 2086
f 629 1529 2106
f 631 1547 2122
f 614 1469 2032
f 618 1458 2245
f 641 1584 2266
f 605 1362 1940
f 409 1269 1813
f 405 1245 1792
f 411 1252 1828
f 414 1288 1846
f 417 1306 1867
f 431 1336 1936
f 488 1551 2123
f 575 1473 2033
f 563 1599 2249
f 519 1354 2260
f 454 1479 2049
f 450 1401 1959
f 456 1408 2062
f 459 1492 2080
f 462 1504 2101
f 472 1533 2116
f 446 1414 2026
f 506 1444 2242
f 535 1594 2267
f 541 1383 1943
f 570 1323 1869
f 480 1275 1815
f 421 1263 1799
f 511 1299 1835
f 556 1317 1853
f 484 1341 1889
f 580 1564 2195
f 567 1462 2319
f 522 1588 2283
f 427 1347 1905
f 544 1521 2103
f 468 1420 2046
f 436 1395 1957
f 499 1497 2069
f 530 1515 2087
f 548 1557 2141
f 466 1425 1979
f 442 1431 1993
f 505 1570 2229
f 536 1372 2296
f 491 1282 2188
f 423 1258 1882
f 513 1294 1902
f 564 1312 2280
f 581 1330 2316
f 549 1378 2172
f 477 1540 2157
f 445 1449 2011
f 503 1575 2209
f 525 1365 1923
f 474 1486 2134
f 438 1390 1972
f 495 1437 1995
f 532 1510 2226
f 552 1528 2303
f 490 1546 2175
f 577 1468 2154
f 559 1455 2013
f 517 1581 2211
f 430 1359 1921
f 590 1272 1865
f 584 1248 1811
f 585 1253 1796
f 592 1289 1832
f 595 1307 1850
f 598 1337 1888
f 636 1554 2194
f 621 1476 2322
f 642 1602 2286
f 601 1355 1908
f 623 1482 2099
f 611 1404 2045
f 609 1409 1962
f 625 1493 2068
f 628 1505 2084
f 632 1536 2140
f 613 1415 1976
f 616 1445 1998
f 638 1595 2232
f 606 1386 2299
f 407 909 2330
f 403 891 2324
f 404 886 2325
f 410 898 2332
f 413 904 2335
f 422 922 2344
f 486 1060 2410
f 573 1240 2497
f 561 1204 2486
f 512 1102 2434
f 452 999 2375
f 448 981 2369
f 449 976 2370
f 455 988 2377
f 458 994 2380
f 470 1024 2393
f 437 952 2359
f 494 1066 2415
f 531 1138 2455
f 539 1179 2461
f 568 1233 2489
f 478 1041 2399
f 419 927 2341
f 509 1119 2431
f 554 1209 2476
f 482 1053 2405
f 576 1228 2500
f 558 1192 2481
f 516 1108 2439
f 425 933 2348
f 542 1167 2465
f 463 1005 2383
f 434 957 2356
f 497 1083 2420
f 528 1150 2452
f 546 1174 2471
f 464 1029 2386
f 440 963 2363
f 500 1077 2422
f 524 1126 2445
f 479 1036 2400
f 418 915 2338
f 508 1095 2428
f 553 1185 2473
f 569 1216 2490
f 538 1155 2458
f 471 1018 2394
f 443 970 2366
f 501 1090 2425
f 523 1143 2444
f 467 1012 2389
f 433 945 2353
f 493 1071 2414
f 527 1131 2449
f 543 1162 2466
f 485 1047 2407
f 572 1221 2494
f 557 1197 2480
f 515 1114 2438
f 428 940 2351
f 591 1284 2510
f 587 1260 2504
f 588 1296 2508
f 594 1314 2514
f 597 1332 2517
f 600 1380 2520
f 634 1542 2554
f 619 1451 2539
f 639 1577 2560
f 602 1367 2523
f 624 1488 2543
f 608 1392 2527
f 610 1439 2532
f 627 1512 2547
f 630 1530 2550
f 635 1548 2552
f 615 1470 2535
f 617 1457 2538
f 637 1583 2558
f 604 1361 2524
f 167 1616 1607
f 164 1608 1603
f 163 1606 1604
f 165 1612 1610
f 166 1615 1613
f 169 1624 1622
f 192 1692 1686
f 222 1782 1773
f 216 1765 1761
f 199 1714 1712
f 182 1661 1652
f 179 1653 1648
f 178 1651 1649
f 180 1657 1655
f 181 1660 1658
f 186 1675 1670
f 174 1639 1637
f 193 1696 1694
f 205 1733 1731
f 212 1751 1739
f 221 1779 1768
f 189 1683 1678
f 170 1626 1619
f 202 1721 1709
f 217 1766 1754
f 191 1689 1682
f 220 1778 1776
f 214 1760 1758
f 200 1718 1716
f 171 1629 1625
f 210 1747 1742
f 183 1665 1663
f 175 1641 1634
f 196 1704 1697
f 207 1737 1728
f 211 1750 1746
f 187 1676 1664
f 176 1644 1640
f 195 1702 1700
f 203 1726 1724
f 188 1681 1679
f 168 1620 1618
f 198 1710 1708
f 213 1755 1753
f 218 1771 1769
f 208 1740 1738
f 185 1673 1671
f 177 1647 1643
f 197 1707 1701
f 206 1734 1723
f 184 1669 1667
f 173 1635 1633
f 194 1698 1693
f 204 1729 1727
f 209 1745 1743
f 190 1687 1685
f 219 1774 1772
f 215 1762 1757
f 201 1720 1715
f 172 1632 1628
f 357 2189 2187
f 255 1883 1881
f 262 1903 1899
f 388 2281 2277
f 400 2317 2313
f 352 2173 2169
f 347 2158 2156
f 298 2012 2010
f 364 2210 2208
f 269 1924 1917
f 339 2135 2133
f 285 1973 1971
f 293 1996 1989
f 370 2227 2223
f 396 2304 2300
f 353 2176 2174
f 346 2155 2151
f 299 2014 2007
f 365 2212 2205
f 268 1922 1920
f 249 1864 1855
f 231 1810 1801
f 226 1795 1784
f 238 1831 1820
f 244 1849 1838
f 257 1887 1874
f 359 2193 2180
f 402 2321 2310
f 390 2285 2274
f 264 1907 1896
f 327 2098 2089
f 309 2044 2035
f 282 1961 1950
f 317 2067 2054
f 322 2083 2072
f 341 2139 2126
f 286 1975 1964
f 294 1997 1986
f 372 2231 2220
f 394 2298 2291
f 358 2190 2183
f 256 1884 1877
f 261 1900 1891
f 387 2278 2269
f 399 2314 2305
f 351 2170 2161
f 348 2159 2148
f 300 2015 2004
f 366 2213 2202
f 267 1918 1909
f 340 2136 2129
f 287 1977 1967
f 291 1990 1981
f 369 2224 2215
f 395 2301 2288
f 354 2177 2166
f 345 2152 2143
f 297 2008 1999
f 363 2206 2197
f 270 1925 1914
f 234 1817 1806
f 227 1797 1787
f 239 1833 1823
f 245 1851 1841
f 252 1871 1860
f 275 1941 1931
f 334 2119 2108
f 304 2029 2018
f 377 2247 2234
f 382 2262 2255
f 312 2051 2040
f 279 1954 1945
f 316 2064 2057
f 323 2085 2075
f 330 2105 2094
f 335 2121 2111
f 305 2031 2021
f 376 2244 2237
f 383 2265 2252
f 274 1939 1928
f 232 1814 1812
f 225 1793 1791
f 237 1829 1827
f 243 1847 1845
f 250 1868 1866
f 273 1937 1935
f 336 2124 2118
f 306 2034 2028
f 378 2250 2246
f 381 2261 2259
f 311 2050 2048
f 281 1960 1953
f 315 2063 2061
f 321 2081 2079
f 328 2102 2100
f 333 2117 2115
f 303 2027 2025
f 375 2243 2241
f 384 2268 2264
f 276 1944 1938
f 229 1804 1802
f 223 1785 1783
f 235 1821 1819
f 241 1839 1837
f 247 1858 1856
f 271 1929 1927
f 332 2114 2112
f 302 2024 2022
f 374 2240 2238
f 379 2253 2251
f 307 2038 2036
f 278 1951 1949
f 313 2055 2053
f 319 2073 2071
f 325 2092 2090
f 331 2109 2107
f 301 2019 2017
f 373 2235 2233
f 380 2258 2256
f 272 1934 1932
f 248 1861 1859
f 230 1807 1805
f 224 1790 1788
f 236 1826 1824
f 242 1844 1842
f 254 1880 1878
f 356 2186 2184
f 397 2308 2306
f 385 2272 2270
f 259 1894 1892
f 326 2095 2093
f 308 2041 2039
f 277 1948 1946
f 314 2060 2058
f 320 2078 2076
f 338 2132 2130
f 284 1970 1968
f 289 1984 1982
f 367 2218 2216
f 391 2289 2287
f 355 2181 2179
f 253 1875 1873
f 260 1897 1895
f 386 2275 2273
f 398 2311 2309
f 350 2167 2165
f 343 2146 2144
f 295 2002 2000
f 361 2200 2198
f 266 1915 1913
f 337 2127 2125
f 283 1965 1963
f 290 1987 1985
f 368 2221 2219
f 392 2294 2292
f 349 2164 2162
f 344 2149 2147
f 296 2005 2003
f 362 2203 2201
f 265 1912 1910
f 251 1870 1863
f 233 1816 1809
f 228 1800 1794
f 240 1836 1830
f 246 1854 1848
f 258 1890 1886
f 360 2196 2192
f 401 2320 2318
f 389 2284 2282
f 263 1906 1904
f 329 2104 2097
f 310 2047 2043
f 280 1958 1956
f 318 2070 2066
f 324 2088 2082
f 342 2142 2138
f 288 1980 1974
f 292 1994 1992
f 371 2230 2228
f 393 2297 2295
f 409 2329 2331
f 405 2323 2327
f 411 2326 2328
f 414 2333 2334
f 417 2336 2337
f 431 2345 2346
f 488 2409 2412
f 575 2496 2499
f 563 2485 2487
f 519 2435 2436
f 454 2374 2376
f 450 2368 2372
f 456 2371 2373
f 459 2378 2379
f 462 2381 2382
f 472 2392 2396
f 446 2360 2361
f 506 2416 2418
f 535 2456 2457
f 541 2460 2463
f 570 2488 2492
f 480 2398 2402
f 421 2340 2343
f 511 2430 2433
f 556 2475 2478
f 484 2404 2406
f 580 2501 2502
f 567 2482 2484
f 522 2440 2442
f 427 2347 2349
f 544 2464 2468
f 468 2384 2387
f 436 2355 2358
f 499 2419 2421
f 530 2451 2454
f 548 2470 2472
f 466 2385 2388
f 442 2362 2364
f 505 2423 2426
f 536 2446 2448
f 491 2401 2403
f 423 2339 2342
f 513 2429 2432
f 564 2474 2477
f 581 2491 2493
f 549 2459 2462
f 477 2395 2397
f 445 2365 2367
f 503 2424 2427
f 525 2443 2447
f 474 2390 2391
f 438 2354 2357
f 495 2413 2417
f 532 2450 2453
f 552 2467 2469
f 490 2408 2411
f 577 2495 2498
f 559 2479 2483
f 517 2437 2441
f 430 2350 2352
f 590 2511 2509
f 584 2505 2503
f 585 2507 2506
f 592 2513 2512
f 595 2516 2515
f 598 2519 2518
f 636 2556 2555
f 621 2540 2541
f 642 2561 2562
f 601 2521 2522
f 623 2544 2542
f 611 2529 2528
f 609 2530 2531
f 625 2546 2545
f 628 2549 2548
f 632 2553 2551
f 613 2534 2533
f 616 2536 2537
f 638 2557 2559
f 606 2525 2526
f 1607 644 647
f 1603 643 644
f 1604 645 643
f 1610 646 645
f 1613 647 646
f 1622 652 649
f 1686 670 672
f 1773 699 702
f 1761 695 696
f 1712 681 679
f 1652 659 662
f 1648 658 659
f 1649 660 658
f 1655 661 660
f 1658 662 661
f 1670 665 666
f 1637 657 654
f 1694 677 673
f 1731 686 685
f 1739 688 692
f 1768 698 701
f 1678 668 669
f 1619 648 650
f 1709 678 682
f 1754 693 697
f 1682 669 671
f 1776 701 700
f 1758 697 694
f 1716 682 680
f 1625 650 651
f 1742 689 690
f 1663 664 663
f 1634 653 655
f 1697 674 676
f 1728 684 687
f 1746 690 691
f 1664 663 667
f 1640 655 656
f 1700 676 675
f 1724 687 683
f 1679 672 668
f 1618 649 648
f 1708 679 678
f 1753 696 693
f 1769 702 698
f 1738 691 688
f 1671 667 665
f 1643 656 657
f 1701 675 677
f 1723 683 686
f 1667 666 664
f 1633 654 653
f 1693 673 674
f 1727 685 684
f 1743 692 689
f 1685 671 670
f 1772 700 699
f 1757 694 695
f 1715 680 681
f 1628 651 652
f 2187 838 837
f 1881 736 735
f 1899 741 742
f 2277 867 868
f 2313 879 880
f 2169 831 832
f 2156 828 827
f 2010 780 778
f 2208 846 844
f 1917 747 749
f 2133 820 819
f 1971 767 765
f 1989 771 773
f 2223 849 850
f 2300 875 876
f 2174 834 833
f 2151 825 826
f 2007 777 779
f 2205 843 845
f 1920 750 748
f 1855 727 729
f 1801 709 711
f 1784 703 706
f 1820 715 718
f 1838 721 724
f 1874 733 737
f 2180 835 839
f 2310 878 882
f 2274 866 870
f 1896 740 744
f 2089 805 807
f 2035 787 789
f 1950 758 762
f 2054 793 797
f 2072 799 802
f 2126 817 821
f 1964 763 766
f 1986 770 774
f 2220 848 852
f 2291 872 874
f 2183 836 838
f 1877 734 736
f 1891 739 741
f 2269 865 867
f 2305 877 879
f 2161 829 831
f 2148 824 828
f 2004 776 780
f 2202 842 846
f 1909 745 747
f 2129 818 820
f 1967 764 767
f 1981 769 771
f 2215 847 849
f 2288 871 875
f 2166 830 834
f 2143 823 825
f 1999 775 777
f 2197 841 843
f 1914 746 750
f 1806 710 714
f 1787 704 707
f 1823 716 719
f 1841 722 725
f 1860 728 732
f 1931 752 755
f 2108 811 814
f 2018 781 784
f 2234 853 857
f 2255 860 862
f 2040 788 792
f 1945 757 759
f 2057 794 796
f 2075 800 803
f 2094 806 810
f 2111 812 815
f 2021 782 785
f 2237 854 856
f 2252 859 863
f 1928 751 754
f 1812 714 712
f 1791 707 705
f 1827 719 717
f 1845 725 723
f 1866 732 730
f 1935 755 753
f 2118 814 816
f 2028 784 786
f 2246 857 858
f 2259 862 861
f 2048 792 791
f 1953 759 761
f 2061 796 795
f 2079 803 801
f 2100 810 808
f 2115 815 813
f 2025 785 783
f 2241 856 855
f 2264 863 864
f 1938 754 756
f 1802 712 709
f 1783 705 703
f 1819 717 715
f 1837 723 721
f 1856 730 727
f 1927 753 751
f 2112 816 812
f 2022 786 782
f 2238 858 854
f 2251 861 859
f 2036 791 787
f 1949 761 758
f 2053 795 793
f 2071 801 799
f 2090 808 805
f 2107 813 811
f 2017 783 781
f 2233 855 853
f 2256 864 860
f 1932 756 752
f 1859 731 728
f 1805 713 710
f 1788 708 704
f 1824 720 716
f 1842 726 722
f 1878 738 734
f 2184 840 836
f 2306 881 877
f 2270 869 865
f 1892 743 739
f 2093 809 806
f 2039 790 788
f 1946 760 757
f 2058 798 794
f 2076 804 800
f 2130 822 818
f 1968 768 764
f 1982 772 769
f 2216 851 847
f 2287 873 871
f 2179 837 835
f 1873 735 733
f 1895 742 740
f 2273 868 866
f 2309 880 878
f 2165 832 830
f 2144 827 823
f 2000 778 775
f 2198 844 841
f 1913 749 746
f 2125 819 817
f 1963 765 763
f 1985 773 770
f 2219 850 848
f 2292 876 872
f 2162 833 829
f 2147 826 824
f 2003 779 776
f 2201 845 842
f 1910 748 745
f 1863 729 731
f 1809 711 713
f 1794 706 708
f 1830 718 720
f 1848 724 726
f 1886 737 738
f 2192 839 840
f 2318 882 881
f 2282 870 869
f 1904 744 743
f 2097 807 809
f 2043 789 790
f 1956 762 760
f 2066 797 798
f 2082 802 804
f 2138 821 822
f 1974 766 768
f 1992 774 772
f 2228 852 851
f 2295 874 873
f 2331 1270 1269
f 2327 1246 1245
f 2328 1251 1252
f 2334 1287 1288
f 2337 1305 1306
f 2346 1335 1336
f 2412 1552 1551
f 2499 1474 1473
f 2487 1600 1599
f 2436 1353 1354
f 2376 1480 1479
f 2372 1402 1401
f 2373 1407 1408
f 2379 1491 1492
f 2382 1503 1504
f 2396 1534 1533
f 2361 1413 1414
f 2418 1443 1444
f 2457 1593 1594
f 2463 1384 1383
f 2492 1324 1323
f 2402 1276 1275
f 2343 1264 1263
f 2433 1300 1299
f 2478 1318 1317
f 2406 1342 1341
f 2502 1563 1564
f 2484 1461 1462
f 2442 1587 1588
f 2349 1348 1347
f 2468 1522 1521
f 2387 1419 1420
f 2358 1396 1395
f 2421 1498 1497
f 2454 1516 1515
f 2472 1558 1557
f 2388 1426 1425
f 2364 1432 1431
f 2426 1569 1570
f 2448 1371 1372
f 2403 1281 1282
f 2342 1257 1258
f 2432 1293 1294
f 2477 1311 1312
f 2493 1329 1330
f 2462 1377 1378
f 2397 1539 1540
f 2367 1450 1449
f 2427 1576 1575
f 2447 1366 1365
f 2391 1485 1486
f 2357 1389 1390
f 2417 1438 1437
f 2453 1509 1510
f 2469 1527 1528
f 2411 1545 1546
f 2498 1467 1468
f 2483 1456 1455
f 2441 1582 1581
f 2352 1360 1359
f 2509 1271 1272
f 2503 1247 1248
f 2506 1254 1253
f 2512 1290 1289
f 2515 1308 1307
f 2518 1338 1337
f 2555 1553 1554
f 2541 1475 1476
f 2562 1601 1602
f 2522 1356 1355
f 2542 1481 1482
f 2528 1403 1404
f 2531 1410 1409
f 2545 1494 1493
f 2548 1506 1505
f 2551 1535 1536
f 2533 1416 1415
f 2537 1446 1445
f 2559 1596 1595
f 2526 1385 1386
f 1616 907 909
f 1608 889 891
f 1606 883 886
f 1612 895 898
f 1615 901 904
f 1624 919 922
f 1692 1057 1060
f 1782 1237 1240
f 1765 1201 1204
f 1714 1099 1102
f 1661 997 999
f 1653 979 981
f 1651 973 976
f 1657 985 988
f 1660 991 994
f 1675 1021 1024
f 1639 949 952
f 1696 1063 1066
f 1733 1135 1138
f 1751 1177 1179
f 1779 1231 1233
f 1683 1039 1041
f 1626 925 927
f 1721 1117 1119
f 1766 1207 1209
f 1689 1051 1053
f 1778 1225 1228
f 1760 1189 1192
f 1718 1105 1108
f 1629 931 933
f 1747 1165 1167
f 1665 1003 1005
f 1641 955 957
f 1704 1081 1083
f 1737 1147 1150
f 1750 1171 1174
f 1676 1027 1029
f 1644 961 963
f 1702 1075 1077
f 1726 1123 1126
f 1681 1033 1036
f 1620 913 915
f 1710 1093 1095
f 1755 1183 1185
f 1771 1213 1216
f 1740 1153 1155
f 1673 1015 1018
f 1647 967 970
f 1707 1087 1090
f 1734 1141 1143
f 1669 1009 1012
f 1635 943 945
f 1698 1069 1071
f 1729 1129 1131
f 1745 1159 1162
f 1687 1045 1047
f 1774 1219 1221
f 1762 1195 1197
f 1720 1111 1114
f 1632 937 940
f 2189 1280 1284
f 1883 1256 1260
f 1903 1292 1296
f 2281 1310 1314
f 2317 1328 1332
f 2173 1376 1380
f 2158 1538 1542
f 2012 1447 1451
f 2210 1573 1577
f 1924 1363 1367
f 2135 1484 1488
f 1973 1388 1392
f 1996 1435 1439
f 2227 1508 1512
f 2304 1526 1530
f 2176 1544 1548
f 2155 1466 1470
f 2014 1453 1457
f 2212 1579 1583
f 1922 1357 1361
f 1864 1268 1270
f 1810 1244 1246
f 1795 1249 1251
f 1831 1285 1287
f 1849 1303 1305
f 1887 1333 1335
f 2193 1550 1552
f 2321 1472 1474
f 2285 1598 1600
f 1907 1351 1353
f 2098 1478 1480
f 2044 1400 1402
f 1961 1405 1407
f 2067 1489 1491
f 2083 1501 1503
f 2139 1532 1534
f 1975 1411 1413
f 1997 1441 1443
f 2231 1591 1593
f 2298 1382 1384
f 2190 1322 1324
f 1884 1274 1276
f 1900 1262 1264
f 2278 1298 1300
f 2314 1316 1318
f 2170 1340 1342
f 2159 1561 1563
f 2015 1459 1461
f 2213 1585 1587
f 1918 1346 1348
f 2136 1520 1522
f 1977 1417 1419
f 1990 1394 1396
f 2224 1496 1498
f 2301 1514 1516
f 2177 1556 1558
f 2152 1424 1426
f 2008 1430 1432
f 2206 1567 1569
f 1925 1369 1371
f 1817 1279 1281
f 1797 1255 1257
f 1833 1291 1293
f 1851 1309 1311
f 1871 1327 1329
f 1941 1375 1377
f 2119 1537 1539
f 2029 1448 1450
f 2247 1574 1576
f 2262 1364 1366
f 2051 1483 1485
f 1954 1387 1389
f 2064 1436 1438
f 2085 1507 1509
f 2105 1525 1527
f 2121 1543 1545
f 2031 1465 1467
f 2244 1454 1456
f 2265 1580 1582
f 1939 1358 1360
f 1814 1267 1271
f 1793 1243 1247
f 1829 1250 1254
f 1847 1286 1290
f 1868 1304 1308
f 1937 1334 1338
f 2124 1549 1553
f 2034 1471 1475
f 2250 1597 1601
f 2261 1352 1356
f 2050 1477 1481
f 1960 1399 1403
f 2063 1406 1410
f 2081 1490 1494
f 2102 1502 1506
f 2117 1531 1535
f 2027 1412 1416
f 2243 1442 1446
f 2268 1592 1596
f 1944 1381 1385
f 1804 890 894
f 1785 884 887
f 1821 896 899
f 1839 902 905
f 1858 908 912
f 1929 938 941
f 2114 1046 1050
f 2024 1220 1224
f 2240 1196 1200
f 2253 1112 1115
f 2038 980 984
f 1951 974 977
f 2055 986 989
f 2073 992 995
f 2092 998 1002
f 2109 1016 1019
f 2019 968 971
f 2235 1088 1091
f 2258 1142 1146
f 1934 1154 1158
f 1861 1214 1217
f 1807 1034 1037
f 1790 914 918
f 1826 1094 1098
f 1844 1184 1188
f 1880 1040 1044
f 2186 1232 1236
f 2308 1208 1212
f 2272 1118 1122
f 1894 926 930
f 2095 1160 1163
f 2041 1010 1013
f 1948 944 948
f 2060 1070 1074
f 2078 1130 1134
f 2132 1166 1170
f 1970 1004 1008
f 1984 956 960
f 2218 1082 1086
f 2289 1148 1151
f 2181 1058 1061
f 1875 920 923
f 1897 1100 1103
f 2275 1202 1205
f 2311 1238 1241
f 2167 1172 1175
f 2146 1028 1032
f 2002 962 966
f 2200 1076 1080
f 1915 1124 1127
f 2127 1022 1025
f 1965 950 953
f 1987 1064 1067
f 2221 1136 1139
f 2294 1178 1182
f 2164 1052 1056
f 2149 1226 1229
f 2005 1190 1193
f 2203 1106 1109
f 1912 932 936
f 1870 1321 1325
f 1816 1273 1277
f 1800 1261 1265
f 1836 1297 1301
f 1854 1315 1319
f 1890 1339 1343
f 2196 1562 1566
f 2320 1460 1464
f 2284 1586 1590
f 1906 1345 1349
f 2104 1519 1523
f 2047 1418 1422
f 1958 1393 1397
f 2070 1495 1499
f 2088 1513 1517
f 2142 1555 1559
f 1980 1423 1427
f 1994 1429 1433
f 2230 1568 1572
f 2297 1370 1374
f 2329 894 892
f 2323 887 885
f 2326 899 897
f 2333 905 903
f 2336 912 910
f 2345 941 939
f 2409 1050 1048
f 2496 1224 1222
f 2485 1200 1198
f 2435 1115 1113
f 2374 984 982
f 2368 977 975
f 2371 989 987
f 2378 995 993
f 2381 1002 1000
f 2392 1019 1017
f 2360 971 969
f 2416 1091 1089
f 2456 1146 1144
f 2460 1158 1156
f 2488 1217 1215
f 2398 1037 1035
f 2340 918 916
f 2430 1098 1096
f 2475 1188 1186
f 2404 1044 1042
f 2501 1236 1234
f 2482 1212 1210
f 2440 1122 1120
f 2347 930 928
f 2464 1163 1161
f 2384 1013 1011
f 2355 948 946
f 2419 1074 1072
f 2451 1134 1132
f 2470 1170 1168
f 2385 1008 1006
f 2362 960 958
f 2423 1086 1084
f 2446 1151 1149
f 2401 1061 1059
f 2339 923 921
f 2429 1103 1101
f 2474 1205 1203
f 2491 1241 1239
f 2459 1175 1173
f 2395 1032 1030
f 2365 966 964
f 2424 1080 1078
f 2443 1127 1125
f 2390 1025 1023
f 2354 953 951
f 2413 1067 1065
f 2450 1139 1137
f 2467 1182 1180
f 2408 1056 1054
f 2495 1229 1227
f 2479 1193 1191
f 2437 1109 1107
f 2350 936 934
f 2511 1325 1326
f 2505 1277 1278
f 2507 1265 1266
f 2513 1301 1302
f 2516 1319 1320
f 2519 1343 1344
f 2556 1566 1565
f 2540 1464 1463
f 2561 1590 1589
f 2521 1349 1350
f 2544 1523 1524
f 2529 1422 1421
f 2530 1397 1398
f 2546 1499 1500
f 2549 1517 1518
f 2553 1559 1560
f 2534 1427 1428
f 2536 1433 1434
f 2557 1572 1571
f 2525 1374 1373
f 1609 892 889
f 1605 885 883
f 1611 897 895
f 1614 903 901
f 1617 910 907
f 1631 939 937
f 1688 1048 1045
f 1775 1222 1219
f 1763 1198 1195
f 1719 1113 1111
f 1654 982 979
f 1650 975 973
f 1656 987 985
f 1659 993 991
f 1662 1000 997
f 1672 1017 1015
f 1646 969 967
f 1706 1089 1087
f 1735 1144 1141
f 1741 1156 1153
f 1770 1215 1213
f 1680 1035 1033
f 1621 916 913
f 1711 1096 1093
f 1756 1186 1183
f 1684 1042 1039
f 1780 1234 1231
f 1767 1210 1207
f 1722 1120 1117
f 1627 928 925
f 1744 1161 1159
f 1668 1011 1009
f 1636 946 943
f 1699 1072 1069
f 1730 1132 1129
f 1748 1168 1165
f 1666 1006 1003
f 1642 958 955
f 1705 1084 1081
f 1736 1149 1147
f 1691 1059 1057
f 1623 921 919
f 1713 1101 1099
f 1764 1203 1201
f 1781 1239 1237
f 1749 1173 1171
f 1677 1030 1027
f 1645 964 961
f 1703 1078 1075
f 1725 1125 1123
f 1674 1023 1021
f 1638 951 949
f 1695 1065 1063
f 1732 1137 1135
f 1752 1180 1177
f 1690 1054 1051
f 1777 1227 1225
f 1759 1191 1189
f 1717 1107 1105
f 1630 934 931
f 2191 1326 1322
f 1885 1278 1274
f 1901 1266 1262
f 2279 1302 1298
f 2315 1320 1316
f 2171 1344 1340
f 2160 1565 1561
f 2016 1463 1459
f 2214 1589 1585
f 1919 1350 1346
f 2137 1524 1520
f 1978 1421 1417
f 1991 1398 1394
f 2225 1500 1496
f 2302 1518 1514
f 2178 1560 1556
f 2153 1428 1424
f 2009 1434 1430
f 2207 1571 1567
f 1926 1373 1369
f 1857 911 908
f 1803 893 890
f 1786 888 884
f 1822 900 896
f 1840 906 902
f 1876 924 920
f 2182 1062 1058
f 2312 1242 1238
f 2276 1206 1202
f 1898 1104 1100
f 2091 1001 998
f 2037 983 980
f 1952 978 974
f 2056 990 986
f 2074 996 992
f 2128 1026 1022
f 1966 954 950
f 1988 1068 1064
f 2222 1140 1136
f 2293 1181 1178
f 2185 1235 1232
f 1879 1043 1040
f 1893 929 926
f 2271 1121 1118
f 2307 1211 1208
f 2163 1055 1052
f 2150 1230 1226
f 2006 1194 1190
f 2204 1110 1106
f 1911 935 932
f 2131 1169 1166
f 1969 1007 1004
f 1983 959 956
f 2217 1085 1082
f 2290 1152 1148
f 2168 1176 1172
f 2145 1031 1028
f 2001 965 962
f 2199 1079 1076
f 1916 1128 1124
f 1808 1038 1034
f 1789 917 914
f 1825 1097 1094
f 1843 1187 1184
f 1862 1218 1214
f 1933 1157 1154
f 2110 1020 1016
f 2020 972 968
f 2236 1092 1088
f 2257 1145 1142
f 2042 1014 1010
f 1947 947 944
f 2059 1073 1070
f 2077 1133 1130
f 2096 1164 1160
f 2113 1049 1046
f 2023 1223 1220
f 2239 1199 1196
f 2254 1116 1112
f 1930 942 938
f 1818 1283 1279
f 1798 1259 1255
f 1834 1295 1291
f 1852 1313 1309
f 1872 1331 1327
f 1942 1379 1375
f 2120 1541 1537
f 2030 1452 1448
f 2248 1578 1574
f 2263 1368 1364
f 2052 1487 1483
f 1955 1391 1387
f 2065 1440 1436
f 2086 1511 1507
f 2106 1529 1525
f 2122 1547 1543
f 2032 1469 1465
f 2245 1458 1454
f 2266 1584 1580
f 1940 1362 1358
f 1813 1269 1267
f 1792 1245 1243
f 1828 1252 1250
f 1846 1288 1286
f 1867 1306 1304
f 1936 1336 1334
f 2123 1551 1549
f 2033 1473 1471
f 2249 1599 1597
f 2260 1354 1352
f 2049 1479 1477
f 1959 1401 1399
f 2062 1408 1406
f 2080 1492 1490
f 2101 1504 1502
f 2116 1533 1531
f 2026 1414 1412
f 2242 1444 1442
f 2267 1594 1592
f 1943 1383 1381
f 1869 1323 1321
f 1815 1275 1273
f 1799 1263 1261
f 1835 1299 1297
f 1853 1317 1315
f 1889 1341 1339
f 2195 1564 1562
f 2319 1462 1460
f 2283 1588 1586
f 1905 1347 1345
f 2103 1521 1519
f 2046 1420 1418
f 1957 1395 1393
f 2069 1497 1495
f 2087 1515 1513
f 2141 1557 1555
f 1979 1425 1423
f 1993 1431 1429
f 2229 1570 1568
f 2296 1372 1370
f 2188 1282 1280
f 1882 1258 1256
f 1902 1294 1292
f 2280 1312 1310
f 2316 1330 1328
f 2172 1378 1376
f 2157 1540 1538
f 2011 1449 1447
f 2209 1575 1573
f 1923 1365 1363
f 2134 1486 1484
f 1972 1390 1388
f 1995 1437 1435
f 2226 1510 1508
f 2303 1528 1526
f 2175 1546 1544
f 2154 1468 1466
f 2013 1455 1453
f 2211 1581 1579
f 1921 1359 1357
f 1865 1272 1268
f 1811 1248 1244
f 1796 1253 1249
f 1832 1289 1285
f 1850 1307 1303
f 1888 1337 1333
f 2194 1554 1550
f 2322 1476 1472
f 2286 1602 1598
f 1908 1355 1351
f 2099 1482 1478
f 2045 1404 1400
f 1962 1409 1405
f 2068 1493 1489
f 2084 1505 1501
f 2140 1536 1532
f 1976 1415 1411
f 1998 1445 1441
f 2232 1595 1591
f 2299 1386 1382
f 2330 909 911
f 2324 891 893
f 2325 886 888
f 2332 898 900
f 2335 904 906
f 2344 922 924
f 2410 1060 1062
f 2497 1240 1242
f 2486 1204 1206
f 2434 1102 1104
f 2375 999 1001
f 2369 981 983
f 2370 976 978
f 2377 988 990
f 2380 994 996
f 2393 1024 1026
f 2359 952 954
f 2415 1066 1068
f 2455 1138 1140
f 2461 1179 1181
f 2489 1233 1235
f 2399 1041 1043
f 2341 927 929
f 2431 1119 1121
f 2476 1209 1211
f 2405 1053 1055
f 2500 1228 1230
f 2481 1192 1194
f 2439 1108 1110
f 2348 933 935
f 2465 1167 1169
f 2383 1005 1007
f 2356 957 959
f 2420 1083 1085
f 2452 1150 1152
f 2471 1174 1176
f 2386 1029 1031
f 2363 963 965
f 2422 1077 1079
f 2445 1126 1128
f 2400 1036 1038
f 2338 915 917
f 2428 1095 1097
f 2473 1185 1187
f 2490 1216 1218
f 2458 1155 1157
f 2394 1018 1020
f 2366 970 972
f 2425 1090 1092
f 2444 1143 1145
f 2389 1012 1014
f 2353 945 947
f 2414 1071 1073
f 2449 1131 1133
f 2466 1162 1164
f 2407 1047 1049
f 2494 1221 1223
f 2480 1197 1199
f 2438 1114 1116
f 2351 940 942
f 2510 1284 1283
f 2504 1260 1259
f 2508 1296 1295
f 2514 1314 1313
f 2517 1332 1331
f 2520 1380 1379
f 2554 1542 1541
f 2539 1451 1452
f 2560 1577 1578
f 2523 1367 1368
f 2543 1488 1487
f 2527 1392 1391
f 2532 1439 1440
f 2547 1512 1511
f 2550 1530 1529
f 2552 1548 1547
f 2535 1470 1469
f 2538 1457 1458
f 2558 1583 1584
f 2524 1361 1362
f 1607 1616 1609
f 1603 1608 1605
f 1604 1606 1611
f 1610 1612 1614
f 1613 1615 1617
f 1622 1624 1631
f 1686 1692 1688
f 1773 1782 1775
f 1761 1765 1763
f 1712 1714 1719
f 1652 1661 1654
f 1648 1653 1650
f 1649 1651 1656
f 1655 1657 1659
f 1658 1660 1662
f 1670 1675 1672
f 1637 1639 1646
f 1694 1696 1706
f 1731 1733 1735
f 1739 1751 1741
f 1768 1779 1770
f 1678 1683 1680
f 1619 1626 1621
f 1709 1721 1711
f 1754 1766 1756
f 1682 1689 1684
f 1776 1778 1780
f 1758 1760 1767
f 1716 1718 1722
f 1625 1629 1627
f 1742 1747 1744
f 1663 1665 1668
f 1634 1641 1636
f 1697 1704 1699
f 1728 1737 1730
f 1746 1750 1748
f 1664 1676 1666
f 1640 1644 1642
f 1700 1702 1705
f 1724 1726 1736
f 1679 1681 1691
f 1618 1620 1623
f 1708 1710 1713
f 1753 1755 1764
f 1769 1771 1781
f 1738 1740 1749
f 1671 1673 1677
f 1643 1647 1645
f 1701 1707 1703
f 1723 1734 1725
f 1667 1669 1674
f 1633 1635 1638
f 1693 1698 1695
f 1727 1729 1732
f 1743 1745 1752
f 1685 1687 1690
f 1772 1774 1777
f 1757 1762 1759
f 1715 1720 1717
f 1628 1632 1630
f 2187 2189 2191
f 1881 1883 1885
f 1899 1903 1901
f 2277 2281 2279
f 2313 2317 2315
f 2169 2173 2171
f 2156 2158 2160
f 2010 2012 2016
f 2208 2210 2214
f 1917 1924 1919
f 2133 2135 2137
f 1971 1973 1978
f 1989 1996 1991
f 2223 2227 2225
f 2300 2304 2302
f 2174 2176 2178
f 2151 2155 2153
f 2007 2014 2009
f 2205 2212 2207
f 1920 1922 1926
f 1855 1864 1857
f 1801 1810 1803
f 1784 1795 1786
f 1820 1831 1822
f 1838 1849 1840
f 1874 1887 1876
f 2180 2193 2182
f 2310 2321 2312
f 2274 2285 2276
f 1896 1907 1898
f 2089 2098 2091
f 2035 2044 2037
f 1950 1961 1952
f 2054 2067 2056
f 2072 2083 2074
f 2126 2139 2128
f 1964 1975 1966
f 1986 1997 1988
f 2220 2231 2222
f 2291 2298 2293
f 2183 2190 2185
f 1877 1884 1879
f 1891 1900 1893
f 2269 2278 2271
f 2305 2314 2307
f 2161 2170 2163
f 2148 2159 2150
f 2004 2015 2006
f 2202 2213 2204
f 1909 1918 1911
f 2129 2136 2131
f 1967 1977 1969
f 1981 1990 1983
f 2215 2224 2217
f 2288 2301 2290
f 2166 2177 2168
f 2143 2152 2145
f 1999 2008 2001
f 2197 2206 2199
f 1914 1925 1916
f 1806 1817 1808
f 1787 1797 1789
f 1823 1833 1825
f 1841 1851 1843
f 1860 1871 1862
f 1931 1941 1933
f 2108 2119 2110
f 2018 2029 2020
f 2234 2247 2236
f 2255 2262 2257
f 2040 2051 2042
f 1945 1954 1947
f 2057 2064 2059
f 2075 2085 2077
f 2094 2105 2096
f 2111 2121 2113
f 2021 2031 2023
f 2237 2244 2239
f 2252 2265 2254
f 1928 1939 1930
f 1812 1814 1818
f 1791 1793 1798
f 1827 1829 1834
f 1845 1847 1852
f 1866 1868 1872
f 1935 1937 1942
f 2118 2124 2120
f 2028 2034 2030
f 2246 2250 2248
f 2259 2261 2263
f 2048 2050 2052
f 1953 1960 1955
f 2061 2063 2065
f 2079 2081 2086
f 2100 2102 2106
f 2115 2117 2122
f 2025 2027 2032
f 2241 2243 2245
f 2264 2268 2266
f 1938 1944 1940
f 1802 1804 1813
f 1783 1785 1792
f 1819 1821 1828
f 1837 1839 1846
f 1856 1858 1867
f 1927 1929 1936
f 2112 2114 2123
f 2022 2024 2033
f 2238 2240 2249
f 2251 2253 2260
f 2036 2038 2049
f 1949 1951 1959
f 2053 2055 2062
f 2071 2073 2080
f 2090 2092 2101
f 2107 2109 2116
f 2017 2019 2026
f 2233 2235 2242
f 2256 2258 2267
f 1932 1934 1943
f 1859 1861 1869
f 1805 1807 1815
f 1788 1790 1799
f 1824 1826 1835
f 1842 1844 1853
f 1878 1880 1889
f 2184 2186 2195
f 2306 2308 2319
f 2270 2272 2283
f 1892 1894 1905
f 2093 2095 2103
f 2039 2041 2046
f 1946 1948 1957
f 2058 2060 2069
f 2076 2078 2087
f 2130 2132 2141
f 1968 1970 1979
f 1982 1984 1993
f 2216 2218 2229
f 2287 2289 2296
f 2179 2181 2188
f 1873 1875 1882
f 1895 1897 1902
f 2273 2275 2280
f 2309 2311 2316
f 2165 2167 2172
f 2144 2146 2157
f 2000 2002 2011
f 2198 2200 2209
f 1913 1915 1923
f 2125 2127 2134
f 1963 1965 1972
f 1985 1987 1995
f 2219 2221 2226
f 2292 2294 2303
f 2162 2164 2175
f 2147 2149 2154
f 2003 2005 2013
f 2201 2203 2211
f 1910 1912 1921
f 1863 1870 1865
f 1809 1816 1811
f 1794 1800 1796
f 1830 1836 1832
f 1848 1854 1850
f 1886 1890 1888
f 2192 2196 2194
f 2318 2320 2322
f 2282 2284 2286
f 1904 1906 1908
f 2097 2104 2099
f 2043 2047 2045
f 1956 1958 1962
f 2066 2070 2068
f 2082 2088 2084
f 2138 2142 2140
f 1974 1980 1976
f 1992 1994 1998
f 2228 2230 2232
f 2295 2297 2299
f 2331 2329 2330
f 2327 2323 2324
f 2328 2326 2325
f 2334 2333 2332
f 2337 2336 2335
f 2346 2345 2344
f 2412 2409 2410
f 2499 2496 2497
f 2487 2485 2486
f 2436 2435 2434
f 2376 2374 2375
f 2372 2368 2369
f 2373 2371 2370
f 2379 2378 2377
f 2382 2381 2380
f 2396 2392 2393
f 2361 2360 2359
f 2418 2416 2415
f 2457 2456 2455
f 2463 2460 2461
f 2492 2488 2489
f 2402 2398 2399
f 2343 2340 2341
f 2433 2430 2431
f 2478 2475 2476
f 2406 2404 2405
f 2502 2501 2500
f 2484 2482 2481
f 2442 2440 2439
f 2349 2347 2348
f 2468 2464 2465
f 2387 2384 2383
f 2358 2355 2356
f 2421 2419 2420
f 2454 2451 2452
f 2472 2470 2471
f 2388 2385 2386
f 2364 2362 2363
f 2426 2423 2422
f 2448 2446 2445
f 2403 2401 2400
f 2342 2339 2338
f 2432 2429 2428
f 2477 2474 2473
f 2493 2491 2490
f 2462 2459 2458
f 2397 2395 2394
f 2367 2365 2366
f 2427 2424 2425
f 2447 2443 2444
f 2391 2390 2389
f 2357 2354 2353
f 2417 2413 2414
f 2453 2450 2449
f 2469 2467 2466
f 2411 2408 2407
f 2498 2495 2494
f 2483 2479 2480
f 2441 2437 2438
f 2352 2350 2351
f 2509 2511 2510
f 2503 2505 2504
f 2506 2507 2508
f 2512 2513 2514
f 2515 2516 2517
f 2518 2519 2520
f 2555 2556 2554
f 2541 2540 2539
f 2562 2561 2560
f 2522 2521 2523
f 2542 2544 2543
f 2528 2529 2527
f 2531 2530 2532
f 2545 2546 2547
f 2548 2549 2550
f 2551 2553 2552
f 2533 2534 2535
f 2537 2536 2538
f 2559 2557 2558
f 2526 2525 2524
